order_id,customer_id,category,payment_method,order_value,item_count,discount_pct,delivery_time_days,customer_prior_orders,customer_prior_returns,customer_return_rate,returned
100001,28900,Electronics,UPI,463.66,2,28.5,1.0,5,1,0.2,1
100002,28317,Books,Credit Card,1480.98,3,60.0,5.0,5,1,0.2,1
100003,28623,Home,COD,1505.61,7,8.6,4.0,8,0,0.0,0
100004,22476,Home,UPI,1834.16,4,20.7,6.0,4,0,0.0,0
100005,20667,Fashion,Credit Card,993.94,1,0.6,7.0,1,0,0.0,0
100006,27484,Fashion,Wallet,610.17,3,4.0,3.0,2,0,0.0,0
100007,24909,Fashion,UPI,1241.36,5,5.6,6.0,4,1,0.25,0
100008,23879,Beauty,Credit Card,540.34,1,44.5,3.0,2,0,0.0,1
100009,20722,Home,UPI,894.69,4,0.0,5.0,3,0,0.0,0
100010,25886,Home,Credit Card,790.16,4,4.4,2.0,3,0,0.0,1
100011,21425,Fashion,COD,2217.2,4,32.0,5.0,8,0,0.0,0
100012,21134,Books,COD,973.1,3,4.4,5.0,0,0,0.0,1
100013,20223,Beauty,Wallet,1097.77,4,3.1,3.0,11,0,0.0,0
100014,27888,Fashion,UPI,336.41,1,15.7,2.0,1,1,1.0,1
100015,25172,Fashion,Debit Card,1633.16,4,16.4,7.0,3,2,0.667,1
100016,28632,Fashion,COD,421.37,2,7.7,4.0,6,0,0.0,0
100017,26369,Electronics,Credit Card,1752.54,6,35.2,7.0,7,0,0.0,0
100018,25153,Electronics,UPI,1028.56,2,2.7,4.0,2,0,0.0,0
100019,21982,Electronics,UPI,1124.9,7,29.4,8.0,1,0,0.0,0
100020,26748,Fashion,Credit Card,1473.37,5,16.9,3.0,5,0,0.0,0
100021,22863,Home,Debit Card,1054.38,3,5.5,8.0,5,0,0.0,0
100022,27192,Fashion,COD,921.21,3,19.7,5.0,8,2,0.25,1
100023,23950,Fashion,COD,548.82,1,1.7,6.0,2,0,0.0,1
100024,27505,Electronics,Credit Card,1130.28,4,1.7,3.0,5,1,0.2,0
100025,21861,Electronics,Credit Card,832.57,2,31.9,7.0,5,2,0.4,1
100026,27332,Beauty,Credit Card,977.94,3,1.2,7.0,5,1,0.2,0
100027,24982,Fashion,COD,486.38,3,0.0,4.0,4,1,0.25,1
100028,20126,Electronics,Credit Card,702.92,2,5.9,1.0,2,0,0.0,0
100029,22759,Home,UPI,1105.75,3,1.3,3.0,6,1,0.167,0
100030,28931,Fashion,Credit Card,1154.61,4,23.9,3.0,3,1,0.333,1
100031,21415,Home,UPI,1364.88,2,30.7,6.0,4,1,0.25,0
100032,24505,Fashion,Debit Card,1935.13,6,7.9,4.0,1,0,0.0,0
100033,24893,Fashion,COD,456.84,2,6.7,4.0,2,0,0.0,0
100034,20627,Books,Credit Card,696.87,2,9.3,4.0,6,1,0.167,0
100035,28703,Books,UPI,903.56,4,3.1,,1,0,0.0,1
100036,26535,Beauty,Credit Card,1214.53,5,4.2,5.0,2,0,0.0,0
100037,23639,Electronics,UPI,1087.2,4,1.3,5.0,0,0,0.0,0
100038,20761,Fashion,COD,1757.47,5,7.1,4.0,5,0,0.0,0
100039,28433,Home,Credit Card,1049.12,3,11.4,5.0,6,1,0.167,0
100040,27697,Electronics,COD,1611.47,2,31.9,3.0,3,0,0.0,1
100041,27516,Fashion,UPI,1258.59,4,16.1,6.0,3,0,0.0,0
100042,28592,Electronics,Credit Card,739.79,5,15.4,2.0,5,1,0.2,0
100043,26725,Fashion,Debit Card,712.61,3,4.4,7.0,5,1,0.2,0
100044,24216,Books,Credit Card,782.33,1,26.3,3.0,6,2,0.333,0
100045,27061,Fashion,UPI,292.39,2,35.2,7.0,4,0,0.0,1
100046,23758,Home,COD,420.64,3,32.3,9.0,5,2,0.4,1
100047,21812,Electronics,Credit Card,1096.16,4,0.5,5.0,2,0,0.0,0
100048,26148,Electronics,UPI,963.48,1,11.1,8.0,5,1,0.2,0
100049,22974,Electronics,COD,1687.15,2,12.4,7.0,3,0,0.0,1
100050,23869,Fashion,Wallet,956.12,4,4.2,2.0,1,0,0.0,0
100051,20972,Books,UPI,2301.27,5,58.6,5.0,7,3,0.429,1
100052,27980,Beauty,Wallet,1137.41,4,4.1,6.0,5,1,0.2,0
100053,21504,Books,UPI,434.54,4,2.9,6.0,3,1,0.333,0
100054,20821,Beauty,Debit Card,938.67,3,7.9,5.0,3,0,0.0,0
100055,26519,Home,COD,751.3,4,4.7,5.0,4,0,0.0,1
100056,21326,Books,Debit Card,944.77,1,30.9,5.0,5,1,0.2,0
100057,22920,Fashion,Debit Card,1199.08,5,7.0,5.0,6,0,0.0,1
100058,26600,Fashion,Debit Card,505.93,4,6.3,2.0,5,0,0.0,0
100059,22351,Fashion,COD,442.89,4,11.8,4.0,2,0,0.0,1
100060,28510,Electronics,COD,931.43,3,1.0,2.0,3,1,0.333,0
100061,25007,Electronics,Debit Card,180.27,2,17.0,4.0,4,0,0.0,0
100062,27723,Fashion,Debit Card,564.35,2,17.6,4.0,3,0,0.0,0
100063,22010,Beauty,Debit Card,625.54,1,7.7,4.0,5,1,0.2,1
100064,28678,Electronics,UPI,577.63,4,37.4,3.0,4,0,0.0,0
100065,28561,Fashion,Credit Card,2421.81,6,10.4,6.0,2,0,0.0,0
100066,20500,Electronics,COD,1927.37,3,14.3,4.0,1,0,0.0,0
100067,23653,Fashion,Debit Card,418.45,2,31.0,4.0,4,0,0.0,0
100068,26322,Beauty,Debit Card,455.4,1,13.2,2.0,2,0,0.0,0
100069,22024,Fashion,Credit Card,1398.83,2,6.8,4.0,4,1,0.25,1
100070,22773,Books,Credit Card,1088.29,4,0.3,8.0,4,1,0.25,1
100071,23594,Beauty,Wallet,408.55,3,15.6,8.0,6,1,0.167,0
100072,24463,Fashion,Debit Card,706.68,2,40.2,6.0,3,0,0.0,0
100073,27811,Fashion,Credit Card,461.65,2,7.6,4.0,7,1,0.143,1
100074,21001,Beauty,Debit Card,2593.59,6,5.0,6.0,5,2,0.4,0
100075,21204,Home,Debit Card,783.33,1,8.8,4.0,2,1,0.5,0
100076,20075,Home,Credit Card,781.37,3,15.6,4.0,2,0,0.0,0
100077,28318,Beauty,Debit Card,838.71,2,0.0,3.0,1,0,0.0,0
100078,23292,Fashion,UPI,248.42,1,26.2,7.0,4,0,0.0,1
100079,27362,Electronics,UPI,692.9,4,26.1,7.0,5,0,0.0,0
100080,20918,Fashion,Debit Card,3092.35,5,9.4,5.0,7,0,0.0,0
100081,28684,Beauty,Debit Card,1257.43,5,1.6,9.0,0,0,0.0,0
100082,23537,Home,Wallet,1345.64,2,13.4,6.0,0,0,0.0,0
100083,20725,Electronics,Debit Card,1084.11,3,1.8,6.0,2,0,0.0,0
100084,27593,Fashion,Credit Card,2075.33,3,8.5,6.0,3,1,0.333,1
100085,24528,Electronics,Credit Card,232.12,2,1.2,2.0,1,0,0.0,0
100086,20361,Electronics,Debit Card,972.84,4,10.7,3.0,7,0,0.0,1
100087,21294,Home,COD,3266.87,5,4.6,5.0,5,0,0.0,1
100088,24857,Home,Credit Card,1674.07,3,21.3,5.0,6,0,0.0,0
100089,20958,Beauty,UPI,2412.38,4,19.3,6.0,5,2,0.4,0
100090,26760,Electronics,Credit Card,542.37,1,60.0,4.0,5,0,0.0,1
100091,20615,Fashion,Debit Card,394.55,1,3.6,5.0,4,2,0.5,0
100092,20554,Home,COD,588.07,4,0.8,5.0,6,1,0.167,0
100093,20467,Beauty,Debit Card,563.96,4,7.0,5.0,5,0,0.0,0
100094,22675,Home,UPI,883.8,1,1.0,5.0,2,1,0.5,0
100095,28174,Beauty,Credit Card,1481.89,4,2.4,2.0,5,0,0.0,0
100096,26753,Electronics,UPI,1046.5,4,10.9,1.0,4,0,0.0,0
100097,25355,Electronics,Credit Card,1477.43,4,10.8,3.0,6,0,0.0,0
100098,21727,Electronics,COD,1027.39,3,0.5,4.0,3,1,0.333,0
100099,28458,Fashion,Credit Card,1680.15,3,7.0,2.0,4,1,0.25,1
100100,26547,Fashion,COD,1364.01,2,9.1,5.0,10,3,0.3,1
100101,26176,Fashion,Debit Card,574.57,4,3.7,7.0,3,1,0.333,0
100102,23589,Home,UPI,1111.53,3,24.7,7.0,5,1,0.2,0
100103,26766,Electronics,Debit Card,282.95,2,2.1,6.0,7,4,0.571,0
100104,24719,Electronics,Wallet,1021.59,3,3.5,7.0,3,1,0.333,1
100105,28031,Books,Credit Card,1749.88,5,2.0,3.0,3,1,0.333,0
100106,26771,Fashion,Credit Card,350.14,2,1.5,,5,1,0.2,0
100107,26232,Electronics,Debit Card,734.68,3,25.3,6.0,6,1,0.167,1
100108,24816,Beauty,Credit Card,774.56,2,3.9,4.0,0,0,0.0,0
100109,28344,Fashion,Credit Card,1253.25,4,15.4,4.0,7,0,0.0,0
100110,21522,Fashion,Wallet,651.59,2,6.7,9.0,0,0,0.0,0
100111,24088,Fashion,Wallet,466.82,3,12.1,5.0,7,1,0.143,1
100112,26506,Fashion,Debit Card,745.59,2,31.6,9.0,9,1,0.111,1
100113,26542,Books,Wallet,350.01,3,22.3,1.0,4,0,0.0,0
100114,28014,Beauty,UPI,820.34,3,0.9,4.0,4,0,0.0,0
100115,23856,Home,Credit Card,835.74,4,22.4,6.0,6,2,0.333,0
100116,25925,Beauty,UPI,710.53,2,7.2,5.0,5,0,0.0,1
100117,27849,Beauty,UPI,674.33,3,5.2,1.0,3,0,0.0,0
100118,21138,Fashion,Wallet,311.68,2,13.4,4.0,4,0,0.0,0
100119,26420,Beauty,Credit Card,757.1,3,36.0,10.0,6,2,0.333,1
100120,26982,Electronics,UPI,1648.79,3,1.2,6.0,2,0,0.0,0
100121,20209,Beauty,Credit Card,2321.63,4,17.5,6.0,2,1,0.5,1
100122,21233,Beauty,Credit Card,4706.73,4,2.7,4.0,6,1,0.167,0
100123,27040,Electronics,Credit Card,2602.68,3,5.7,6.0,3,1,0.333,1
100124,27638,Fashion,Wallet,593.81,5,24.8,5.0,4,0,0.0,1
100125,24415,Fashion,COD,953.04,5,9.5,7.0,2,2,1.0,1
100126,23859,Electronics,COD,930.42,3,0.8,7.0,2,0,0.0,0
100127,27739,Beauty,UPI,896.03,3,8.5,6.0,4,1,0.25,1
100128,28574,Beauty,Debit Card,802.95,2,18.7,5.0,3,0,0.0,0
100129,26571,Fashion,Credit Card,2308.97,1,9.0,1.0,5,0,0.0,0
100130,28853,Electronics,Debit Card,696.9,6,2.2,1.0,4,2,0.5,0
100131,22089,Electronics,Debit Card,614.73,3,7.1,5.0,5,3,0.6,1
100132,23014,Fashion,COD,2064.97,2,31.0,7.0,2,0,0.0,1
100133,20434,Fashion,UPI,841.45,5,12.9,8.0,6,0,0.0,1
100134,21195,Electronics,Credit Card,1542.05,5,15.7,3.0,4,0,0.0,0
100135,22632,Books,Credit Card,2026.25,4,18.5,2.0,3,1,0.333,0
100136,25941,Electronics,Credit Card,1630.46,5,1.1,7.0,3,0,0.0,0
100137,20889,Electronics,Debit Card,864.05,2,10.5,3.0,3,2,0.667,0
100138,25562,Home,Wallet,2138.55,5,5.7,2.0,4,2,0.5,0
100139,25997,Electronics,UPI,450.67,2,1.8,4.0,6,1,0.167,0
100140,23243,Books,COD,808.62,4,2.7,4.0,6,1,0.167,0
100141,21006,Books,Debit Card,1300.74,3,18.2,8.0,1,0,0.0,0
100142,24366,Fashion,Debit Card,272.5,3,2.1,7.0,5,1,0.2,0
100143,21025,Electronics,Credit Card,1801.77,2,4.5,3.0,3,0,0.0,1
100144,24707,Electronics,COD,1131.55,3,4.0,8.0,2,0,0.0,0
100145,26935,Fashion,COD,1334.8,5,0.6,5.0,4,0,0.0,0
100146,21290,Fashion,Credit Card,289.53,2,7.4,7.0,4,4,1.0,1
100147,23776,Home,UPI,562.7,5,17.4,8.0,3,0,0.0,1
100148,22157,Electronics,Debit Card,742.6,3,0.3,4.0,6,1,0.167,0
100149,26907,Fashion,UPI,1250.17,2,1.4,6.0,3,0,0.0,1
100150,23463,Fashion,Wallet,221.54,2,15.3,4.0,3,0,0.0,0
100151,21814,Books,UPI,1747.89,4,10.8,7.0,3,0,0.0,0
100152,20369,Fashion,UPI,759.98,3,15.1,5.0,3,0,0.0,0
100153,27860,Fashion,Credit Card,476.25,1,3.1,7.0,5,0,0.0,1
100154,27229,Electronics,Credit Card,1268.14,4,19.5,8.0,1,0,0.0,0
100155,26962,Books,Credit Card,905.21,2,7.8,6.0,2,0,0.0,0
100156,23254,Fashion,Credit Card,355.15,1,11.3,5.0,5,0,0.0,0
100157,24324,Home,UPI,2096.24,7,1.2,5.0,2,0,0.0,0
100158,25741,Beauty,UPI,234.55,3,2.8,1.0,3,2,0.667,1
100159,27300,Fashion,Credit Card,929.33,5,17.8,3.0,9,0,0.0,0
100160,28055,Home,COD,1034.34,3,3.0,7.0,2,0,0.0,0
100161,20133,Electronics,Credit Card,885.52,4,1.2,7.0,5,1,0.2,1
100162,25974,Home,Debit Card,363.94,4,10.9,3.0,3,0,0.0,0
100163,24366,Home,Credit Card,1716.36,4,9.5,5.0,3,2,0.667,0
100164,22158,Electronics,Debit Card,364.14,2,11.2,5.0,8,0,0.0,0
100165,25436,Fashion,Credit Card,522.95,1,11.6,7.0,2,0,0.0,0
100166,22228,Beauty,Debit Card,1033.93,3,8.3,10.0,2,0,0.0,0
100167,25432,Electronics,Debit Card,779.36,2,8.2,7.0,9,2,0.222,1
100168,25698,Fashion,Wallet,1553.06,2,31.0,4.0,3,0,0.0,0
100169,20349,Fashion,Credit Card,1054.89,4,9.2,5.0,1,0,0.0,1
100170,22317,Home,Credit Card,703.79,1,11.5,8.0,5,2,0.4,1
100171,22580,Home,Credit Card,526.61,1,3.7,2.0,2,1,0.5,0
100172,20449,Fashion,UPI,1362.5,3,24.6,4.0,5,0,0.0,0
100173,25680,Electronics,Credit Card,1776.98,2,0.3,7.0,5,1,0.2,0
100174,23347,Fashion,COD,1448.68,6,9.8,8.0,7,0,0.0,1
100175,24987,Home,UPI,1741.07,4,5.8,6.0,3,0,0.0,0
100176,23217,Fashion,UPI,3194.15,6,11.1,4.0,3,0,0.0,0
100177,28552,Home,UPI,3011.49,6,5.4,6.0,8,0,0.0,0
100178,24659,Electronics,Credit Card,611.19,2,15.2,6.0,2,0,0.0,0
100179,27762,Books,Credit Card,1756.65,3,0.2,6.0,4,3,0.75,1
100180,26477,Fashion,Debit Card,894.12,2,6.2,5.0,7,2,0.286,0
100181,25794,Electronics,UPI,1505.55,2,21.4,5.0,4,0,0.0,0
100182,21937,Fashion,Credit Card,1326.75,3,3.5,3.0,0,0,0.0,0
100183,28355,Books,Credit Card,1436.72,5,0.7,10.0,2,1,0.5,1
100184,26549,Beauty,Wallet,999.2,2,8.2,5.0,7,0,0.0,0
100185,25483,Fashion,Credit Card,1679.24,7,45.0,6.0,2,1,0.5,1
100186,26723,Home,COD,649.76,1,0.8,5.0,4,2,0.5,0
100187,24407,Beauty,COD,495.07,1,0.9,7.0,3,0,0.0,0
100188,21311,Home,Debit Card,936.47,4,10.8,2.0,7,2,0.286,1
100189,25068,Electronics,Credit Card,2716.8,3,3.5,1.0,2,0,0.0,0
100190,24239,Fashion,Credit Card,1450.5,4,6.3,5.0,4,1,0.25,0
100191,22368,Fashion,UPI,863.28,5,21.3,10.0,3,0,0.0,0
100192,25465,Beauty,UPI,652.05,2,2.7,8.0,3,0,0.0,0
100193,21423,Books,COD,1777.67,3,15.2,3.0,2,0,0.0,1
100194,28178,Home,Wallet,495.15,2,8.4,6.0,5,0,0.0,0
100195,20042,Electronics,UPI,500.45,5,28.2,4.0,5,1,0.2,0
100196,20403,Electronics,Credit Card,330.8,2,43.3,6.0,4,1,0.25,1
100197,28978,Home,Credit Card,431.53,5,8.0,6.0,2,0,0.0,0
100198,28583,Beauty,COD,249.81,1,10.5,7.0,1,0,0.0,0
100199,22384,Beauty,Credit Card,268.13,1,16.4,2.0,1,0,0.0,0
100200,21234,Beauty,Credit Card,2165.59,3,4.6,2.0,2,0,0.0,0
100201,21517,Home,UPI,1184.42,5,3.1,5.0,4,0,0.0,0
100202,23760,Fashion,Debit Card,979.22,5,40.1,3.0,5,1,0.2,0
100203,22194,Fashion,Wallet,323.93,2,6.8,3.0,3,0,0.0,0
100204,23617,Beauty,UPI,999.52,4,0.0,6.0,2,0,0.0,0
100205,21146,Home,Credit Card,332.59,3,21.8,3.0,5,0,0.0,0
100206,26896,Fashion,Wallet,755.71,3,11.0,10.0,3,1,0.333,1
100207,20764,Fashion,Credit Card,3758.76,4,2.2,4.0,4,0,0.0,0
100208,26119,Home,Debit Card,1622.02,4,0.4,4.0,4,0,0.0,0
100209,25823,Fashion,Debit Card,960.32,4,4.1,6.0,7,2,0.286,1
100210,22646,Fashion,Credit Card,827.88,1,31.6,2.0,5,3,0.6,1
100211,28008,Electronics,Debit Card,398.25,1,32.5,6.0,3,2,0.667,1
100212,28685,Home,Credit Card,476.36,2,4.5,6.0,2,0,0.0,0
100213,26310,Home,Debit Card,2622.24,3,21.7,4.0,5,1,0.2,0
100214,22449,Fashion,Debit Card,548.83,4,7.0,6.0,3,0,0.0,0
100215,24828,Home,COD,762.68,3,12.7,6.0,2,0,0.0,1
100216,24368,Fashion,COD,1308.67,4,4.9,8.0,6,0,0.0,1
100217,26821,Electronics,Credit Card,694.35,5,8.7,11.0,1,0,0.0,1
100218,20253,Home,Debit Card,1609.23,4,4.2,3.0,2,0,0.0,0
100219,24566,Home,Debit Card,784.74,3,0.8,2.0,7,1,0.143,0
100220,21415,Beauty,Credit Card,1404.8,3,1.8,5.0,3,0,0.0,0
100221,20695,Home,COD,1094.62,2,4.1,1.0,2,0,0.0,0
100222,21595,Home,UPI,941.37,4,44.9,6.0,5,1,0.2,0
100223,26539,Fashion,Credit Card,2149.45,2,40.5,5.0,4,0,0.0,1
100224,20080,Electronics,Debit Card,632.77,3,21.1,6.0,4,0,0.0,0
100225,21516,Fashion,Credit Card,1730.03,2,3.2,4.0,6,1,0.167,1
100226,25134,Fashion,UPI,1102.09,1,7.0,6.0,3,0,0.0,1
100227,21667,Books,Credit Card,2729.4,3,7.0,6.0,5,0,0.0,0
100228,21040,Electronics,Wallet,854.92,2,5.9,5.0,5,0,0.0,0
100229,26099,Beauty,COD,959.65,8,0.6,2.0,3,0,0.0,0
100230,20034,Home,Debit Card,2677.53,2,9.2,5.0,7,2,0.286,0
100231,27394,Beauty,UPI,630.02,2,0.9,9.0,3,0,0.0,1
100232,28410,Electronics,Wallet,578.93,3,19.4,6.0,4,1,0.25,1
100233,23517,Home,UPI,1190.36,6,14.1,5.0,5,0,0.0,0
100234,22029,Electronics,Credit Card,523.37,3,5.2,8.0,5,3,0.6,1
100235,24861,Fashion,Debit Card,746.72,1,12.5,3.0,7,2,0.286,0
100236,28206,Home,COD,655.83,3,3.2,7.0,4,1,0.25,1
100237,21564,Fashion,UPI,458.29,1,3.7,4.0,6,2,0.333,0
100238,23301,Fashion,UPI,1376.42,2,4.5,7.0,3,0,0.0,1
100239,28146,Home,COD,791.73,1,19.1,7.0,4,0,0.0,1
100240,26479,Fashion,COD,1229.14,5,2.8,4.0,5,0,0.0,0
100241,26900,Books,Wallet,853.29,2,9.9,4.0,2,0,0.0,0
100242,27567,Books,Credit Card,1226.69,5,2.7,7.0,6,0,0.0,0
100243,21669,Books,UPI,840.88,4,4.0,1.0,2,1,0.5,0
100244,23721,Electronics,UPI,941.8,3,3.2,4.0,5,0,0.0,0
100245,26434,Fashion,COD,1266.25,3,12.4,6.0,4,0,0.0,1
100246,27577,Books,UPI,1009.74,4,9.0,4.0,4,1,0.25,0
100247,22939,Electronics,Credit Card,1213.38,3,15.3,5.0,1,0,0.0,1
100248,24790,Books,COD,570.95,3,3.0,1.0,1,0,0.0,0
100249,22610,Books,UPI,379.05,1,0.1,3.0,3,1,0.333,0
100250,26281,Beauty,Credit Card,701.03,4,13.7,6.0,4,1,0.25,1
100251,22275,Fashion,Debit Card,775.93,4,1.5,3.0,3,0,0.0,0
100252,27078,Electronics,Credit Card,2636.03,5,3.4,2.0,2,0,0.0,0
100253,22568,Beauty,Debit Card,1190.58,2,4.4,7.0,7,0,0.0,1
100254,22841,Electronics,Credit Card,403.6,2,16.5,6.0,10,2,0.2,1
100255,25212,Fashion,Debit Card,1416.08,4,11.8,3.0,2,0,0.0,1
100256,22581,Home,UPI,746.17,3,2.4,5.0,6,3,0.5,1
100257,23051,Books,UPI,626.33,3,10.9,3.0,2,1,0.5,0
100258,25803,Home,UPI,223.31,1,14.8,5.0,2,0,0.0,1
100259,25678,Home,COD,975.7,1,5.9,5.0,3,1,0.333,1
100260,23472,Fashion,Credit Card,537.22,5,3.4,3.0,6,0,0.0,0
100261,23618,Home,Credit Card,746.5,2,13.6,7.0,3,0,0.0,0
100262,22500,Books,COD,617.3,4,11.3,7.0,6,1,0.167,0
100263,20061,Fashion,Credit Card,867.41,1,1.0,6.0,7,0,0.0,0
100264,21296,Electronics,Wallet,630.15,2,13.2,6.0,5,0,0.0,1
100265,23540,Beauty,COD,710.45,2,8.0,2.0,4,0,0.0,0
100266,26591,Home,UPI,887.91,3,16.8,8.0,1,1,1.0,1
100267,24160,Home,Wallet,1305.95,4,2.5,5.0,4,0,0.0,0
100268,22703,Home,Credit Card,1097.68,4,3.6,3.0,2,0,0.0,0
100269,22047,Electronics,Debit Card,750.4,2,9.4,5.0,4,0,0.0,0
100270,28682,Fashion,UPI,798.0,4,7.9,7.0,4,1,0.25,0
100271,21691,Beauty,Debit Card,366.67,3,5.9,6.0,3,0,0.0,0
100272,23546,Beauty,Wallet,556.69,4,16.4,3.0,6,0,0.0,0
100273,23012,Beauty,Credit Card,1676.12,4,10.0,7.0,1,0,0.0,0
100274,20696,Books,UPI,906.56,4,14.9,5.0,2,1,0.5,1
100275,28075,Electronics,UPI,731.24,4,2.0,6.0,5,0,0.0,1
100276,24378,Electronics,UPI,523.89,5,15.7,3.0,7,6,0.857,1
100277,27215,Beauty,Credit Card,194.07,1,7.4,7.0,6,1,0.167,0
100278,22578,Home,Debit Card,798.55,5,0.4,5.0,6,4,0.667,1
100279,24013,Home,COD,1855.63,4,3.2,8.0,2,0,0.0,0
100280,26231,Beauty,Credit Card,551.33,2,0.3,2.0,1,1,1.0,1
100281,24651,Beauty,COD,692.49,1,7.3,2.0,5,2,0.4,1
100282,23203,Electronics,UPI,536.32,2,4.7,4.0,5,1,0.2,0
100283,28833,Electronics,COD,1786.55,5,52.5,8.0,5,0,0.0,1
100284,20017,Fashion,UPI,763.76,3,24.3,9.0,0,0,0.0,0
100285,24706,Home,Credit Card,520.1,4,21.0,3.0,6,0,0.0,0
100286,28669,Fashion,UPI,802.66,3,8.3,5.0,4,1,0.25,1
100287,20816,Electronics,COD,4629.12,8,19.7,5.0,7,0,0.0,0
100288,20983,Electronics,Debit Card,3187.77,4,3.7,7.0,4,1,0.25,0
100289,21027,Fashion,Wallet,1458.36,4,9.9,7.0,6,0,0.0,0
100290,28693,Home,Debit Card,868.76,3,6.0,3.0,5,0,0.0,0
100291,22577,Fashion,Credit Card,1307.0,4,2.3,5.0,7,1,0.143,0
100292,23678,Fashion,Debit Card,1472.67,5,0.9,1.0,2,0,0.0,0
100293,25788,Beauty,Wallet,1063.39,4,9.8,7.0,1,0,0.0,0
100294,28897,Electronics,Debit Card,1228.9,3,1.2,4.0,6,1,0.167,0
100295,22130,Fashion,COD,872.63,2,15.2,2.0,5,1,0.2,0
100296,25755,Electronics,COD,780.33,3,30.5,6.0,5,3,0.6,1
100297,26548,Beauty,Debit Card,460.43,3,2.1,4.0,4,0,0.0,0
100298,25214,Fashion,Credit Card,715.71,3,7.6,8.0,11,2,0.182,1
100299,20686,Home,UPI,879.81,1,16.1,3.0,5,0,0.0,0
100300,22392,Fashion,Debit Card,1068.78,4,4.1,10.0,7,1,0.143,1
100301,22448,Fashion,COD,1458.1,5,30.4,7.0,6,1,0.167,1
100302,25306,Electronics,Debit Card,649.86,2,26.3,8.0,6,0,0.0,1
100303,27690,Electronics,Debit Card,288.37,1,1.3,3.0,2,0,0.0,0
100304,21284,Home,COD,817.4,3,0.3,9.0,2,0,0.0,0
100305,28111,Home,Debit Card,417.01,2,45.0,2.0,7,0,0.0,1
100306,22264,Books,Debit Card,491.53,3,37.6,5.0,4,0,0.0,0
100307,25787,Electronics,Debit Card,2749.74,6,6.6,8.0,3,1,0.333,1
100308,28312,Electronics,Debit Card,423.24,1,0.6,6.0,6,1,0.167,0
100309,24184,Beauty,UPI,349.01,1,11.6,2.0,7,1,0.143,0
100310,21531,Fashion,COD,2490.11,3,4.2,7.0,2,0,0.0,0
100311,22481,Electronics,Debit Card,1255.85,2,33.1,6.0,1,0,0.0,0
100312,24640,Fashion,UPI,974.39,5,19.0,4.0,3,1,0.333,1
100313,25147,Fashion,UPI,995.41,2,12.6,2.0,1,0,0.0,1
100314,20250,Books,Credit Card,818.79,3,4.0,6.0,4,0,0.0,1
100315,27068,Beauty,Credit Card,359.38,1,14.5,5.0,0,0,0.0,0
100316,26440,Home,Wallet,1618.95,5,4.1,5.0,3,1,0.333,1
100317,24996,Electronics,UPI,448.28,1,0.5,2.0,2,0,0.0,0
100318,22236,Fashion,UPI,805.83,2,8.5,4.0,2,1,0.5,1
100319,25289,Fashion,UPI,1740.84,3,8.0,6.0,3,0,0.0,0
100320,22700,Fashion,Credit Card,1881.59,4,17.3,9.0,7,0,0.0,0
100321,23706,Electronics,UPI,553.64,2,24.1,5.0,3,0,0.0,0
100322,28093,Home,UPI,1262.6,3,5.3,8.0,4,0,0.0,0
100323,23809,Home,UPI,732.34,7,7.2,7.0,8,0,0.0,1
100324,26308,Fashion,Debit Card,1595.54,5,7.6,6.0,1,0,0.0,0
100325,24959,Books,Credit Card,595.32,1,4.7,3.0,5,0,0.0,0
100326,26060,Home,Credit Card,966.77,2,16.3,3.0,2,0,0.0,1
100327,27868,Home,Wallet,644.26,2,8.9,6.0,8,3,0.375,1
100328,26673,Home,Debit Card,3293.64,3,29.4,4.0,9,4,0.444,1
100329,25166,Electronics,Debit Card,317.1,1,12.6,4.0,5,0,0.0,1
100330,22529,Fashion,Credit Card,1950.96,4,2.9,5.0,3,0,0.0,1
100331,20210,Electronics,Credit Card,718.28,6,2.2,5.0,1,1,1.0,0
100332,24271,Beauty,UPI,1276.55,3,5.6,7.0,9,0,0.0,0
100333,25947,Fashion,UPI,2035.36,7,5.1,4.0,4,1,0.25,0
100334,21033,Fashion,UPI,974.86,3,6.3,7.0,2,0,0.0,1
100335,27745,Fashion,Credit Card,809.12,4,2.4,6.0,2,0,0.0,1
100336,24600,Fashion,UPI,1026.58,3,45.9,1.0,6,1,0.167,1
100337,26068,Beauty,Credit Card,1565.7,6,1.9,6.0,4,1,0.25,1
100338,21984,Home,Credit Card,2760.78,3,12.7,1.0,0,0,0.0,0
100339,28512,Electronics,Debit Card,853.68,7,0.2,3.0,2,0,0.0,0
100340,27814,Fashion,Debit Card,551.71,2,6.3,6.0,4,0,0.0,1
100341,26582,Electronics,Credit Card,1118.95,3,4.4,5.0,3,0,0.0,0
100342,26334,Electronics,UPI,934.04,4,5.8,1.0,2,0,0.0,1
100343,22120,Fashion,UPI,725.27,2,8.3,3.0,3,1,0.333,0
100344,26081,Electronics,COD,1463.79,2,11.0,1.0,3,0,0.0,0
100345,27043,Electronics,Debit Card,200.53,4,10.5,2.0,3,0,0.0,0
100346,25181,Home,Credit Card,658.88,3,12.0,6.0,2,0,0.0,0
100347,24134,Home,Credit Card,270.74,2,22.3,4.0,1,0,0.0,0
100348,24832,Fashion,Wallet,703.08,7,26.1,5.0,6,0,0.0,1
100349,24816,Electronics,UPI,3992.13,3,16.0,5.0,4,0,0.0,0
100350,28520,Home,UPI,1559.39,4,1.0,5.0,3,2,0.667,1
100351,25540,Electronics,Credit Card,1669.44,3,39.0,7.0,5,0,0.0,1
100352,21162,Beauty,UPI,733.81,2,35.3,5.0,2,1,0.5,1
100353,28137,Home,Credit Card,858.54,1,14.9,7.0,7,1,0.143,0
100354,24162,Fashion,UPI,266.84,2,8.7,1.0,0,0,0.0,0
100355,28650,Fashion,Wallet,1015.34,1,3.5,7.0,7,0,0.0,0
100356,27634,Home,Wallet,470.91,2,16.9,2.0,5,0,0.0,0
100357,22087,Fashion,UPI,685.75,3,25.2,3.0,9,1,0.111,1
100358,28565,Home,Debit Card,1277.16,3,13.1,3.0,4,1,0.25,0
100359,20365,Books,Wallet,1316.87,4,11.9,7.0,2,0,0.0,0
100360,26220,Home,UPI,810.25,2,2.6,3.0,5,0,0.0,0
100361,25195,Electronics,Credit Card,416.32,3,5.3,4.0,5,0,0.0,0
100362,26134,Home,Debit Card,578.18,1,15.4,3.0,4,2,0.5,1
100363,23260,Electronics,Credit Card,1370.47,2,0.2,6.0,3,0,0.0,0
100364,28546,Electronics,Debit Card,884.68,5,12.3,7.0,9,4,0.444,1
100365,21598,Books,Debit Card,1198.66,1,17.5,9.0,7,0,0.0,0
100366,23331,Electronics,UPI,322.59,1,4.9,10.0,3,0,0.0,1
100367,27280,Books,Debit Card,773.17,2,1.0,6.0,7,2,0.286,0
100368,24999,Books,Credit Card,1368.13,1,20.5,6.0,5,0,0.0,0
100369,28347,Fashion,UPI,511.7,2,1.8,2.0,5,0,0.0,0
100370,20795,Fashion,COD,1775.25,3,5.6,9.0,3,1,0.333,0
100371,20564,Fashion,UPI,3084.35,3,14.7,5.0,5,1,0.2,1
100372,21213,Fashion,Debit Card,853.38,2,20.4,4.0,4,0,0.0,0
100373,22141,Fashion,Wallet,561.36,2,23.8,6.0,4,0,0.0,0
100374,26358,Home,Wallet,685.06,4,9.1,4.0,3,1,0.333,1
100375,23581,Fashion,Credit Card,2063.31,3,7.8,1.0,4,2,0.5,1
100376,28089,Electronics,Credit Card,2342.94,4,22.6,6.0,5,0,0.0,0
100377,25292,Beauty,UPI,1837.5,2,9.9,8.0,4,0,0.0,0
100378,22057,Fashion,COD,533.95,1,10.4,6.0,5,0,0.0,1
100379,27658,Beauty,Wallet,1435.48,2,6.8,5.0,1,0,0.0,0
100380,25639,Fashion,COD,915.99,3,5.6,5.0,4,1,0.25,0
100381,25391,Fashion,UPI,785.28,6,7.9,5.0,5,1,0.2,0
100382,24870,Home,UPI,2618.58,6,5.4,5.0,0,0,0.0,0
100383,26012,Home,Credit Card,2052.67,2,5.1,5.0,6,2,0.333,1
100384,28918,Beauty,Credit Card,660.08,5,60.0,5.0,6,0,0.0,1
100385,27570,Home,Debit Card,505.55,3,4.9,8.0,2,0,0.0,0
100386,24843,Beauty,UPI,966.13,3,3.6,6.0,1,0,0.0,0
100387,22348,Fashion,UPI,1674.02,3,5.2,5.0,9,1,0.111,0
100388,23904,Fashion,UPI,477.72,3,10.7,6.0,4,1,0.25,0
100389,27849,Beauty,Credit Card,1395.39,5,29.0,6.0,6,0,0.0,0
100390,28837,Beauty,UPI,661.86,3,18.6,7.0,4,1,0.25,1
100391,26067,Books,Credit Card,1436.27,3,22.2,3.0,2,0,0.0,0
100392,27281,Electronics,Debit Card,477.16,2,23.5,4.0,4,1,0.25,1
100393,21525,Electronics,COD,1498.75,3,30.4,3.0,2,0,0.0,0
100394,20212,Beauty,UPI,990.51,4,3.2,7.0,4,0,0.0,0
100395,20777,Electronics,Wallet,620.71,4,7.4,7.0,4,1,0.25,1
100396,27755,Books,Credit Card,800.14,2,5.8,2.0,4,0,0.0,0
100397,25904,Beauty,Debit Card,340.48,4,5.8,6.0,7,1,0.143,0
100398,27864,Electronics,Debit Card,778.75,4,12.7,8.0,5,2,0.4,0
100399,24642,Beauty,Debit Card,942.95,2,6.2,4.0,5,1,0.2,0
100400,24447,Beauty,COD,266.01,2,11.5,6.0,5,0,0.0,0
100401,27048,Fashion,UPI,116.43,1,5.8,7.0,3,0,0.0,1
100402,25103,Books,COD,189.23,2,4.5,2.0,3,1,0.333,0
100403,27043,Electronics,Credit Card,2091.39,3,5.2,5.0,5,2,0.4,0
100404,22268,Beauty,COD,1162.89,5,19.5,8.0,3,0,0.0,1
100405,24714,Electronics,Credit Card,791.29,4,11.0,4.0,5,1,0.2,0
100406,23472,Beauty,COD,1357.86,2,43.8,7.0,5,2,0.4,1
100407,21031,Electronics,Debit Card,854.47,4,21.5,,3,0,0.0,0
100408,21420,Fashion,Debit Card,1430.52,5,8.0,4.0,3,0,0.0,0
100409,26584,Books,UPI,957.92,3,3.3,5.0,4,0,0.0,0
100410,20919,Fashion,Wallet,821.02,4,13.4,4.0,6,1,0.167,0
100411,22027,Electronics,Credit Card,1125.29,3,15.6,3.0,5,0,0.0,0
100412,20550,Books,Debit Card,1224.8,2,7.5,4.0,6,0,0.0,0
100413,24719,Books,COD,689.27,2,3.1,5.0,5,1,0.2,0
100414,25929,Home,Debit Card,826.18,4,9.8,5.0,3,0,0.0,0
100415,22117,Home,Credit Card,627.07,2,3.5,4.0,4,0,0.0,0
100416,28761,Electronics,Debit Card,306.73,5,33.8,5.0,3,0,0.0,0
100417,26155,Fashion,Debit Card,1443.11,5,11.9,6.0,3,0,0.0,0
100418,22591,Electronics,Wallet,456.61,3,4.1,2.0,4,0,0.0,0
100419,25296,Home,COD,794.59,1,2.9,4.0,2,1,0.5,0
100420,27938,Beauty,UPI,729.47,2,15.1,1.0,6,0,0.0,0
100421,25641,Beauty,Wallet,1296.98,5,14.8,5.0,4,0,0.0,0
100422,23343,Beauty,Debit Card,1435.84,3,10.9,5.0,3,2,0.667,0
100423,24658,Fashion,Credit Card,540.99,3,11.4,6.0,4,1,0.25,0
100424,25134,Electronics,Credit Card,1177.15,3,11.1,5.0,2,0,0.0,0
100425,23365,Fashion,Debit Card,1566.27,6,5.4,6.0,2,0,0.0,0
100426,27983,Electronics,Credit Card,974.85,4,33.3,5.0,3,0,0.0,1
100427,24260,Electronics,Wallet,624.05,4,7.8,4.0,5,0,0.0,0
100428,23304,Beauty,COD,1100.72,2,0.2,3.0,5,0,0.0,0
100429,21824,Electronics,Credit Card,1661.07,4,5.1,4.0,3,0,0.0,0
100430,27776,Fashion,UPI,1009.76,3,1.7,3.0,5,2,0.4,1
100431,20290,Fashion,UPI,405.2,2,5.4,5.0,3,0,0.0,0
100432,28849,Beauty,Wallet,793.68,4,11.2,4.0,5,0,0.0,1
100433,25256,Home,COD,909.69,3,0.3,6.0,5,0,0.0,0
100434,27535,Fashion,UPI,1425.68,3,24.5,5.0,5,0,0.0,0
100435,23597,Fashion,COD,470.89,5,11.3,6.0,2,0,0.0,0
100436,26868,Home,UPI,388.28,1,4.2,6.0,8,1,0.125,0
100437,23228,Fashion,UPI,1047.62,6,4.5,5.0,0,0,0.0,0
100438,25793,Beauty,Credit Card,732.63,2,7.5,5.0,3,2,0.667,1
100439,27993,Home,Credit Card,432.04,3,3.4,6.0,6,1,0.167,0
100440,20576,Fashion,UPI,827.81,3,0.1,10.0,3,2,0.667,0
100441,22963,Fashion,Credit Card,782.91,3,0.3,3.0,4,1,0.25,0
100442,26343,Books,Credit Card,292.2,1,5.3,5.0,4,2,0.5,0
100443,25436,Electronics,UPI,717.51,2,1.6,2.0,1,0,0.0,0
100444,22611,Electronics,Credit Card,556.61,2,0.3,5.0,4,0,0.0,0
100445,28139,Beauty,UPI,1036.83,2,23.5,4.0,7,0,0.0,1
100446,20111,Books,UPI,452.77,2,3.8,5.0,5,1,0.2,0
100447,23504,Books,Wallet,574.73,1,8.4,5.0,3,0,0.0,0
100448,27922,Beauty,Debit Card,749.71,5,2.4,4.0,2,0,0.0,0
100449,24453,Electronics,Credit Card,759.98,4,0.6,1.0,5,2,0.4,0
100450,26774,Fashion,UPI,920.53,2,16.4,8.0,3,1,0.333,1
100451,26699,Beauty,COD,886.61,2,1.6,7.0,0,0,0.0,0
100452,28364,Home,Wallet,734.43,3,0.3,5.0,4,0,0.0,0
100453,23053,Electronics,Debit Card,463.29,1,10.6,3.0,3,1,0.333,1
100454,26216,Books,Debit Card,557.64,6,0.2,5.0,1,0,0.0,0
100455,21474,Fashion,Wallet,3094.98,6,6.9,6.0,8,0,0.0,1
100456,26695,Electronics,Credit Card,1163.34,2,4.1,7.0,5,1,0.2,0
100457,26979,Fashion,UPI,1610.04,4,4.6,7.0,6,2,0.333,1
100458,20411,Electronics,Debit Card,467.64,5,0.0,7.0,2,0,0.0,1
100459,20932,Fashion,Credit Card,851.86,5,40.0,1.0,6,0,0.0,1
100460,20491,Fashion,Debit Card,996.24,5,8.7,4.0,5,2,0.4,1
100461,25967,Fashion,Credit Card,341.9,4,10.2,7.0,4,1,0.25,0
100462,22679,Home,UPI,1608.85,3,13.2,3.0,3,0,0.0,0
100463,28470,Home,Wallet,2256.65,3,19.2,8.0,6,1,0.167,0
100464,28135,Home,Credit Card,3250.18,3,11.2,9.0,6,0,0.0,1
100465,24324,Books,COD,712.19,6,17.2,8.0,5,0,0.0,0
100466,23019,Electronics,Credit Card,826.31,2,7.1,6.0,4,0,0.0,0
100467,24174,Fashion,UPI,2085.99,3,5.6,4.0,7,2,0.286,0
100468,25306,Beauty,Credit Card,661.43,2,20.8,6.0,3,1,0.333,0
100469,26598,Fashion,Wallet,387.54,1,24.1,2.0,2,0,0.0,0
100470,27518,Books,COD,397.47,5,1.8,3.0,7,1,0.143,1
100471,24085,Fashion,UPI,1519.52,2,9.4,3.0,3,0,0.0,0
100472,24374,Books,COD,1203.71,5,13.8,5.0,5,0,0.0,0
100473,26358,Fashion,UPI,608.93,3,1.0,4.0,2,0,0.0,0
100474,28442,Beauty,Wallet,1118.36,3,31.8,6.0,3,2,0.667,1
100475,21567,Electronics,UPI,1033.92,3,8.8,7.0,6,1,0.167,0
100476,28563,Books,Wallet,1043.42,3,12.4,3.0,5,1,0.2,0
100477,27669,Fashion,UPI,676.08,2,2.4,5.0,0,0,0.0,0
100478,25049,Home,Credit Card,1441.46,1,3.7,4.0,7,2,0.286,0
100479,21510,Books,UPI,870.54,3,1.5,5.0,9,0,0.0,0
100480,22889,Electronics,Credit Card,2877.68,4,3.7,7.0,1,0,0.0,0
100481,23150,Home,UPI,1527.85,4,8.1,7.0,4,1,0.25,0
100482,28884,Home,Debit Card,1344.6,4,21.5,6.0,7,2,0.286,0
100483,28155,Electronics,UPI,881.25,3,9.2,6.0,2,0,0.0,0
100484,24769,Home,Credit Card,1381.53,2,3.4,2.0,3,0,0.0,0
100485,20499,Home,Credit Card,1303.12,5,0.5,3.0,5,0,0.0,0
100486,23480,Books,Debit Card,311.29,1,11.7,3.0,4,0,0.0,0
100487,25852,Fashion,Wallet,610.24,4,6.5,6.0,3,1,0.333,1
100488,26879,Fashion,Debit Card,1215.36,3,49.9,2.0,3,0,0.0,1
100489,22109,Books,Debit Card,631.89,4,18.2,6.0,2,0,0.0,0
100490,24977,Beauty,UPI,741.92,2,19.8,6.0,8,0,0.0,1
100491,26141,Electronics,UPI,2053.82,4,0.1,1.0,5,0,0.0,0
100492,22897,Home,Debit Card,1131.94,3,18.0,3.0,5,0,0.0,0
100493,28647,Fashion,Debit Card,706.18,4,2.6,7.0,7,2,0.286,1
100494,24030,Fashion,Credit Card,2197.99,3,10.6,7.0,7,2,0.286,1
100495,21427,Electronics,Wallet,1069.88,2,7.1,3.0,7,0,0.0,0
100496,24701,Electronics,Credit Card,1418.35,2,10.2,3.0,4,0,0.0,1
100497,22863,Home,Debit Card,279.39,4,1.7,1.0,4,1,0.25,0
100498,23849,Fashion,Credit Card,939.25,2,7.3,8.0,3,3,1.0,1
100499,26455,Books,Credit Card,1805.23,4,0.5,5.0,3,1,0.333,0
100500,21597,Books,COD,1510.47,1,0.5,9.0,1,0,0.0,0
100501,26099,Home,Credit Card,505.94,5,12.9,5.0,4,0,0.0,0
100502,28476,Electronics,Credit Card,2245.8,4,36.4,6.0,2,1,0.5,1
100503,28729,Electronics,Debit Card,2065.65,2,18.0,7.0,6,1,0.167,1
100504,27568,Beauty,Credit Card,281.16,3,7.6,9.0,6,6,1.0,1
100505,22553,Home,Credit Card,1256.97,3,0.7,6.0,5,1,0.2,0
100506,23373,Fashion,COD,1115.6,2,0.6,5.0,5,1,0.2,0
100507,27853,Books,COD,1000.76,5,2.1,5.0,3,0,0.0,0
100508,25063,Beauty,Wallet,702.92,3,44.7,3.0,8,1,0.125,0
100509,27721,Books,COD,1408.13,3,6.1,4.0,5,0,0.0,1
100510,21375,Home,UPI,652.18,3,22.2,5.0,5,0,0.0,1
100511,26959,Home,Credit Card,676.02,2,14.7,8.0,4,0,0.0,0
100512,28991,Electronics,COD,1535.74,3,11.2,4.0,0,0,0.0,0
100513,24021,Books,COD,3119.95,4,35.4,7.0,3,1,0.333,0
100514,25572,Beauty,COD,1302.57,3,3.1,5.0,2,0,0.0,0
100515,20165,Fashion,UPI,834.36,2,7.3,8.0,5,2,0.4,0
100516,24442,Fashion,Credit Card,399.48,1,24.0,6.0,2,0,0.0,0
100517,23973,Electronics,COD,593.95,4,9.6,6.0,7,1,0.143,1
100518,27156,Beauty,UPI,1835.46,3,3.4,7.0,2,1,0.5,0
100519,28328,Books,Wallet,496.67,1,2.8,7.0,2,0,0.0,0
100520,26209,Fashion,Credit Card,2172.36,4,16.8,7.0,5,0,0.0,1
100521,22023,Home,Credit Card,631.97,2,0.2,10.0,5,0,0.0,0
100522,23987,Electronics,Credit Card,903.53,6,29.5,9.0,5,3,0.6,1
100523,27298,Books,COD,1401.96,4,0.2,6.0,5,0,0.0,0
100524,22017,Beauty,Credit Card,1163.05,5,12.0,4.0,0,0,0.0,0
100525,25692,Beauty,Credit Card,457.6,3,11.1,6.0,7,0,0.0,1
100526,21629,Electronics,Wallet,1620.39,1,10.4,1.0,8,1,0.125,0
100527,23179,Electronics,Credit Card,835.92,5,7.7,7.0,4,2,0.5,0
100528,25564,Fashion,COD,1343.63,2,23.0,3.0,4,2,0.5,0
100529,28704,Fashion,Debit Card,1804.9,4,12.9,7.0,4,1,0.25,0
100530,21500,Beauty,COD,511.56,4,18.3,9.0,4,0,0.0,0
100531,28505,Beauty,UPI,596.88,4,1.5,2.0,1,0,0.0,0
100532,22747,Books,Wallet,454.45,1,0.6,5.0,4,0,0.0,0
100533,22905,Books,Wallet,647.91,4,0.3,3.0,8,3,0.375,0
100534,24148,Home,Credit Card,3430.95,5,1.9,1.0,3,1,0.333,1
100535,24836,Beauty,Credit Card,965.88,4,13.2,5.0,2,0,0.0,0
100536,26054,Books,Credit Card,2076.77,5,8.2,6.0,5,0,0.0,0
100537,28603,Beauty,UPI,741.13,1,16.7,7.0,3,1,0.333,1
100538,20386,Fashion,COD,1105.13,3,2.6,5.0,4,0,0.0,0
100539,28887,Electronics,Debit Card,557.91,1,5.5,1.0,7,1,0.143,0
100540,28538,Fashion,UPI,1981.45,3,26.3,5.0,3,2,0.667,1
100541,25511,Books,Credit Card,574.93,3,32.9,2.0,2,0,0.0,0
100542,28656,Home,COD,3068.51,4,30.6,2.0,2,0,0.0,1
100543,22758,Fashion,Wallet,503.11,4,20.5,3.0,4,1,0.25,1
100544,23738,Home,Credit Card,1230.88,2,14.0,7.0,6,3,0.5,1
100545,20548,Home,Debit Card,331.45,2,29.4,6.0,2,0,0.0,0
100546,26352,Electronics,Credit Card,637.24,2,15.0,6.0,3,1,0.333,0
100547,23568,Fashion,UPI,1151.86,4,36.9,3.0,6,1,0.167,1
100548,23362,Home,UPI,704.36,3,0.3,4.0,4,1,0.25,0
100549,27426,Electronics,Credit Card,1196.17,6,30.6,2.0,8,1,0.125,1
100550,28385,Beauty,Debit Card,335.09,2,9.7,8.0,5,1,0.2,0
100551,23074,Electronics,Debit Card,673.34,5,1.4,10.0,5,0,0.0,1
100552,26356,Beauty,UPI,1468.66,4,2.9,6.0,5,0,0.0,0
100553,27162,Home,UPI,783.97,2,22.9,7.0,1,0,0.0,0
100554,20548,Home,Credit Card,623.28,3,8.5,5.0,7,1,0.143,0
100555,20266,Beauty,COD,2695.36,5,48.8,1.0,1,1,1.0,1
100556,28954,Electronics,UPI,261.92,1,1.5,3.0,2,0,0.0,0
100557,25266,Fashion,Debit Card,619.94,2,6.4,4.0,6,5,0.833,0
100558,25171,Fashion,Credit Card,568.6,2,4.8,4.0,7,0,0.0,0
100559,28475,Beauty,COD,1575.25,4,8.7,4.0,4,1,0.25,0
100560,20593,Home,Wallet,792.72,2,12.0,5.0,8,4,0.5,0
100561,28137,Home,Credit Card,721.75,2,13.0,3.0,2,0,0.0,0
100562,28298,Fashion,Debit Card,360.18,4,0.0,10.0,4,2,0.5,0
100563,25412,Fashion,Credit Card,1584.98,3,1.1,2.0,8,4,0.5,1
100564,22194,Fashion,UPI,1264.28,7,0.4,7.0,3,1,0.333,1
100565,21339,Electronics,Credit Card,1305.21,5,24.0,4.0,2,1,0.5,1
100566,21931,Home,Debit Card,491.49,2,4.5,6.0,4,0,0.0,0
100567,21834,Electronics,UPI,447.23,2,5.5,6.0,3,0,0.0,0
100568,24278,Electronics,UPI,1893.43,2,7.2,5.0,5,0,0.0,0
100569,28676,Books,Debit Card,375.86,4,22.7,3.0,2,0,0.0,0
100570,22555,Electronics,Debit Card,914.86,10,0.2,4.0,4,1,0.25,0
100571,23311,Electronics,UPI,2647.69,4,1.5,5.0,4,0,0.0,0
100572,25661,Beauty,Credit Card,1131.19,2,13.9,5.0,3,0,0.0,0
100573,20347,Electronics,Credit Card,633.52,2,39.9,3.0,5,0,0.0,0
100574,20519,Home,COD,1627.06,2,12.4,8.0,1,1,1.0,1
100575,23160,Beauty,Credit Card,1006.96,2,3.6,1.0,5,0,0.0,0
100576,26815,Books,UPI,1084.53,3,8.8,4.0,1,1,1.0,0
100577,27537,Fashion,Wallet,1079.92,3,44.3,3.0,7,2,0.286,0
100578,26245,Books,Credit Card,1018.12,2,9.0,5.0,4,1,0.25,1
100579,28451,Electronics,Debit Card,1475.22,4,5.6,7.0,1,0,0.0,1
100580,25981,Fashion,UPI,2876.0,2,5.8,2.0,3,0,0.0,1
100581,27233,Electronics,COD,484.47,1,40.9,10.0,1,1,1.0,1
100582,21840,Books,Wallet,854.81,3,15.2,5.0,3,0,0.0,0
100583,26408,Electronics,UPI,685.96,7,13.9,6.0,2,0,0.0,0
100584,22775,Electronics,Credit Card,746.53,2,3.2,2.0,3,0,0.0,0
100585,28654,Home,UPI,2884.3,3,9.8,5.0,6,0,0.0,0
100586,25651,Fashion,Debit Card,1390.29,2,5.3,7.0,7,0,0.0,1
100587,27675,Fashion,Debit Card,785.99,4,3.3,5.0,3,0,0.0,0
100588,28611,Fashion,Credit Card,784.15,2,27.1,5.0,6,0,0.0,0
100589,22510,Fashion,Credit Card,353.79,2,5.8,5.0,12,1,0.083,1
100590,24903,Fashion,COD,527.33,3,4.0,2.0,2,0,0.0,0
100591,22731,Fashion,Debit Card,1191.31,4,32.2,2.0,1,1,1.0,1
100592,23734,Home,Debit Card,572.44,2,2.6,8.0,4,0,0.0,0
100593,25384,Fashion,Debit Card,650.64,5,16.4,7.0,2,0,0.0,0
100594,23285,Electronics,COD,1461.26,4,12.7,7.0,8,3,0.375,0
100595,22874,Beauty,UPI,1036.7,4,30.4,3.0,4,2,0.5,0
100596,22421,Electronics,Credit Card,475.42,5,21.4,5.0,3,0,0.0,1
100597,27914,Home,Credit Card,271.57,3,14.7,8.0,4,0,0.0,0
100598,28285,Fashion,Credit Card,773.67,4,4.5,2.0,0,0,0.0,1
100599,25970,Fashion,Wallet,363.71,3,8.2,7.0,3,0,0.0,0
100600,21353,Fashion,UPI,396.78,5,34.7,4.0,4,1,0.25,1
100601,22203,Fashion,UPI,1516.19,2,0.3,3.0,5,0,0.0,0
100602,23594,Fashion,UPI,889.52,3,19.0,5.0,3,0,0.0,0
100603,26678,Fashion,Debit Card,1038.42,5,3.5,3.0,6,2,0.333,1
100604,26306,Fashion,COD,687.82,2,2.5,1.0,4,1,0.25,1
100605,25834,Fashion,UPI,550.29,4,3.2,5.0,2,0,0.0,1
100606,27156,Electronics,Credit Card,1706.95,6,0.7,6.0,6,1,0.167,1
100607,27757,Fashion,Credit Card,872.08,3,57.9,8.0,3,0,0.0,1
100608,23226,Electronics,UPI,345.69,1,24.5,6.0,4,0,0.0,1
100609,23610,Electronics,Wallet,534.86,2,8.8,9.0,3,1,0.333,1
100610,26188,Home,Debit Card,368.74,2,15.1,8.0,0,0,0.0,0
100611,24517,Fashion,COD,426.77,1,9.8,7.0,3,0,0.0,0
100612,24474,Beauty,COD,471.64,1,20.0,6.0,4,1,0.25,1
100613,24938,Home,Credit Card,939.5,5,22.4,8.0,7,0,0.0,1
100614,24365,Fashion,Credit Card,1125.79,4,3.2,1.0,2,0,0.0,0
100615,26903,Beauty,Credit Card,1039.03,4,7.4,4.0,1,0,0.0,1
100616,23891,Books,UPI,884.51,2,12.1,1.0,3,0,0.0,0
100617,27575,Fashion,Credit Card,1356.19,2,46.0,,6,0,0.0,0
100618,23625,Fashion,Debit Card,1099.25,2,13.8,3.0,5,0,0.0,0
100619,23998,Beauty,UPI,2896.81,9,27.4,12.0,9,1,0.111,1
100620,25938,Home,UPI,327.46,1,22.5,4.0,1,1,1.0,1
100621,20060,Fashion,Credit Card,695.16,3,10.5,5.0,2,1,0.5,1
100622,22635,Fashion,Debit Card,1612.12,4,26.9,4.0,4,1,0.25,1
100623,24006,Electronics,Debit Card,2155.64,7,5.7,4.0,5,0,0.0,0
100624,25175,Electronics,UPI,810.42,5,5.7,2.0,5,0,0.0,0
100625,22127,Home,COD,1361.38,3,18.2,2.0,4,1,0.25,0
100626,21950,Electronics,Credit Card,437.23,2,1.7,1.0,4,0,0.0,0
100627,21774,Electronics,COD,1258.83,3,4.4,6.0,4,0,0.0,0
100628,22284,Home,UPI,928.46,3,11.3,4.0,1,1,1.0,0
100629,28682,Fashion,UPI,335.6,2,6.5,9.0,0,0,0.0,1
100630,22005,Fashion,UPI,419.71,1,33.9,2.0,2,1,0.5,1
100631,25098,Home,Debit Card,2016.99,1,38.2,8.0,5,1,0.2,0
100632,24377,Beauty,Credit Card,1065.26,3,8.4,8.0,4,1,0.25,0
100633,27156,Electronics,UPI,4841.54,5,9.3,8.0,1,0,0.0,1
100634,20890,Electronics,UPI,323.83,2,15.5,6.0,3,0,0.0,0
100635,20715,Fashion,UPI,854.44,1,7.3,4.0,6,2,0.333,1
100636,20356,Electronics,Debit Card,266.17,5,2.5,8.0,5,1,0.2,0
100637,26999,Electronics,Wallet,1333.73,6,16.5,3.0,2,0,0.0,0
100638,23316,Fashion,UPI,1377.52,3,16.1,6.0,3,1,0.333,1
100639,25598,Fashion,Credit Card,1273.22,2,3.4,5.0,4,1,0.25,0
100640,28794,Electronics,Debit Card,674.24,4,21.5,3.0,2,1,0.5,1
100641,22846,Fashion,COD,1436.59,2,11.4,6.0,2,1,0.5,1
100642,20631,Electronics,COD,790.7,4,3.2,7.0,5,1,0.2,1
100643,28703,Fashion,Debit Card,493.51,1,12.7,3.0,3,1,0.333,1
100644,25291,Electronics,COD,419.9,1,3.2,6.0,5,0,0.0,0
100645,27224,Fashion,Credit Card,550.77,4,3.7,1.0,3,0,0.0,0
100646,20853,Beauty,Debit Card,2793.3,4,22.6,3.0,1,0,0.0,0
100647,25488,Home,COD,792.65,2,31.8,4.0,4,0,0.0,0
100648,26044,Home,COD,1045.65,1,3.6,6.0,3,1,0.333,0
100649,25946,Beauty,UPI,1441.44,2,31.6,7.0,2,0,0.0,0
100650,20267,Electronics,COD,304.67,1,3.3,5.0,2,1,0.5,0
100651,24740,Fashion,Credit Card,1597.59,2,1.5,6.0,1,0,0.0,0
100652,22769,Electronics,COD,736.6,1,0.7,5.0,4,2,0.5,1
100653,20761,Home,Debit Card,505.1,3,3.3,6.0,3,0,0.0,0
100654,27823,Home,Credit Card,1425.76,4,5.8,6.0,4,0,0.0,0
100655,20454,Electronics,Credit Card,510.57,3,31.5,4.0,4,3,0.75,1
100656,28466,Fashion,Debit Card,3777.55,7,3.3,4.0,4,0,0.0,0
100657,23844,Fashion,Credit Card,2173.63,6,5.5,6.0,4,0,0.0,0
100658,20968,Electronics,Debit Card,737.96,2,15.9,9.0,7,2,0.286,1
100659,28916,Home,Credit Card,2014.62,3,4.3,8.0,7,3,0.429,1
100660,28168,Home,Debit Card,365.08,3,13.8,3.0,3,1,0.333,0
100661,23822,Electronics,UPI,601.67,3,6.8,3.0,2,0,0.0,1
100662,24193,Books,Debit Card,936.07,4,2.6,4.0,6,1,0.167,0
100663,22709,Home,Debit Card,3607.31,3,15.9,5.0,9,2,0.222,0
100664,21688,Fashion,UPI,286.49,1,0.3,5.0,6,1,0.167,0
100665,20001,Fashion,COD,391.02,4,4.1,8.0,1,1,1.0,1
100666,25935,Fashion,COD,686.76,9,5.3,,1,1,1.0,0
100667,20076,Fashion,Debit Card,1326.51,2,7.4,5.0,3,0,0.0,1
100668,25773,Fashion,UPI,762.52,4,13.7,4.0,6,1,0.167,1
100669,28032,Fashion,Credit Card,700.03,2,7.4,6.0,3,0,0.0,0
100670,22814,Fashion,Credit Card,1490.71,3,10.8,7.0,4,1,0.25,0
100671,23763,Fashion,Debit Card,857.87,3,10.9,6.0,1,0,0.0,0
100672,22833,Beauty,COD,870.49,2,5.6,4.0,4,0,0.0,0
100673,20010,Fashion,Credit Card,1061.78,2,32.6,4.0,4,0,0.0,0
100674,21575,Electronics,Credit Card,841.13,4,37.4,3.0,6,0,0.0,0
100675,24366,Electronics,Credit Card,985.7,4,10.5,5.0,5,2,0.4,0
100676,27588,Books,COD,1090.6,3,0.9,6.0,4,0,0.0,0
100677,26384,Fashion,UPI,1587.97,3,8.1,7.0,6,1,0.167,0
100678,28248,Electronics,Credit Card,586.33,3,2.4,8.0,11,1,0.091,0
100679,22403,Books,UPI,88.91,1,7.9,8.0,3,1,0.333,0
100680,27825,Beauty,UPI,1637.45,4,2.5,2.0,4,0,0.0,0
100681,23788,Beauty,UPI,1900.32,4,14.6,6.0,8,1,0.125,0
100682,25660,Fashion,Credit Card,1063.51,3,1.0,6.0,7,3,0.429,1
100683,26230,Fashion,COD,904.65,2,36.8,5.0,7,1,0.143,1
100684,26122,Home,Debit Card,672.31,3,2.6,3.0,8,0,0.0,1
100685,22601,Books,UPI,1800.81,6,13.0,8.0,5,2,0.4,1
100686,23656,Home,Credit Card,908.6,1,29.9,4.0,5,5,1.0,1
100687,28751,Home,Debit Card,563.35,1,3.4,1.0,4,0,0.0,0
100688,24828,Fashion,Debit Card,3433.46,2,32.7,5.0,4,0,0.0,0
100689,23797,Beauty,UPI,369.1,3,5.9,4.0,3,0,0.0,0
100690,20835,Fashion,Credit Card,1040.11,3,38.8,9.0,3,0,0.0,1
100691,25340,Electronics,COD,380.68,2,42.6,6.0,5,1,0.2,0
100692,24574,Electronics,Credit Card,2261.51,6,2.5,4.0,3,0,0.0,0
100693,22154,Electronics,UPI,210.84,1,21.3,5.0,6,0,0.0,0
100694,23084,Fashion,COD,345.92,2,2.6,5.0,3,0,0.0,1
100695,25566,Fashion,UPI,645.09,3,3.1,10.0,2,1,0.5,1
100696,27124,Home,UPI,1277.48,4,1.1,6.0,1,0,0.0,0
100697,24547,Fashion,UPI,659.86,3,2.0,2.0,5,0,0.0,0
100698,24757,Home,Debit Card,383.27,1,12.0,4.0,5,0,0.0,0
100699,21709,Fashion,COD,846.21,3,7.2,5.0,3,0,0.0,0
100700,23524,Electronics,Debit Card,470.9,1,18.8,3.0,7,4,0.571,1
100701,26097,Electronics,UPI,2302.56,3,4.8,1.0,3,0,0.0,0
100702,22484,Fashion,UPI,2174.39,7,41.5,6.0,5,2,0.4,0
100703,24405,Electronics,Debit Card,896.41,4,0.6,3.0,4,0,0.0,1
100704,21390,Fashion,Debit Card,1916.41,1,0.8,8.0,5,1,0.2,1
100705,23096,Fashion,Debit Card,1462.85,4,14.5,5.0,3,0,0.0,0
100706,27674,Books,COD,430.61,2,26.2,4.0,2,0,0.0,0
100707,26995,Electronics,Wallet,898.28,2,19.0,1.0,1,0,0.0,1
100708,25884,Beauty,UPI,1679.12,5,8.1,8.0,4,0,0.0,1
100709,27688,Fashion,UPI,720.95,4,3.8,6.0,1,1,1.0,1
100710,25899,Home,Wallet,289.6,1,0.2,4.0,4,1,0.25,0
100711,24149,Beauty,Credit Card,573.57,1,8.5,3.0,3,1,0.333,0
100712,22875,Home,Credit Card,438.72,1,7.7,9.0,6,0,0.0,1
100713,28771,Electronics,UPI,3240.09,6,5.1,3.0,3,0,0.0,0
100714,21139,Electronics,COD,1471.44,3,10.4,4.0,7,1,0.143,1
100715,24785,Electronics,COD,908.15,6,15.7,6.0,3,0,0.0,0
100716,22361,Books,Debit Card,703.14,1,14.5,8.0,6,1,0.167,1
100717,26939,Beauty,Credit Card,2329.54,4,3.7,5.0,4,0,0.0,0
100718,22513,Books,Debit Card,578.01,6,10.6,3.0,5,1,0.2,0
100719,27156,Fashion,Credit Card,510.63,3,1.9,5.0,4,0,0.0,1
100720,28906,Home,Debit Card,1209.57,5,1.6,7.0,2,0,0.0,0
100721,22560,Books,COD,963.59,3,18.5,7.0,2,0,0.0,1
100722,28514,Fashion,Credit Card,1055.56,4,14.2,2.0,6,0,0.0,0
100723,27275,Fashion,COD,639.13,2,17.5,5.0,6,2,0.333,0
100724,21208,Home,Debit Card,633.3,2,2.0,2.0,3,0,0.0,0
100725,24453,Home,UPI,969.84,2,29.5,7.0,3,0,0.0,1
100726,21757,Beauty,Credit Card,2845.01,7,1.7,6.0,4,4,1.0,1
100727,25604,Fashion,Debit Card,577.09,2,24.5,3.0,4,0,0.0,0
100728,25086,Beauty,Credit Card,5259.33,5,5.2,8.0,3,0,0.0,0
100729,25718,Fashion,Wallet,2497.36,2,1.3,6.0,5,0,0.0,0
100730,22361,Fashion,COD,2418.01,4,4.1,5.0,2,0,0.0,0
100731,25549,Fashion,Debit Card,1370.32,3,2.4,5.0,4,1,0.25,0
100732,23344,Beauty,Credit Card,2569.24,2,8.1,5.0,4,1,0.25,1
100733,24359,Home,Wallet,647.1,2,35.9,4.0,5,0,0.0,0
100734,21138,Electronics,Debit Card,467.32,2,4.8,3.0,7,1,0.143,0
100735,20519,Electronics,Credit Card,561.71,2,11.4,8.0,5,1,0.2,1
100736,20267,Beauty,UPI,421.92,2,26.7,4.0,4,0,0.0,1
100737,21233,Electronics,Wallet,1171.72,4,11.9,4.0,2,1,0.5,0
100738,24665,Beauty,Credit Card,921.93,2,5.4,5.0,5,3,0.6,1
100739,22461,Electronics,Credit Card,614.31,1,56.3,8.0,5,0,0.0,1
100740,21684,Electronics,Wallet,764.42,2,2.5,7.0,4,2,0.5,1
100741,24873,Electronics,Credit Card,834.19,2,8.9,4.0,6,2,0.333,1
100742,21105,Electronics,Credit Card,3780.74,6,19.1,8.0,4,1,0.25,1
100743,20866,Home,UPI,1117.23,2,0.0,5.0,3,0,0.0,0
100744,23138,Electronics,COD,1339.54,2,14.5,3.0,2,0,0.0,0
100745,21491,Fashion,Debit Card,863.55,2,3.7,4.0,6,2,0.333,0
100746,25692,Beauty,Wallet,461.91,5,2.2,8.0,7,0,0.0,0
100747,28578,Electronics,UPI,317.66,3,3.8,10.0,2,0,0.0,0
100748,28926,Electronics,Credit Card,3800.29,4,40.9,6.0,3,0,0.0,1
100749,25822,Books,Wallet,559.74,2,26.7,4.0,5,0,0.0,0
100750,21794,Home,Debit Card,531.94,2,2.9,5.0,5,0,0.0,0
100751,25636,Fashion,Debit Card,892.45,2,1.5,3.0,2,2,1.0,0
100752,27085,Books,UPI,1071.5,2,5.4,4.0,3,0,0.0,0
100753,21794,Home,Debit Card,817.39,1,10.8,3.0,5,0,0.0,0
100754,25551,Electronics,Credit Card,3531.12,5,24.2,5.0,5,0,0.0,0
100755,21002,Fashion,Credit Card,2996.38,5,40.6,5.0,7,3,0.429,1
100756,28855,Beauty,Debit Card,1004.31,9,16.7,5.0,5,0,0.0,0
100757,22608,Home,COD,2385.4,6,11.0,5.0,6,1,0.167,0
100758,26998,Electronics,UPI,864.97,4,1.8,7.0,1,1,1.0,1
100759,27255,Beauty,Wallet,1228.29,6,0.9,4.0,2,1,0.5,1
100760,20474,Beauty,Debit Card,282.48,1,10.9,5.0,6,2,0.333,0
100761,21022,Fashion,Debit Card,278.87,2,9.3,5.0,2,2,1.0,1
100762,28752,Electronics,Credit Card,1194.86,5,22.5,8.0,5,1,0.2,0
100763,23200,Fashion,Credit Card,433.97,2,4.7,4.0,4,0,0.0,0
100764,26508,Home,Debit Card,950.21,1,0.5,6.0,9,0,0.0,0
100765,24998,Fashion,COD,650.62,2,6.6,3.0,5,1,0.2,1
100766,25929,Home,Wallet,1135.08,3,41.8,6.0,4,0,0.0,0
100767,22974,Beauty,Wallet,1237.09,1,19.1,6.0,3,0,0.0,1
100768,20996,Beauty,Credit Card,499.47,5,0.4,7.0,3,0,0.0,1
100769,22700,Electronics,COD,610.66,3,24.9,4.0,5,0,0.0,0
100770,25895,Beauty,Debit Card,1357.3,5,7.7,3.0,8,1,0.125,0
100771,25006,Fashion,Credit Card,1313.78,4,5.4,3.0,5,4,0.8,1
100772,24419,Beauty,COD,2111.69,4,5.1,7.0,5,0,0.0,0
100773,22566,Fashion,UPI,1295.78,2,10.9,10.0,4,0,0.0,0
100774,28127,Electronics,Credit Card,999.71,3,9.1,7.0,6,2,0.333,0
100775,22292,Beauty,Debit Card,1460.83,5,12.8,2.0,5,0,0.0,0
100776,28809,Fashion,Debit Card,1150.5,3,10.2,7.0,1,1,1.0,1
100777,22382,Fashion,UPI,318.86,2,1.9,3.0,4,0,0.0,0
100778,23073,Home,Debit Card,991.6,4,3.6,4.0,2,0,0.0,1
100779,21023,Home,Wallet,1413.47,5,22.1,5.0,5,0,0.0,1
100780,26842,Home,Credit Card,1434.08,4,13.1,6.0,2,0,0.0,1
100781,27099,Home,Debit Card,442.29,2,7.1,5.0,5,2,0.4,1
100782,25326,Electronics,Debit Card,568.75,5,2.4,4.0,7,1,0.143,0
100783,24480,Fashion,UPI,473.09,1,0.1,7.0,2,1,0.5,1
100784,28736,Electronics,Debit Card,3070.9,3,4.5,4.0,4,1,0.25,0
100785,26532,Fashion,UPI,666.21,4,0.7,8.0,2,0,0.0,0
100786,22135,Books,COD,1557.65,2,7.9,2.0,6,1,0.167,0
100787,27240,Home,Wallet,3452.05,6,20.7,5.0,2,0,0.0,0
100788,23898,Electronics,COD,791.44,2,4.0,2.0,5,0,0.0,0
100789,24795,Electronics,COD,512.17,2,22.6,3.0,5,0,0.0,0
100790,26464,Books,UPI,1047.61,2,14.6,4.0,3,0,0.0,0
100791,24209,Fashion,COD,865.73,2,1.6,8.0,3,0,0.0,1
100792,26093,Home,Debit Card,563.32,3,12.4,8.0,2,0,0.0,0
100793,28051,Electronics,Debit Card,733.53,4,2.0,7.0,4,1,0.25,0
100794,26941,Home,Debit Card,1429.81,4,12.8,5.0,5,1,0.2,1
100795,25978,Fashion,Debit Card,1906.86,4,1.8,5.0,1,0,0.0,1
100796,21915,Beauty,Debit Card,448.69,1,6.0,8.0,5,1,0.2,0
100797,27272,Books,Wallet,738.85,2,10.0,7.0,1,0,0.0,0
100798,20161,Home,Debit Card,1818.75,5,0.6,5.0,8,1,0.125,1
100799,23011,Home,Credit Card,850.49,3,2.0,,4,1,0.25,0
100800,24369,Books,UPI,643.54,2,4.6,7.0,3,1,0.333,0
100801,28231,Home,Credit Card,489.49,2,7.4,6.0,4,0,0.0,0
100802,20655,Fashion,Credit Card,906.28,7,23.5,4.0,3,0,0.0,0
100803,25300,Home,Credit Card,4678.05,3,2.5,4.0,4,1,0.25,0
100804,24061,Home,Debit Card,968.19,4,5.1,4.0,7,1,0.143,0
100805,26218,Electronics,Debit Card,1746.92,2,7.8,6.0,3,1,0.333,0
100806,25222,Home,COD,2590.75,3,4.2,7.0,6,1,0.167,1
100807,25506,Books,UPI,975.55,4,11.8,2.0,3,0,0.0,0
100808,28574,Books,Debit Card,1176.58,3,3.6,1.0,3,1,0.333,0
100809,26518,Electronics,Debit Card,1003.04,3,17.8,3.0,2,1,0.5,1
100810,20567,Fashion,Debit Card,462.85,5,8.4,4.0,2,0,0.0,0
100811,20577,Books,COD,303.5,2,1.1,8.0,4,1,0.25,0
100812,22566,Beauty,Credit Card,971.28,3,11.8,4.0,6,5,0.833,1
100813,27725,Fashion,Credit Card,844.04,4,10.1,6.0,3,0,0.0,0
100814,24668,Books,COD,2395.92,2,5.0,6.0,4,1,0.25,0
100815,27134,Beauty,Debit Card,945.02,4,0.1,3.0,4,1,0.25,0
100816,22297,Electronics,Credit Card,3925.61,5,2.7,8.0,2,0,0.0,0
100817,26976,Home,Credit Card,914.96,5,6.2,4.0,6,0,0.0,1
100818,22762,Electronics,Wallet,2970.92,3,2.7,8.0,5,0,0.0,0
100819,20895,Fashion,COD,1043.6,2,10.3,5.0,2,1,0.5,1
100820,24734,Electronics,UPI,763.55,1,15.0,4.0,4,0,0.0,0
100821,23132,Beauty,Debit Card,801.18,4,23.3,3.0,6,0,0.0,0
100822,28708,Fashion,UPI,1333.36,3,12.5,5.0,5,0,0.0,0
100823,22287,Electronics,Wallet,1503.62,1,14.0,10.0,6,1,0.167,0
100824,26319,Electronics,Wallet,1497.74,9,11.3,6.0,9,0,0.0,0
100825,20778,Electronics,Credit Card,769.44,3,50.8,6.0,5,2,0.4,1
100826,21290,Books,COD,469.63,1,3.6,4.0,3,0,0.0,0
100827,27780,Electronics,Credit Card,3218.87,5,3.7,6.0,3,0,0.0,0
100828,23847,Electronics,Credit Card,2034.35,5,1.6,5.0,6,0,0.0,0
100829,22521,Home,UPI,2596.07,4,8.0,5.0,6,0,0.0,0
100830,28965,Electronics,Debit Card,1469.82,5,1.2,6.0,4,0,0.0,0
100831,23508,Fashion,Wallet,1115.14,4,3.8,1.0,5,3,0.6,1
100832,28732,Electronics,Credit Card,993.21,2,7.9,5.0,7,0,0.0,0
100833,27631,Fashion,UPI,1463.62,2,37.9,2.0,3,1,0.333,1
100834,24971,Fashion,Wallet,939.06,4,39.8,5.0,5,1,0.2,1
100835,24823,Electronics,Wallet,2144.18,3,16.3,3.0,5,2,0.4,1
100836,21983,Electronics,Credit Card,1356.48,4,5.9,4.0,2,0,0.0,0
100837,27527,Books,Debit Card,287.42,5,24.0,2.0,3,0,0.0,0
100838,23178,Electronics,UPI,2068.99,5,25.0,7.0,2,0,0.0,1
100839,21987,Home,Credit Card,507.64,4,28.9,4.0,6,0,0.0,0
100840,24318,Home,Wallet,1823.75,4,12.3,4.0,4,0,0.0,0
100841,21600,Fashion,Wallet,2291.11,6,2.7,8.0,13,0,0.0,0
100842,24914,Home,Credit Card,938.71,2,1.1,6.0,1,0,0.0,0
100843,27745,Fashion,Credit Card,1509.23,4,29.5,1.0,3,2,0.667,1
100844,27647,Books,Credit Card,1489.05,2,0.7,8.0,5,0,0.0,0
100845,24198,Fashion,Wallet,700.59,3,4.2,9.0,5,1,0.2,0
100846,27367,Electronics,Credit Card,1518.33,3,8.0,8.0,4,1,0.25,1
100847,23320,Fashion,Debit Card,1895.28,3,0.3,6.0,4,3,0.75,1
100848,24529,Books,Debit Card,2214.15,2,28.5,3.0,7,0,0.0,0
100849,20431,Electronics,UPI,485.82,3,4.1,5.0,3,0,0.0,0
100850,23945,Home,Credit Card,1555.93,5,0.3,2.0,4,0,0.0,1
100851,25230,Fashion,Credit Card,529.75,3,60.0,3.0,2,0,0.0,1
100852,28121,Home,Wallet,421.67,2,4.5,3.0,5,1,0.2,1
100853,21704,Fashion,Wallet,955.27,2,25.1,4.0,7,1,0.143,1
100854,28846,Beauty,COD,988.1,3,7.3,5.0,2,0,0.0,0
100855,25096,Fashion,Credit Card,2420.48,5,13.1,4.0,2,1,0.5,0
100856,25756,Fashion,Debit Card,766.32,3,3.3,4.0,1,0,0.0,1
100857,23764,Fashion,UPI,710.62,2,8.4,4.0,8,1,0.125,1
100858,26165,Electronics,Credit Card,1070.85,3,3.6,8.0,2,0,0.0,0
100859,21868,Home,Wallet,649.4,4,36.2,10.0,3,0,0.0,1
100860,21685,Fashion,UPI,611.22,3,0.8,4.0,2,1,0.5,1
100861,26234,Beauty,Credit Card,1504.53,2,3.9,6.0,6,1,0.167,0
100862,25412,Electronics,Wallet,1108.04,8,26.8,3.0,6,0,0.0,1
100863,27697,Electronics,Wallet,1565.65,2,7.8,7.0,5,0,0.0,0
100864,24075,Electronics,Credit Card,1108.72,2,11.0,4.0,4,0,0.0,0
100865,28100,Electronics,UPI,215.18,1,12.7,3.0,5,1,0.2,0
100866,23225,Home,Debit Card,1980.65,7,0.9,9.0,2,0,0.0,0
100867,22555,Fashion,Debit Card,1053.7,2,0.2,2.0,9,0,0.0,1
100868,25638,Fashion,Credit Card,1215.69,3,33.3,1.0,3,2,0.667,1
100869,23077,Beauty,UPI,866.26,3,3.8,7.0,3,1,0.333,1
100870,26008,Books,Wallet,619.62,4,5.7,4.0,3,0,0.0,0
100871,24206,Electronics,UPI,2442.74,4,13.8,4.0,2,1,0.5,1
100872,26133,Fashion,Credit Card,887.46,3,3.2,11.0,1,0,0.0,1
100873,26205,Home,UPI,641.05,4,15.8,7.0,8,2,0.25,0
100874,23992,Electronics,Debit Card,1241.14,3,7.4,,2,1,0.5,1
100875,21372,Fashion,COD,922.68,7,23.3,3.0,5,0,0.0,0
100876,21998,Fashion,Debit Card,308.14,1,3.9,6.0,1,0,0.0,0
100877,20020,Home,Credit Card,1150.18,7,2.7,1.0,4,2,0.5,0
100878,20014,Home,Credit Card,730.63,4,21.4,4.0,3,0,0.0,0
100879,28841,Fashion,COD,630.05,4,4.7,5.0,3,2,0.667,1
100880,26893,Fashion,Credit Card,1766.92,4,6.4,5.0,5,0,0.0,0
100881,24624,Fashion,COD,719.3,2,18.9,5.0,5,1,0.2,0
100882,23416,Home,Credit Card,2581.4,5,12.1,3.0,6,2,0.333,0
100883,26685,Fashion,Debit Card,326.13,1,7.0,7.0,3,2,0.667,1
100884,23282,Fashion,Debit Card,386.3,4,3.5,1.0,1,0,0.0,0
100885,21280,Beauty,Wallet,1190.83,4,17.3,4.0,2,0,0.0,0
100886,20496,Fashion,Wallet,2872.37,3,2.4,4.0,2,0,0.0,1
100887,25815,Home,Credit Card,1297.12,3,31.6,7.0,2,1,0.5,1
100888,21066,Fashion,Debit Card,6493.33,3,2.0,4.0,5,2,0.4,1
100889,27870,Fashion,Credit Card,939.93,2,19.6,6.0,7,1,0.143,0
100890,23894,Fashion,UPI,887.05,2,6.6,6.0,2,0,0.0,0
100891,23039,Home,Debit Card,334.12,5,2.5,1.0,5,0,0.0,0
100892,22147,Beauty,Wallet,1574.18,5,6.2,5.0,6,1,0.167,0
100893,23361,Beauty,Wallet,1043.68,3,3.0,1.0,5,0,0.0,1
100894,28361,Electronics,Debit Card,603.12,2,1.8,6.0,7,1,0.143,0
100895,26143,Home,Debit Card,709.46,2,3.3,3.0,4,0,0.0,0
100896,27373,Fashion,COD,1280.52,6,24.2,8.0,4,0,0.0,1
100897,28159,Fashion,COD,1093.09,5,1.3,5.0,4,0,0.0,0
100898,21242,Beauty,Credit Card,4266.5,5,43.1,3.0,5,2,0.4,0
100899,25323,Fashion,Debit Card,871.86,4,0.1,8.0,6,2,0.333,1
100900,21111,Fashion,Debit Card,1044.08,3,12.9,3.0,0,0,0.0,0
100901,24998,Fashion,Credit Card,740.23,3,23.3,7.0,10,2,0.2,1
100902,27623,Fashion,Credit Card,1232.29,2,32.6,6.0,4,0,0.0,0
100903,26750,Fashion,Credit Card,1211.0,4,1.9,4.0,2,0,0.0,0
100904,22586,Home,UPI,651.08,2,14.4,2.0,3,1,0.333,0
100905,21057,Electronics,Credit Card,297.0,3,1.4,8.0,3,0,0.0,1
100906,25695,Beauty,Credit Card,1091.48,3,5.2,6.0,6,1,0.167,0
100907,26532,Beauty,Credit Card,904.52,4,15.8,3.0,4,0,0.0,1
100908,28845,Electronics,COD,525.08,1,5.1,6.0,2,0,0.0,0
100909,22089,Fashion,COD,598.99,5,4.5,7.0,4,0,0.0,0
100910,26036,Electronics,Debit Card,1819.91,2,1.5,5.0,4,1,0.25,0
100911,22980,Home,Debit Card,910.55,1,0.8,6.0,3,1,0.333,0
100912,22791,Fashion,Wallet,1817.1,2,1.5,7.0,6,3,0.5,1
100913,24972,Home,Credit Card,1083.76,1,25.0,8.0,2,1,0.5,1
100914,22140,Electronics,Credit Card,1098.79,2,0.1,5.0,2,0,0.0,0
100915,25790,Home,Debit Card,388.08,2,14.2,2.0,3,1,0.333,0
100916,22297,Electronics,Credit Card,3291.77,4,17.6,2.0,4,1,0.25,0
100917,22274,Fashion,Debit Card,441.42,2,10.1,3.0,2,1,0.5,1
100918,23866,Books,Wallet,463.57,1,15.7,3.0,3,0,0.0,0
100919,27361,Beauty,UPI,1441.51,3,12.7,1.0,1,0,0.0,0
100920,21506,Fashion,Debit Card,1485.09,3,7.3,9.0,1,0,0.0,1
100921,27708,Beauty,Wallet,1535.31,4,5.8,6.0,3,1,0.333,0
100922,25340,Electronics,Credit Card,1049.12,6,34.0,4.0,2,1,0.5,0
100923,20365,Beauty,Credit Card,655.34,3,42.9,5.0,7,0,0.0,0
100924,26972,Beauty,UPI,3523.79,2,12.6,1.0,4,1,0.25,0
100925,23873,Electronics,UPI,921.24,3,2.6,8.0,3,0,0.0,1
100926,27579,Fashion,Credit Card,494.2,1,7.1,1.0,5,0,0.0,0
100927,20285,Fashion,Debit Card,869.35,6,8.2,6.0,4,0,0.0,0
100928,20382,Electronics,UPI,891.92,2,17.0,1.0,1,0,0.0,0
100929,25250,Home,UPI,867.3,2,13.2,4.0,6,0,0.0,0
100930,23904,Fashion,UPI,762.68,2,8.7,8.0,3,0,0.0,0
100931,21684,Fashion,Debit Card,1186.0,3,13.7,1.0,4,1,0.25,0
100932,23549,Beauty,Credit Card,2218.74,2,0.3,5.0,5,2,0.4,0
100933,23935,Books,Debit Card,762.13,4,18.0,6.0,2,1,0.5,0
100934,21966,Electronics,Credit Card,1249.59,5,2.9,6.0,5,0,0.0,0
100935,27895,Fashion,Wallet,639.44,3,12.8,5.0,5,1,0.2,0
100936,22212,Fashion,Debit Card,1299.8,4,1.5,6.0,4,0,0.0,0
100937,25082,Fashion,Debit Card,865.79,5,1.5,4.0,4,0,0.0,1
100938,28293,Books,COD,561.89,2,0.4,9.0,4,0,0.0,0
100939,27837,Fashion,Debit Card,392.91,3,28.9,1.0,6,1,0.167,0
100940,28325,Home,Debit Card,1154.96,4,11.1,8.0,2,0,0.0,0
100941,25518,Fashion,COD,1575.9,5,5.4,5.0,8,2,0.25,0
100942,28038,Home,COD,4073.12,6,18.6,6.0,4,0,0.0,0
100943,26436,Home,UPI,1443.53,4,11.8,7.0,6,0,0.0,0
100944,26630,Beauty,Credit Card,415.79,1,11.6,6.0,1,0,0.0,1
100945,26720,Fashion,UPI,417.17,3,8.0,3.0,4,1,0.25,1
100946,24145,Fashion,COD,453.29,3,0.1,4.0,1,0,0.0,1
100947,24726,Fashion,Credit Card,353.96,2,3.6,2.0,2,0,0.0,0
100948,25661,Books,Credit Card,2910.65,3,1.4,4.0,8,0,0.0,0
100949,25281,Beauty,COD,915.31,2,13.0,6.0,4,1,0.25,0
100950,25871,Home,Credit Card,664.83,3,3.4,6.0,7,0,0.0,1
100951,26189,Home,COD,684.58,5,7.2,6.0,7,3,0.429,0
100952,25698,Home,Debit Card,651.63,4,5.2,1.0,7,0,0.0,1
100953,25371,Fashion,Debit Card,534.32,2,1.9,4.0,4,1,0.25,0
100954,26329,Books,Credit Card,2399.22,4,38.1,4.0,4,0,0.0,1
100955,25874,Electronics,COD,1069.75,4,32.5,2.0,5,4,0.8,0
100956,23558,Electronics,Debit Card,510.93,5,1.1,3.0,4,0,0.0,0
100957,23724,Electronics,UPI,4356.49,4,21.1,5.0,2,0,0.0,1
100958,27196,Fashion,UPI,388.57,2,8.0,8.0,8,0,0.0,1
100959,27092,Fashion,UPI,661.7,3,17.8,3.0,4,1,0.25,1
100960,28649,Home,Wallet,2070.18,3,2.0,3.0,3,0,0.0,0
100961,20542,Fashion,UPI,1210.02,3,1.7,4.0,7,1,0.143,0
100962,28071,Home,Debit Card,821.55,4,26.6,6.0,7,0,0.0,0
100963,22141,Fashion,Wallet,450.56,3,27.4,8.0,5,0,0.0,1
100964,24086,Electronics,UPI,304.9,1,7.5,5.0,1,1,1.0,1
100965,26965,Fashion,Debit Card,447.05,2,24.5,2.0,7,0,0.0,0
100966,24300,Electronics,Credit Card,773.4,2,13.2,2.0,3,0,0.0,0
100967,22842,Home,COD,863.69,2,2.5,5.0,4,0,0.0,0
100968,20566,Fashion,Debit Card,704.42,2,4.8,7.0,2,0,0.0,0
100969,26316,Home,UPI,1189.38,5,1.8,9.0,3,1,0.333,1
100970,23279,Electronics,Debit Card,502.14,3,17.8,2.0,4,0,0.0,0
100971,24320,Home,Credit Card,918.24,2,50.6,5.0,5,2,0.4,1
100972,26681,Books,UPI,2348.33,4,9.5,3.0,7,0,0.0,0
100973,22072,Home,Credit Card,698.47,2,12.8,,3,2,0.667,0
100974,27759,Fashion,Debit Card,488.15,1,16.4,3.0,4,0,0.0,0
100975,26822,Fashion,UPI,809.47,2,3.0,4.0,2,1,0.5,1
100976,24033,Fashion,Debit Card,1844.99,3,4.9,3.0,2,0,0.0,0
100977,22709,Home,UPI,636.71,4,6.4,10.0,4,0,0.0,0
100978,20219,Fashion,COD,2252.54,3,10.8,4.0,4,0,0.0,0
100979,24227,Electronics,COD,991.59,2,22.8,7.0,3,0,0.0,0
100980,24161,Home,Credit Card,783.51,2,3.5,4.0,4,2,0.5,0
100981,25098,Electronics,Credit Card,1594.82,2,7.6,10.0,7,0,0.0,1
100982,21718,Beauty,UPI,464.09,3,16.7,6.0,5,0,0.0,1
100983,20388,Fashion,Wallet,1290.18,3,1.1,7.0,4,3,0.75,1
100984,27885,Fashion,COD,1409.98,4,8.6,4.0,4,0,0.0,0
100985,27353,Home,COD,621.34,4,1.9,7.0,3,0,0.0,0
100986,27163,Electronics,Debit Card,717.94,1,9.3,6.0,4,0,0.0,1
100987,26964,Home,Debit Card,1117.99,3,17.5,4.0,2,0,0.0,0
100988,28498,Electronics,Debit Card,847.31,3,3.2,3.0,2,2,1.0,0
100989,22990,Fashion,Credit Card,1582.87,3,22.7,4.0,3,2,0.667,1
100990,24910,Beauty,Credit Card,669.31,3,4.9,4.0,2,0,0.0,0
100991,25706,Beauty,Wallet,1109.32,3,2.5,7.0,7,1,0.143,1
100992,23667,Home,Credit Card,711.64,2,7.5,4.0,6,2,0.333,0
100993,23128,Fashion,Credit Card,376.6,1,25.1,1.0,6,2,0.333,0
100994,23184,Home,Credit Card,1041.38,2,0.9,6.0,5,1,0.2,0
100995,20560,Electronics,Wallet,1359.78,8,4.8,8.0,5,1,0.2,1
100996,27031,Fashion,UPI,389.75,3,12.7,1.0,2,0,0.0,0
100997,27345,Books,UPI,413.26,5,5.3,9.0,4,0,0.0,0
100998,24803,Fashion,Wallet,1514.35,3,0.9,8.0,3,0,0.0,0
100999,24399,Books,Debit Card,370.26,2,4.8,4.0,9,1,0.111,0
101000,22637,Electronics,UPI,1115.36,3,20.6,3.0,2,1,0.5,1
101001,22565,Fashion,Credit Card,974.84,3,41.3,7.0,3,0,0.0,1
101002,27901,Electronics,Credit Card,436.54,1,0.5,2.0,8,4,0.5,1
101003,25545,Beauty,COD,3051.25,3,10.1,4.0,7,0,0.0,0
101004,20125,Home,COD,857.81,2,1.3,2.0,6,1,0.167,1
101005,22394,Beauty,Debit Card,1916.2,5,13.7,5.0,6,0,0.0,0
101006,23571,Home,Debit Card,1119.01,3,0.1,8.0,1,0,0.0,0
101007,24834,Home,UPI,670.25,2,0.2,6.0,4,0,0.0,0
101008,28368,Beauty,Credit Card,932.48,3,18.0,7.0,2,0,0.0,0
101009,23795,Fashion,Credit Card,2613.05,4,0.9,4.0,4,0,0.0,1
101010,22698,Electronics,Credit Card,1811.97,3,4.4,5.0,4,0,0.0,1
101011,25839,Fashion,Credit Card,2484.35,2,38.1,2.0,2,0,0.0,0
101012,27106,Books,COD,879.68,2,50.6,5.0,5,0,0.0,0
101013,25656,Books,Credit Card,643.54,4,2.1,3.0,4,0,0.0,0
101014,22675,Fashion,Credit Card,836.17,4,9.9,5.0,1,0,0.0,1
101015,23668,Home,UPI,597.08,5,9.8,4.0,2,1,0.5,0
101016,20771,Books,COD,862.84,1,7.2,4.0,4,2,0.5,1
101017,27218,Fashion,Credit Card,766.32,4,31.0,10.0,2,1,0.5,1
101018,24394,Home,Credit Card,174.16,4,16.8,9.0,2,0,0.0,1
101019,23114,Books,Debit Card,3377.32,2,17.4,8.0,6,2,0.333,0
101020,24743,Fashion,UPI,864.68,5,3.8,9.0,1,0,0.0,0
101021,25297,Home,UPI,385.31,1,6.8,8.0,2,1,0.5,0
101022,21629,Fashion,COD,2099.68,2,8.0,5.0,5,1,0.2,0
101023,21123,Books,Wallet,527.53,4,4.3,5.0,4,0,0.0,0
101024,25790,Books,COD,1865.47,3,1.2,6.0,5,3,0.6,0
101025,28228,Books,UPI,663.04,3,1.6,5.0,10,3,0.3,0
101026,21763,Electronics,Debit Card,348.03,2,2.4,3.0,1,1,1.0,1
101027,28547,Beauty,Credit Card,3388.52,5,2.7,6.0,1,0,0.0,0
101028,24474,Beauty,Wallet,1641.17,3,3.3,2.0,6,2,0.333,0
101029,22213,Electronics,Debit Card,1638.12,3,3.5,5.0,5,0,0.0,1
101030,26003,Beauty,Credit Card,960.22,2,7.3,3.0,5,0,0.0,0
101031,22525,Fashion,UPI,1744.42,5,8.5,5.0,6,0,0.0,0
101032,22970,Home,Debit Card,636.88,6,4.4,5.0,6,1,0.167,0
101033,26578,Fashion,UPI,1008.55,3,28.5,4.0,5,0,0.0,1
101034,21927,Fashion,UPI,540.26,3,9.7,1.0,5,1,0.2,0
101035,22382,Fashion,Debit Card,236.66,1,18.6,2.0,4,0,0.0,0
101036,20006,Home,COD,1393.7,4,31.0,6.0,8,2,0.25,1
101037,23779,Electronics,Credit Card,2182.09,4,2.1,4.0,2,0,0.0,0
101038,21256,Home,Debit Card,1223.78,8,6.7,6.0,4,1,0.25,0
101039,25679,Fashion,UPI,1268.7,7,6.8,5.0,4,0,0.0,0
101040,25127,Electronics,UPI,550.19,4,5.3,5.0,4,1,0.25,0
101041,28278,Electronics,COD,1222.98,5,0.1,6.0,2,0,0.0,0
101042,28857,Beauty,Debit Card,1488.24,3,20.3,4.0,2,0,0.0,0
101043,25455,Electronics,UPI,1751.21,4,1.4,6.0,4,0,0.0,0
101044,23370,Home,Credit Card,1510.59,4,60.0,4.0,3,2,0.667,1
101045,20049,Beauty,Wallet,650.83,3,17.8,11.0,2,0,0.0,0
101046,27316,Home,Debit Card,638.57,3,10.4,3.0,6,0,0.0,0
101047,21676,Fashion,UPI,1520.13,3,2.0,4.0,4,0,0.0,0
101048,28501,Fashion,Credit Card,1772.86,4,8.7,4.0,3,0,0.0,0
101049,22098,Beauty,Credit Card,850.74,3,3.6,2.0,4,0,0.0,0
101050,25578,Fashion,Debit Card,421.7,1,3.5,7.0,5,0,0.0,0
101051,21901,Beauty,COD,2687.13,6,21.2,4.0,5,0,0.0,1
101052,27433,Electronics,UPI,760.01,3,5.7,1.0,4,0,0.0,0
101053,24049,Books,Wallet,1475.67,3,7.2,7.0,3,0,0.0,1
101054,20205,Beauty,Debit Card,501.65,1,22.2,4.0,4,0,0.0,0
101055,27529,Books,Debit Card,649.5,5,1.1,5.0,3,0,0.0,0
101056,20197,Electronics,Credit Card,2026.29,2,10.8,6.0,4,1,0.25,1
101057,21686,Beauty,COD,1170.5,4,10.4,4.0,4,0,0.0,0
101058,26209,Electronics,Credit Card,794.94,5,6.6,4.0,1,0,0.0,0
101059,22904,Electronics,COD,334.32,2,21.2,10.0,4,0,0.0,0
101060,23356,Home,Wallet,355.16,2,34.4,1.0,3,1,0.333,0
101061,21793,Beauty,Wallet,615.74,2,7.5,2.0,6,1,0.167,0
101062,22890,Books,UPI,2994.05,3,7.3,3.0,7,1,0.143,0
101063,26083,Beauty,UPI,542.28,2,8.4,9.0,6,1,0.167,1
101064,20776,Electronics,COD,2595.72,4,15.4,4.0,3,0,0.0,0
101065,25089,Electronics,Credit Card,1125.81,5,13.2,6.0,3,0,0.0,0
101066,24017,Home,UPI,464.34,3,3.0,4.0,2,0,0.0,0
101067,25792,Fashion,Credit Card,916.71,5,0.8,6.0,3,2,0.667,1
101068,27841,Fashion,Debit Card,437.34,3,35.8,5.0,6,0,0.0,1
101069,20598,Electronics,Credit Card,728.61,5,3.6,6.0,7,0,0.0,0
101070,21078,Fashion,Credit Card,640.15,4,12.2,8.0,4,0,0.0,1
101071,20704,Fashion,Debit Card,245.74,2,21.2,6.0,5,1,0.2,1
101072,26455,Fashion,Debit Card,2699.51,4,4.3,3.0,5,0,0.0,0
101073,20686,Fashion,UPI,1070.54,3,12.1,6.0,3,0,0.0,1
101074,22001,Fashion,Credit Card,806.7,5,1.4,10.0,8,3,0.375,1
101075,21080,Books,UPI,1077.46,3,42.1,6.0,6,0,0.0,1
101076,21797,Electronics,Credit Card,571.36,3,0.7,5.0,3,0,0.0,0
101077,24226,Electronics,UPI,189.93,3,6.9,2.0,1,0,0.0,0
101078,25315,Home,UPI,7177.7,5,9.2,7.0,2,0,0.0,0
101079,23590,Fashion,UPI,1364.41,5,18.8,7.0,4,0,0.0,0
101080,27106,Books,UPI,662.42,3,1.5,6.0,3,0,0.0,0
101081,21424,Beauty,Debit Card,241.34,2,7.0,5.0,4,1,0.25,0
101082,25056,Fashion,COD,314.22,2,4.3,11.0,7,1,0.143,0
101083,25569,Electronics,Debit Card,2545.29,3,4.5,7.0,4,0,0.0,0
101084,28765,Beauty,Debit Card,2322.66,3,18.1,8.0,5,0,0.0,0
101085,21800,Books,UPI,1482.13,3,0.1,5.0,7,0,0.0,1
101086,20807,Electronics,Credit Card,483.12,3,16.6,5.0,3,1,0.333,1
101087,27675,Home,UPI,2333.89,3,20.0,6.0,4,0,0.0,0
101088,25559,Fashion,UPI,1235.43,3,27.8,5.0,6,0,0.0,0
101089,22942,Books,Debit Card,1397.25,3,11.8,5.0,3,1,0.333,0
101090,27525,Fashion,Credit Card,1232.76,3,4.9,6.0,4,0,0.0,0
101091,23026,Books,Credit Card,583.34,7,6.7,4.0,1,0,0.0,0
101092,21053,Home,Wallet,459.62,3,42.0,5.0,4,0,0.0,0
101093,20252,Home,UPI,567.05,2,25.6,5.0,3,0,0.0,0
101094,22533,Electronics,Credit Card,1602.52,4,7.5,7.0,3,0,0.0,0
101095,24547,Fashion,Debit Card,412.01,3,34.4,4.0,4,0,0.0,1
101096,27156,Fashion,UPI,1096.1,5,20.8,1.0,4,0,0.0,0
101097,25013,Fashion,COD,979.64,4,27.8,4.0,3,0,0.0,0
101098,21480,Fashion,Credit Card,1517.7,3,13.8,6.0,2,0,0.0,0
101099,25013,Beauty,Credit Card,1413.9,3,23.4,7.0,1,1,1.0,0
101100,20956,Electronics,COD,297.04,1,26.7,3.0,6,0,0.0,0
101101,28227,Fashion,Credit Card,3432.23,7,1.2,6.0,4,1,0.25,0
101102,22811,Books,Credit Card,541.97,4,40.3,7.0,3,1,0.333,0
101103,21355,Beauty,Wallet,2345.05,5,4.9,7.0,3,0,0.0,0
101104,25442,Books,UPI,391.47,1,7.0,3.0,3,1,0.333,1
101105,23026,Books,Credit Card,600.86,1,18.8,3.0,4,0,0.0,0
101106,26748,Fashion,Credit Card,1080.2,3,13.1,6.0,1,0,0.0,0
101107,24432,Electronics,Credit Card,613.16,1,26.8,9.0,7,0,0.0,1
101108,22325,Beauty,Credit Card,1825.15,5,6.1,5.0,2,0,0.0,0
101109,24743,Home,COD,1540.09,5,5.6,5.0,7,1,0.143,1
101110,21629,Fashion,Debit Card,1509.44,3,0.4,2.0,7,4,0.571,1
101111,20938,Beauty,UPI,1246.48,3,7.5,4.0,3,0,0.0,0
101112,22231,Fashion,Wallet,510.03,4,15.5,3.0,5,1,0.2,0
101113,20646,Fashion,Debit Card,905.47,2,4.3,5.0,4,2,0.5,1
101114,21939,Electronics,Credit Card,868.18,5,7.5,2.0,2,0,0.0,0
101115,21251,Home,UPI,279.9,1,3.0,4.0,6,1,0.167,0
101116,28689,Home,Wallet,915.29,4,17.8,3.0,4,2,0.5,0
101117,21807,Fashion,COD,607.86,1,0.7,7.0,3,0,0.0,0
101118,21582,Beauty,Credit Card,1673.65,7,14.7,3.0,5,2,0.4,0
101119,27310,Fashion,UPI,1777.43,3,5.7,4.0,1,0,0.0,0
101120,23522,Fashion,UPI,1687.43,2,0.5,6.0,5,1,0.2,1
101121,22820,Beauty,Wallet,1154.1,3,23.0,4.0,4,0,0.0,0
101122,21624,Books,Credit Card,1660.68,5,8.0,10.0,9,2,0.222,0
101123,25082,Beauty,UPI,815.47,2,11.0,7.0,2,0,0.0,0
101124,25594,Beauty,COD,2113.74,6,15.8,5.0,3,0,0.0,0
101125,28690,Home,Debit Card,1263.32,3,12.8,6.0,8,2,0.25,0
101126,25517,Home,Debit Card,745.37,2,15.8,1.0,4,0,0.0,0
101127,20473,Fashion,Credit Card,2801.09,2,17.2,8.0,6,3,0.5,0
101128,22731,Electronics,Credit Card,392.4,1,10.7,6.0,4,1,0.25,0
101129,27404,Electronics,Debit Card,2914.32,5,5.5,5.0,3,0,0.0,0
101130,25447,Fashion,Wallet,341.72,2,3.3,6.0,8,5,0.625,1
101131,22091,Home,Debit Card,1774.58,4,28.0,7.0,3,1,0.333,0
101132,20339,Electronics,Debit Card,2883.21,5,42.0,4.0,4,0,0.0,0
101133,24907,Fashion,UPI,424.77,6,5.3,6.0,4,1,0.25,0
101134,27630,Fashion,Credit Card,837.1,2,1.4,7.0,5,0,0.0,0
101135,25197,Home,Debit Card,1673.04,4,3.0,6.0,4,0,0.0,0
101136,23329,Fashion,UPI,1551.62,6,13.3,4.0,7,0,0.0,0
101137,26407,Beauty,COD,1183.46,3,2.3,6.0,6,3,0.5,1
101138,22555,Electronics,UPI,1023.56,3,18.2,8.0,6,2,0.333,1
101139,20731,Electronics,UPI,631.55,5,30.8,7.0,7,0,0.0,1
101140,28329,Home,Credit Card,2254.82,1,39.8,2.0,4,0,0.0,1
101141,25382,Beauty,Wallet,569.32,2,0.1,6.0,7,1,0.143,0
101142,21968,Electronics,Credit Card,1730.86,6,38.1,6.0,7,0,0.0,1
101143,23234,Home,COD,826.02,5,16.2,8.0,5,2,0.4,1
101144,25575,Home,Credit Card,196.58,2,1.1,5.0,1,0,0.0,0
101145,24553,Fashion,Wallet,541.64,3,6.4,4.0,2,0,0.0,0
101146,20257,Beauty,UPI,395.73,3,14.4,2.0,9,2,0.222,0
101147,25142,Beauty,COD,1815.74,3,37.7,3.0,4,0,0.0,1
101148,23411,Home,Credit Card,535.1,2,2.2,8.0,2,0,0.0,0
101149,23070,Beauty,Debit Card,800.06,4,1.6,5.0,1,0,0.0,0
101150,25100,Beauty,UPI,406.66,2,7.7,5.0,2,0,0.0,0
101151,28543,Home,COD,814.84,2,41.3,8.0,3,0,0.0,1
101152,27849,Beauty,Credit Card,613.65,3,42.6,7.0,5,0,0.0,0
101153,28051,Home,Wallet,2208.64,5,3.1,3.0,4,1,0.25,0
101154,25398,Home,COD,1305.54,4,4.6,8.0,3,0,0.0,0
101155,23565,Home,Credit Card,386.41,1,28.6,1.0,2,0,0.0,0
101156,26733,Beauty,COD,2028.11,5,15.9,6.0,4,1,0.25,1
101157,27844,Fashion,UPI,947.73,3,43.0,6.0,2,1,0.5,1
101158,26130,Beauty,Debit Card,955.47,3,26.8,8.0,3,0,0.0,1
101159,28828,Beauty,Debit Card,452.85,4,2.9,6.0,1,0,0.0,1
101160,23357,Fashion,UPI,903.84,3,17.1,4.0,0,0,0.0,1
101161,27486,Beauty,UPI,934.02,2,0.6,5.0,2,2,1.0,1
101162,24894,Fashion,Debit Card,1212.14,1,20.4,11.0,2,0,0.0,1
101163,24306,Electronics,UPI,490.51,2,11.0,5.0,4,1,0.25,0
101164,21449,Home,UPI,3021.29,2,37.5,6.0,4,0,0.0,0
101165,25241,Fashion,UPI,1317.42,3,38.6,1.0,3,1,0.333,1
101166,21397,Beauty,Credit Card,309.49,2,0.6,3.0,3,0,0.0,0
101167,23569,Beauty,COD,463.8,2,2.1,6.0,3,0,0.0,0
101168,24662,Electronics,Debit Card,1806.55,2,7.9,1.0,1,1,1.0,0
101169,24910,Fashion,Credit Card,2296.37,4,25.4,6.0,1,0,0.0,0
101170,28287,Fashion,Credit Card,550.52,1,20.2,3.0,2,1,0.5,1
101171,23200,Home,Debit Card,842.63,2,40.0,3.0,4,0,0.0,1
101172,26455,Books,COD,382.91,2,11.6,3.0,4,0,0.0,0
101173,28458,Home,Debit Card,2406.7,4,3.6,8.0,4,1,0.25,0
101174,22651,Fashion,UPI,673.21,5,0.3,6.0,5,1,0.2,1
101175,24120,Home,Credit Card,1278.47,2,3.0,3.0,6,1,0.167,1
101176,22427,Electronics,Debit Card,2122.89,3,13.5,7.0,5,0,0.0,0
101177,20409,Beauty,Wallet,1253.4,5,31.3,7.0,2,0,0.0,0
101178,28680,Fashion,COD,1685.59,3,4.6,4.0,5,0,0.0,0
101179,27281,Beauty,Credit Card,1650.09,1,25.0,7.0,5,1,0.2,1
101180,26595,Electronics,UPI,639.56,1,6.0,7.0,2,2,1.0,1
101181,21986,Books,Credit Card,980.41,4,4.4,7.0,6,1,0.167,1
101182,26330,Electronics,Debit Card,1169.82,5,8.5,4.0,4,0,0.0,0
101183,21261,Home,COD,348.7,1,7.0,2.0,4,1,0.25,0
101184,25034,Books,COD,344.0,1,29.4,1.0,4,0,0.0,0
101185,21037,Fashion,Credit Card,1229.98,3,7.6,4.0,3,2,0.667,1
101186,22601,Books,Wallet,697.99,2,3.9,4.0,6,0,0.0,0
101187,25890,Home,UPI,1325.69,4,22.2,4.0,7,2,0.286,0
101188,22000,Fashion,Debit Card,315.01,2,60.0,5.0,7,0,0.0,1
101189,23369,Electronics,UPI,1261.82,6,12.5,9.0,2,1,0.5,1
101190,24659,Home,UPI,1010.37,1,3.5,4.0,3,0,0.0,0
101191,26514,Fashion,UPI,393.55,2,3.3,5.0,2,1,0.5,1
101192,28034,Home,Debit Card,952.63,3,0.7,1.0,3,0,0.0,0
101193,22636,Electronics,UPI,309.99,3,1.0,10.0,6,0,0.0,0
101194,22663,Home,Credit Card,430.97,3,29.6,2.0,6,1,0.167,0
101195,27599,Fashion,COD,1531.35,3,1.2,3.0,1,0,0.0,0
101196,24288,Beauty,UPI,783.47,3,7.9,7.0,6,0,0.0,0
101197,21734,Books,Credit Card,2814.53,3,14.4,6.0,4,2,0.5,1
101198,20136,Books,COD,998.29,2,22.8,9.0,7,2,0.286,1
101199,23056,Home,Wallet,1296.81,3,2.3,7.0,2,0,0.0,0
101200,21957,Fashion,Wallet,403.7,2,6.9,5.0,3,0,0.0,0
101201,20049,Beauty,Debit Card,748.63,3,3.5,7.0,6,2,0.333,0
101202,25102,Fashion,Credit Card,496.21,2,3.5,8.0,5,0,0.0,1
101203,20792,Fashion,UPI,287.36,1,4.3,4.0,4,0,0.0,0
101204,26816,Electronics,Credit Card,1622.11,4,10.6,7.0,3,0,0.0,0
101205,20651,Electronics,Wallet,1584.49,3,0.2,5.0,4,1,0.25,0
101206,25897,Beauty,Credit Card,978.42,2,6.3,5.0,6,4,0.667,1
101207,22961,Home,Credit Card,662.69,4,2.5,5.0,6,1,0.167,0
101208,22415,Electronics,Debit Card,939.18,2,41.0,4.0,7,0,0.0,1
101209,25603,Fashion,Debit Card,299.38,3,10.5,4.0,4,0,0.0,0
101210,27807,Books,COD,2086.23,3,24.3,7.0,6,0,0.0,0
101211,20447,Electronics,Debit Card,353.43,2,2.6,2.0,4,1,0.25,0
101212,26625,Electronics,Credit Card,786.38,8,19.9,3.0,4,0,0.0,0
101213,26555,Fashion,Credit Card,825.3,2,6.4,6.0,2,0,0.0,0
101214,24085,Beauty,UPI,1231.07,4,2.3,5.0,2,0,0.0,0
101215,25527,Home,Credit Card,737.25,2,17.2,7.0,11,0,0.0,0
101216,28511,Fashion,UPI,395.64,2,17.2,6.0,2,0,0.0,1
101217,22648,Fashion,UPI,1861.83,3,60.0,2.0,4,0,0.0,1
101218,22020,Home,UPI,343.0,3,18.2,5.0,5,3,0.6,0
101219,21895,Home,Wallet,316.28,2,1.9,6.0,4,1,0.25,0
101220,22588,Fashion,Wallet,1021.43,4,4.7,6.0,3,0,0.0,0
101221,23283,Books,Wallet,255.05,1,7.2,4.0,5,0,0.0,0
101222,21339,Fashion,Credit Card,2535.88,5,1.6,4.0,3,1,0.333,0
101223,27988,Electronics,Credit Card,268.56,1,18.6,4.0,7,0,0.0,0
101224,20278,Books,Debit Card,3099.31,5,9.0,2.0,2,0,0.0,0
101225,23379,Electronics,COD,1013.41,1,34.7,2.0,4,2,0.5,1
101226,21562,Home,Wallet,1142.57,1,10.7,6.0,7,0,0.0,0
101227,22284,Electronics,COD,2389.49,2,8.9,3.0,6,2,0.333,0
101228,23721,Fashion,Credit Card,990.33,3,0.9,6.0,2,0,0.0,0
101229,22428,Books,Wallet,513.64,3,1.9,4.0,5,1,0.2,0
101230,21697,Electronics,Debit Card,1023.87,4,22.7,2.0,4,2,0.5,1
101231,27541,Beauty,Credit Card,775.22,4,56.1,4.0,7,0,0.0,0
101232,21951,Fashion,Debit Card,711.68,4,6.4,10.0,6,1,0.167,1
101233,27677,Fashion,Credit Card,596.16,1,19.9,5.0,6,0,0.0,0
101234,25576,Fashion,UPI,638.77,2,11.9,6.0,4,0,0.0,1
101235,27880,Home,Debit Card,490.41,2,38.3,5.0,4,1,0.25,1
101236,28350,Electronics,Debit Card,664.7,2,3.3,2.0,6,0,0.0,0
101237,20647,Beauty,UPI,1311.19,3,9.4,8.0,8,3,0.375,0
101238,26881,Electronics,COD,2161.53,5,6.3,4.0,0,0,0.0,0
101239,25489,Books,UPI,360.52,3,9.4,2.0,2,0,0.0,0
101240,26839,Fashion,Debit Card,1112.05,6,3.8,4.0,4,0,0.0,0
101241,24707,Beauty,COD,707.52,2,8.3,5.0,1,0,0.0,0
101242,27855,Beauty,Wallet,535.73,4,11.8,7.0,1,0,0.0,0
101243,20911,Beauty,Credit Card,716.77,2,1.0,4.0,3,1,0.333,1
101244,22763,Beauty,UPI,1030.81,3,16.3,11.0,4,1,0.25,1
101245,24341,Beauty,Debit Card,1051.4,2,14.7,3.0,1,0,0.0,0
101246,20429,Home,Credit Card,806.63,2,25.5,6.0,5,1,0.2,1
101247,21568,Fashion,UPI,555.98,3,6.7,1.0,3,0,0.0,0
101248,25285,Fashion,COD,3154.31,3,0.8,5.0,5,0,0.0,1
101249,28253,Books,Credit Card,1551.2,3,7.4,6.0,5,1,0.2,0
101250,21784,Home,COD,1696.55,5,1.8,3.0,5,0,0.0,0
101251,27835,Beauty,COD,1407.36,2,12.5,8.0,5,1,0.2,1
101252,21468,Electronics,Wallet,1092.33,3,0.6,6.0,5,0,0.0,0
101253,22126,Fashion,Credit Card,2040.78,3,5.6,4.0,3,0,0.0,1
101254,23897,Fashion,Wallet,1126.95,4,1.0,6.0,5,2,0.4,0
101255,26883,Home,Debit Card,1090.29,4,0.0,4.0,3,1,0.333,0
101256,25462,Electronics,UPI,1594.45,4,38.8,8.0,3,0,0.0,1
101257,22044,Fashion,Credit Card,3709.93,7,60.0,7.0,3,0,0.0,0
101258,20715,Electronics,Credit Card,1907.98,2,9.7,6.0,3,0,0.0,0
101259,23573,Fashion,UPI,1737.89,5,3.3,6.0,5,3,0.6,0
101260,22719,Home,Debit Card,1660.19,5,29.0,2.0,5,1,0.2,0
101261,26590,Fashion,Credit Card,1848.9,5,30.8,8.0,3,0,0.0,1
101262,22326,Beauty,Credit Card,2199.73,5,23.1,5.0,3,0,0.0,0
101263,21924,Electronics,UPI,1187.07,1,9.4,7.0,3,1,0.333,0
101264,27903,Electronics,Credit Card,668.22,2,0.9,7.0,4,1,0.25,0
101265,22875,Fashion,COD,2080.04,3,1.1,7.0,5,2,0.4,1
101266,27370,Fashion,Credit Card,669.01,1,27.2,3.0,5,0,0.0,0
101267,21607,Electronics,Credit Card,1393.91,3,25.0,3.0,6,0,0.0,0
101268,21106,Electronics,Debit Card,2495.68,4,6.8,10.0,4,2,0.5,1
101269,24038,Home,Debit Card,2411.39,8,4.8,2.0,2,0,0.0,0
101270,23966,Fashion,Debit Card,2109.73,5,12.4,3.0,6,1,0.167,1
101271,21015,Home,Debit Card,746.69,3,19.7,5.0,5,1,0.2,0
101272,20616,Beauty,Wallet,2317.61,3,15.8,5.0,2,2,1.0,1
101273,21322,Beauty,UPI,1848.5,5,11.5,4.0,0,0,0.0,0
101274,24398,Fashion,Credit Card,830.65,2,3.2,6.0,6,0,0.0,0
101275,27012,Electronics,Debit Card,1491.02,2,3.7,7.0,2,2,1.0,1
101276,22170,Fashion,COD,5752.66,5,15.5,5.0,4,1,0.25,0
101277,25000,Fashion,Debit Card,603.87,5,19.5,4.0,3,0,0.0,0
101278,22382,Books,Credit Card,823.56,6,1.5,5.0,3,2,0.667,1
101279,27328,Fashion,COD,2727.62,1,2.5,4.0,4,0,0.0,0
101280,20288,Electronics,UPI,994.85,2,13.7,1.0,3,0,0.0,0
101281,20507,Home,UPI,863.59,2,5.9,6.0,5,0,0.0,1
101282,23871,Home,Credit Card,508.15,1,9.9,7.0,4,0,0.0,0
101283,21824,Home,Credit Card,1590.23,2,11.4,5.0,5,1,0.2,0
101284,26752,Fashion,UPI,3689.78,2,18.0,1.0,11,2,0.182,1
101285,22391,Electronics,Credit Card,365.36,1,19.7,4.0,2,0,0.0,0
101286,28051,Electronics,UPI,1258.6,6,3.9,7.0,4,2,0.5,0
101287,26789,Fashion,UPI,623.99,2,9.4,2.0,4,0,0.0,0
101288,25056,Electronics,Debit Card,1195.47,2,1.6,7.0,3,1,0.333,0
101289,24182,Fashion,Wallet,1964.01,3,22.1,,6,1,0.167,1
101290,28721,Fashion,COD,4073.59,8,22.4,5.0,5,0,0.0,1
101291,27585,Electronics,UPI,2113.1,6,4.3,3.0,2,1,0.5,1
101292,20199,Fashion,Credit Card,4938.15,4,2.1,3.0,6,1,0.167,1
101293,26712,Home,Credit Card,385.73,1,0.9,8.0,7,5,0.714,1
101294,24361,Home,Debit Card,466.78,2,10.3,7.0,8,3,0.375,0
101295,20546,Beauty,Credit Card,2630.04,4,1.2,6.0,2,1,0.5,1
101296,24999,Fashion,Wallet,586.22,1,13.7,7.0,4,0,0.0,1
101297,27562,Fashion,Credit Card,337.31,2,13.6,6.0,6,1,0.167,1
101298,28580,Fashion,Debit Card,637.11,2,11.4,7.0,5,0,0.0,0
101299,20279,Home,Debit Card,1555.07,6,25.1,4.0,4,0,0.0,0
101300,23827,Home,UPI,739.07,4,5.7,8.0,7,1,0.143,0
101301,22205,Fashion,Credit Card,513.12,3,27.9,8.0,2,0,0.0,0
101302,27790,Books,Debit Card,1075.07,5,0.5,6.0,5,0,0.0,0
101303,25913,Fashion,Credit Card,497.99,3,1.4,4.0,4,3,0.75,1
101304,24774,Electronics,COD,1127.38,2,6.4,2.0,3,1,0.333,0
101305,26978,Home,Credit Card,339.29,4,10.8,6.0,8,1,0.125,1
101306,21700,Beauty,Wallet,813.08,2,0.4,9.0,3,1,0.333,0
101307,26541,Home,COD,1487.5,4,10.1,2.0,4,0,0.0,0
101308,27497,Beauty,Debit Card,1263.39,6,4.4,7.0,5,1,0.2,0
101309,22371,Electronics,COD,1817.54,3,26.2,4.0,5,0,0.0,0
101310,28908,Beauty,Credit Card,414.46,3,9.1,4.0,8,1,0.125,0
101311,23486,Fashion,Wallet,505.69,2,10.6,2.0,6,3,0.5,0
101312,25544,Beauty,UPI,893.48,4,34.9,3.0,6,1,0.167,0
101313,21057,Electronics,Debit Card,1867.5,5,17.3,6.0,4,1,0.25,1
101314,21869,Beauty,Debit Card,878.03,2,6.9,7.0,3,2,0.667,1
101315,22241,Electronics,Credit Card,4826.61,6,7.8,6.0,4,0,0.0,0
101316,21361,Home,Wallet,581.63,3,12.5,4.0,5,1,0.2,0
101317,20852,Electronics,Credit Card,471.61,4,2.7,3.0,1,0,0.0,0
101318,24733,Home,UPI,2253.02,2,1.1,5.0,4,1,0.25,0
101319,26428,Fashion,Debit Card,516.05,5,4.5,4.0,2,0,0.0,1
101320,20547,Fashion,Wallet,820.44,1,18.1,5.0,5,3,0.6,0
101321,26092,Fashion,Credit Card,741.5,6,3.6,4.0,5,0,0.0,0
101322,22508,Fashion,UPI,351.82,5,1.7,4.0,3,0,0.0,1
101323,24994,Beauty,Debit Card,753.28,3,3.0,5.0,7,3,0.429,1
101324,21584,Fashion,UPI,1868.42,4,13.6,6.0,3,0,0.0,0
101325,23769,Books,Credit Card,370.0,2,11.4,8.0,2,0,0.0,1
101326,27645,Electronics,Credit Card,1332.7,3,14.0,4.0,1,0,0.0,0
101327,20250,Fashion,Credit Card,1217.18,2,4.7,6.0,4,2,0.5,1
101328,20300,Beauty,UPI,621.95,6,27.7,9.0,5,2,0.4,0
101329,21905,Home,Credit Card,671.77,2,7.2,6.0,1,0,0.0,1
101330,24852,Electronics,UPI,2805.65,4,8.7,8.0,4,0,0.0,0
101331,23533,Home,Credit Card,1393.62,3,35.7,4.0,4,1,0.25,1
101332,28213,Home,COD,930.99,4,46.5,3.0,6,1,0.167,0
101333,27488,Fashion,Wallet,698.67,1,13.0,5.0,1,0,0.0,1
101334,26973,Books,UPI,807.19,5,34.8,5.0,6,0,0.0,1
101335,22611,Books,Debit Card,1502.36,2,9.4,7.0,6,2,0.333,0
101336,23670,Home,Credit Card,1839.52,3,4.4,3.0,4,1,0.25,0
101337,28729,Fashion,Credit Card,1014.19,3,4.5,5.0,5,0,0.0,1
101338,27748,Home,Credit Card,1083.26,3,9.8,7.0,8,1,0.125,1
101339,25995,Fashion,UPI,422.97,2,11.1,5.0,5,2,0.4,0
101340,24281,Fashion,UPI,419.09,3,6.9,5.0,3,0,0.0,0
101341,28867,Fashion,Wallet,434.43,1,25.8,6.0,4,0,0.0,1
101342,21581,Electronics,Debit Card,1265.77,6,6.7,3.0,3,1,0.333,0
101343,26804,Beauty,UPI,2303.75,5,3.8,,3,0,0.0,0
101344,21206,Home,Debit Card,2320.03,6,0.1,2.0,6,2,0.333,0
101345,26050,Home,UPI,1053.85,3,42.3,5.0,5,1,0.2,0
101346,25584,Electronics,Credit Card,2487.52,5,20.9,7.0,4,0,0.0,1
101347,21446,Electronics,Debit Card,618.35,4,11.5,7.0,1,0,0.0,1
101348,25058,Electronics,Debit Card,1039.4,1,21.3,8.0,7,1,0.143,1
101349,22629,Books,UPI,338.91,1,19.9,8.0,0,0,0.0,0
101350,20692,Fashion,Wallet,1620.34,2,32.2,5.0,3,0,0.0,1
101351,28843,Beauty,Debit Card,1080.46,4,5.9,5.0,2,0,0.0,0
101352,23006,Home,Credit Card,284.39,3,9.7,8.0,3,0,0.0,0
101353,27454,Electronics,Debit Card,1687.9,4,1.2,3.0,2,0,0.0,0
101354,23698,Home,UPI,1770.25,4,40.3,2.0,1,0,0.0,1
101355,27696,Electronics,Credit Card,585.59,2,50.5,4.0,5,2,0.4,1
101356,28405,Beauty,COD,871.65,4,18.7,4.0,7,0,0.0,1
101357,25793,Books,Wallet,699.84,2,7.3,5.0,1,0,0.0,0
101358,22222,Electronics,Wallet,343.11,4,8.2,3.0,2,1,0.5,0
101359,20563,Fashion,Credit Card,348.67,7,6.9,6.0,4,0,0.0,0
101360,24266,Home,COD,1681.68,2,4.2,4.0,6,3,0.5,0
101361,27573,Books,UPI,664.28,4,9.0,8.0,2,0,0.0,0
101362,21506,Fashion,Debit Card,4060.41,6,0.7,2.0,4,0,0.0,0
101363,22937,Home,UPI,2146.4,3,57.8,5.0,4,1,0.25,1
101364,21231,Home,COD,3118.28,5,6.6,4.0,3,3,1.0,1
101365,20822,Home,Debit Card,521.34,2,31.5,6.0,3,1,0.333,0
101366,27595,Fashion,Debit Card,293.4,2,15.5,7.0,2,1,0.5,1
101367,23589,Home,Debit Card,283.69,1,4.1,6.0,4,1,0.25,0
101368,23801,Books,UPI,589.16,2,3.0,5.0,3,0,0.0,0
101369,22903,Fashion,Credit Card,262.23,4,60.0,7.0,1,0,0.0,1
101370,23246,Fashion,Wallet,818.84,4,17.7,7.0,2,0,0.0,0
101371,24929,Books,UPI,835.72,3,3.4,6.0,1,0,0.0,0
101372,21270,Fashion,UPI,250.47,1,0.8,6.0,8,1,0.125,0
101373,26609,Beauty,Credit Card,505.23,3,14.3,6.0,6,0,0.0,0
101374,26044,Electronics,UPI,674.66,2,4.3,1.0,3,1,0.333,0
101375,20496,Fashion,Credit Card,1348.73,4,3.0,4.0,5,0,0.0,0
101376,21304,Beauty,Credit Card,319.1,1,15.9,6.0,2,1,0.5,1
101377,23595,Electronics,UPI,917.75,2,13.6,4.0,6,0,0.0,0
101378,21031,Electronics,Debit Card,1182.34,4,7.9,4.0,3,0,0.0,0
101379,20958,Electronics,UPI,1252.44,5,34.3,6.0,4,2,0.5,1
101380,28002,Home,Credit Card,368.26,1,13.7,6.0,2,0,0.0,0
101381,22108,Fashion,Debit Card,423.81,3,26.9,6.0,3,0,0.0,0
101382,21895,Electronics,Credit Card,2131.21,2,2.5,3.0,6,0,0.0,0
101383,26986,Books,Wallet,1124.12,2,4.2,2.0,4,1,0.25,0
101384,20723,Fashion,UPI,1724.59,3,1.3,7.0,2,0,0.0,0
101385,21179,Home,UPI,732.45,2,4.4,3.0,5,2,0.4,0
101386,20883,Electronics,Debit Card,1103.57,5,42.8,3.0,4,0,0.0,1
101387,22783,Beauty,Credit Card,1461.97,4,39.5,3.0,7,3,0.429,0
101388,27822,Fashion,Wallet,362.25,4,17.1,8.0,6,1,0.167,0
101389,22511,Books,Debit Card,683.41,6,8.8,5.0,4,1,0.25,0
101390,28836,Electronics,Debit Card,674.84,4,18.2,6.0,5,0,0.0,0
101391,23469,Fashion,UPI,718.07,3,9.7,7.0,2,0,0.0,0
101392,25376,Fashion,Credit Card,556.4,3,0.0,5.0,5,0,0.0,0
101393,24126,Fashion,COD,1151.7,3,8.4,7.0,5,0,0.0,0
101394,26781,Electronics,UPI,1143.69,4,11.0,2.0,3,0,0.0,0
101395,22955,Electronics,Credit Card,2808.59,5,3.7,3.0,2,0,0.0,0
101396,25821,Beauty,Credit Card,3397.62,2,2.7,2.0,5,0,0.0,1
101397,26118,Electronics,Credit Card,360.99,2,3.8,6.0,8,3,0.375,0
101398,22198,Fashion,COD,594.89,1,11.7,6.0,5,0,0.0,0
101399,28525,Home,UPI,1572.26,7,1.9,4.0,4,0,0.0,0
101400,23629,Home,Credit Card,539.95,1,15.3,4.0,3,1,0.333,0
101401,21631,Fashion,Credit Card,401.69,2,6.6,8.0,4,1,0.25,0
101402,22788,Fashion,UPI,702.33,5,5.2,3.0,4,0,0.0,0
101403,20747,Fashion,UPI,629.07,1,19.8,6.0,3,1,0.333,1
101404,24315,Home,Debit Card,534.91,3,8.5,3.0,1,0,0.0,0
101405,23189,Home,Debit Card,847.37,2,5.7,7.0,3,1,0.333,1
101406,23424,Electronics,Credit Card,664.48,2,25.3,6.0,4,0,0.0,0
101407,23674,Beauty,UPI,1026.9,3,5.5,2.0,4,0,0.0,0
101408,23859,Beauty,Wallet,532.36,3,23.5,4.0,5,3,0.6,1
101409,28639,Home,Credit Card,1036.69,3,8.4,1.0,2,1,0.5,0
101410,28689,Beauty,UPI,555.98,3,2.8,7.0,2,0,0.0,1
101411,28100,Fashion,Debit Card,1038.7,3,11.4,10.0,4,1,0.25,1
101412,23389,Fashion,Debit Card,2106.84,3,4.0,1.0,2,0,0.0,0
101413,21994,Fashion,Credit Card,1424.12,5,1.9,2.0,7,2,0.286,1
101414,25503,Fashion,COD,934.2,2,1.1,5.0,3,0,0.0,0
101415,21192,Electronics,Debit Card,1257.52,2,3.3,,1,0,0.0,0
101416,23190,Books,UPI,406.33,3,16.0,4.0,2,1,0.5,0
101417,24867,Fashion,Debit Card,2645.62,3,21.8,1.0,5,0,0.0,1
101418,28006,Fashion,Credit Card,578.13,4,23.7,6.0,3,0,0.0,1
101419,22586,Electronics,Credit Card,1598.95,3,3.8,7.0,0,0,0.0,0
101420,21953,Books,UPI,1205.58,2,13.0,11.0,5,1,0.2,1
101421,24164,Electronics,Credit Card,708.69,5,3.1,8.0,1,1,1.0,1
101422,28729,Electronics,UPI,2230.66,5,11.7,2.0,7,3,0.429,1
101423,27368,Fashion,Debit Card,1468.26,4,26.2,5.0,4,2,0.5,1
101424,20946,Fashion,Debit Card,3385.09,4,0.5,6.0,5,0,0.0,0
101425,23362,Books,Debit Card,611.57,1,50.6,3.0,7,0,0.0,0
101426,28837,Books,Debit Card,1140.92,5,21.1,7.0,3,0,0.0,0
101427,20956,Fashion,Credit Card,799.74,4,17.2,7.0,3,0,0.0,0
101428,23032,Books,Debit Card,331.39,3,14.1,8.0,2,1,0.5,1
101429,27531,Home,UPI,1006.05,5,17.7,7.0,1,0,0.0,1
101430,25522,Beauty,UPI,652.65,2,60.0,6.0,3,1,0.333,0
101431,22662,Electronics,Debit Card,901.27,2,17.6,4.0,2,0,0.0,0
101432,27202,Electronics,Debit Card,327.9,2,5.2,2.0,3,1,0.333,0
101433,23890,Electronics,Credit Card,943.64,4,11.4,5.0,1,0,0.0,0
101434,27355,Home,Credit Card,1720.67,5,4.9,4.0,5,1,0.2,0
101435,25618,Fashion,Credit Card,2160.86,7,42.1,4.0,1,0,0.0,1
101436,20644,Fashion,COD,309.02,3,27.6,7.0,2,1,0.5,1
101437,24780,Electronics,Credit Card,1664.02,4,10.1,8.0,3,0,0.0,1
101438,24667,Home,Credit Card,939.36,4,18.2,2.0,3,1,0.333,1
101439,22491,Fashion,Credit Card,1089.76,5,28.9,5.0,2,0,0.0,1
101440,27964,Home,Credit Card,228.29,3,3.4,4.0,6,0,0.0,0
101441,25874,Books,UPI,1886.95,2,10.4,6.0,5,1,0.2,1
101442,20171,Fashion,Credit Card,1211.03,4,7.9,1.0,2,1,0.5,0
101443,23321,Home,Credit Card,376.32,3,17.7,2.0,1,0,0.0,0
101444,22273,Electronics,UPI,1181.37,3,5.7,,5,3,0.6,1
101445,25907,Beauty,Debit Card,1640.19,6,14.8,7.0,6,0,0.0,0
101446,28783,Fashion,UPI,2268.05,4,6.2,5.0,5,0,0.0,0
101447,21205,Home,UPI,783.28,3,1.4,6.0,6,1,0.167,0
101448,20439,Beauty,Credit Card,775.7,2,1.4,5.0,4,1,0.25,0
101449,25799,Books,UPI,641.38,3,1.5,8.0,7,1,0.143,0
101450,22965,Home,Credit Card,1102.51,2,0.4,8.0,3,0,0.0,0
101451,27867,Electronics,UPI,833.63,6,9.1,3.0,3,1,0.333,1
101452,27587,Home,Debit Card,712.6,5,13.4,7.0,3,1,0.333,0
101453,24337,Beauty,Credit Card,739.44,2,1.6,6.0,4,0,0.0,1
101454,28789,Home,UPI,369.1,2,11.4,11.0,4,0,0.0,0
101455,21272,Fashion,COD,2848.15,4,10.9,3.0,4,1,0.25,1
101456,24184,Books,Wallet,3461.67,4,1.9,5.0,4,0,0.0,1
101457,26363,Home,UPI,1016.1,6,6.2,3.0,3,0,0.0,0
101458,28737,Home,Debit Card,335.16,2,16.9,3.0,4,0,0.0,0
101459,26810,Fashion,Credit Card,666.44,1,0.2,6.0,4,0,0.0,0
101460,25440,Home,Credit Card,407.78,1,1.9,5.0,5,0,0.0,0
101461,20284,Electronics,Debit Card,2463.97,5,60.0,6.0,3,0,0.0,0
101462,22828,Home,Debit Card,339.58,1,15.9,6.0,4,0,0.0,0
101463,23117,Fashion,Wallet,1067.72,2,7.5,4.0,5,0,0.0,1
101464,26788,Home,Debit Card,824.66,2,11.9,4.0,2,0,0.0,0
101465,20564,Books,Debit Card,725.88,4,22.5,3.0,2,0,0.0,0
101466,21353,Fashion,Debit Card,1406.34,5,22.2,3.0,5,0,0.0,1
101467,26785,Books,COD,2062.84,5,4.7,5.0,5,1,0.2,0
101468,20481,Electronics,UPI,993.68,3,8.1,5.0,3,1,0.333,1
101469,25967,Beauty,UPI,1154.61,4,12.2,7.0,6,1,0.167,0
101470,26561,Beauty,Debit Card,558.71,3,0.9,6.0,6,0,0.0,0
101471,24988,Home,COD,1874.0,3,35.0,8.0,4,0,0.0,0
101472,25433,Home,Credit Card,2038.31,4,6.8,3.0,5,1,0.2,0
101473,23644,Beauty,COD,737.28,3,5.6,4.0,2,0,0.0,1
101474,22931,Electronics,UPI,1010.88,4,28.5,3.0,3,0,0.0,1
101475,23475,Electronics,Debit Card,1799.22,2,1.5,8.0,5,0,0.0,0
101476,21513,Home,Debit Card,390.11,2,0.5,4.0,2,0,0.0,0
101477,27744,Beauty,UPI,1106.71,2,13.9,8.0,6,0,0.0,1
101478,23144,Beauty,Credit Card,954.05,6,5.8,8.0,4,1,0.25,0
101479,21402,Beauty,COD,3538.88,5,17.4,6.0,5,1,0.2,0
101480,28847,Electronics,Debit Card,800.02,2,0.9,6.0,3,0,0.0,1
101481,22486,Beauty,Debit Card,2009.28,3,5.8,5.0,7,0,0.0,0
101482,22505,Fashion,Credit Card,771.18,5,3.2,4.0,3,0,0.0,0
101483,20948,Electronics,Debit Card,257.46,1,16.1,4.0,2,1,0.5,1
101484,24878,Fashion,Debit Card,946.33,4,3.1,5.0,2,0,0.0,1
101485,27378,Electronics,Debit Card,1425.57,5,7.3,9.0,4,0,0.0,0
101486,22478,Electronics,UPI,981.85,6,20.5,3.0,4,1,0.25,1
101487,26390,Electronics,Debit Card,1486.66,3,29.6,5.0,1,0,0.0,0
101488,26179,Home,Wallet,678.99,2,15.4,7.0,4,0,0.0,0
101489,25778,Electronics,UPI,312.4,4,6.7,4.0,3,0,0.0,0
101490,27178,Electronics,COD,1073.05,2,10.2,6.0,4,0,0.0,0
101491,24078,Fashion,Credit Card,717.09,5,14.0,2.0,5,0,0.0,1
101492,26670,Electronics,Debit Card,619.94,2,24.9,8.0,8,0,0.0,1
101493,21678,Fashion,Debit Card,2395.11,3,26.3,7.0,1,0,0.0,0
101494,25994,Fashion,UPI,2732.56,3,32.1,5.0,4,0,0.0,0
101495,26225,Home,COD,667.81,3,20.0,3.0,3,2,0.667,1
101496,24425,Home,Credit Card,1886.64,6,1.9,7.0,1,0,0.0,0
101497,24720,Home,Credit Card,781.94,4,16.5,2.0,5,0,0.0,0
101498,20956,Electronics,COD,794.08,3,20.2,3.0,5,2,0.4,0
101499,21353,Electronics,Credit Card,757.24,4,25.2,5.0,3,0,0.0,0
101500,26000,Beauty,UPI,432.73,5,31.1,8.0,1,0,0.0,0
101501,23485,Electronics,UPI,1153.07,4,8.5,6.0,7,4,0.571,0
101502,23278,Electronics,COD,915.5,2,12.8,4.0,7,1,0.143,1
101503,26466,Fashion,Credit Card,364.09,1,0.1,1.0,5,0,0.0,0
101504,24576,Electronics,Credit Card,2958.38,8,10.2,,8,5,0.625,1
101505,22710,Electronics,UPI,726.08,3,7.7,6.0,5,0,0.0,0
101506,28329,Electronics,Wallet,830.8,5,39.3,5.0,4,1,0.25,0
101507,20892,Home,Debit Card,746.88,1,27.8,9.0,6,2,0.333,0
101508,23041,Electronics,Debit Card,305.2,2,19.2,5.0,5,0,0.0,1
101509,28877,Home,UPI,1625.08,3,0.7,1.0,3,0,0.0,0
101510,20320,Beauty,Wallet,605.03,2,6.2,4.0,2,1,0.5,0
101511,25959,Beauty,COD,1394.3,2,14.3,6.0,5,3,0.6,1
101512,28269,Home,Wallet,1179.54,1,0.4,6.0,3,0,0.0,0
101513,27618,Books,Credit Card,1130.78,2,3.2,5.0,4,1,0.25,0
101514,21869,Fashion,Credit Card,334.56,1,26.2,4.0,5,0,0.0,1
101515,27732,Fashion,UPI,445.33,3,1.7,1.0,3,1,0.333,1
101516,28317,Fashion,COD,460.68,4,0.6,5.0,5,0,0.0,1
101517,24641,Home,Debit Card,1828.14,3,10.4,4.0,5,0,0.0,0
101518,25384,Beauty,Credit Card,1506.78,9,35.1,6.0,4,0,0.0,1
101519,21913,Fashion,COD,658.37,3,21.6,6.0,4,2,0.5,0
101520,22945,Books,Credit Card,503.08,1,44.2,8.0,2,0,0.0,1
101521,28507,Fashion,Debit Card,2551.03,6,16.8,3.0,4,0,0.0,0
101522,22748,Books,UPI,1505.0,3,6.9,2.0,4,0,0.0,1
101523,23773,Electronics,UPI,1001.92,2,35.2,4.0,1,0,0.0,1
101524,28340,Fashion,UPI,1383.04,3,6.7,3.0,3,1,0.333,0
101525,22112,Electronics,Debit Card,1050.91,3,5.2,3.0,3,0,0.0,0
101526,27513,Fashion,UPI,1305.6,4,7.1,8.0,4,0,0.0,0
101527,20499,Fashion,UPI,1243.6,4,20.2,5.0,3,0,0.0,0
101528,26344,Electronics,UPI,770.11,2,30.0,9.0,5,1,0.2,1
101529,25967,Beauty,UPI,1482.27,3,5.3,5.0,1,0,0.0,0
101530,26617,Electronics,Credit Card,1352.78,4,7.4,2.0,10,3,0.3,0
101531,21927,Electronics,Credit Card,642.08,4,27.4,3.0,3,0,0.0,1
101532,25978,Home,Credit Card,1295.47,3,0.6,7.0,8,0,0.0,0
101533,27726,Home,Credit Card,1263.32,4,18.4,3.0,2,0,0.0,0
101534,23313,Fashion,UPI,1571.83,4,7.3,6.0,2,0,0.0,1
101535,25522,Electronics,COD,723.46,2,5.7,4.0,5,2,0.4,1
101536,25271,Fashion,UPI,1772.58,4,7.1,3.0,3,0,0.0,1
101537,26924,Fashion,COD,524.87,1,6.5,8.0,7,1,0.143,1
101538,23837,Home,Debit Card,1189.04,2,17.0,4.0,2,0,0.0,0
101539,27750,Fashion,Debit Card,925.96,5,31.6,3.0,6,0,0.0,0
101540,27907,Electronics,Debit Card,747.66,3,8.1,5.0,5,0,0.0,0
101541,24187,Home,Credit Card,1563.03,4,21.5,4.0,4,0,0.0,1
101542,25730,Fashion,Credit Card,997.9,5,15.8,10.0,3,0,0.0,0
101543,27563,Home,UPI,2892.98,2,4.8,7.0,1,0,0.0,0
101544,21502,Fashion,Wallet,1529.99,4,10.6,4.0,0,0,0.0,1
101545,28734,Books,Credit Card,552.78,1,13.2,4.0,6,1,0.167,0
101546,24281,Electronics,Credit Card,1259.56,2,0.3,1.0,4,2,0.5,1
101547,25863,Beauty,COD,577.19,2,6.0,5.0,5,0,0.0,0
101548,26358,Home,Credit Card,1894.97,4,58.9,3.0,5,3,0.6,1
101549,23917,Fashion,COD,1613.96,3,12.2,5.0,1,0,0.0,1
101550,20074,Home,UPI,1633.85,2,4.9,1.0,6,1,0.167,0
101551,28488,Books,Wallet,591.16,2,3.5,5.0,4,2,0.5,1
101552,20105,Home,Debit Card,452.9,3,2.8,9.0,3,1,0.333,0
101553,28085,Beauty,UPI,844.4,5,6.2,5.0,6,2,0.333,0
101554,26174,Beauty,Debit Card,919.81,4,2.6,3.0,4,1,0.25,0
101555,23879,Fashion,UPI,3917.79,7,1.7,5.0,5,0,0.0,0
101556,24459,Fashion,Debit Card,3520.34,3,5.4,5.0,4,0,0.0,1
101557,21352,Home,Credit Card,1339.36,4,11.2,,5,0,0.0,0
101558,25479,Electronics,UPI,1095.3,4,1.9,4.0,2,0,0.0,1
101559,23667,Beauty,UPI,1081.32,6,0.5,2.0,5,1,0.2,0
101560,20723,Books,COD,893.2,1,0.4,5.0,2,2,1.0,0
101561,20636,Electronics,UPI,2863.28,2,3.7,5.0,5,0,0.0,0
101562,24394,Fashion,UPI,2754.02,3,2.5,6.0,2,0,0.0,0
101563,27848,Beauty,Credit Card,1867.01,3,9.3,7.0,3,1,0.333,1
101564,20330,Fashion,UPI,1850.64,3,7.3,9.0,2,0,0.0,1
101565,27035,Beauty,UPI,1554.16,3,4.7,4.0,2,0,0.0,1
101566,23778,Electronics,COD,1400.49,7,21.5,3.0,4,0,0.0,0
101567,25061,Home,Wallet,926.14,7,8.4,1.0,2,0,0.0,0
101568,20212,Fashion,Credit Card,931.52,3,1.2,6.0,6,2,0.333,1
101569,23656,Home,COD,701.63,1,4.2,3.0,8,0,0.0,0
101570,21362,Electronics,Credit Card,455.3,4,43.5,7.0,5,0,0.0,0
101571,25005,Home,Debit Card,702.61,2,45.3,4.0,4,1,0.25,1
101572,21346,Fashion,UPI,812.67,6,3.5,9.0,0,0,0.0,1
101573,27852,Home,Credit Card,1733.0,3,2.2,2.0,4,0,0.0,0
101574,24955,Beauty,UPI,783.15,4,8.2,7.0,5,1,0.2,0
101575,28166,Fashion,Credit Card,1148.53,3,7.9,7.0,7,1,0.143,1
101576,27616,Fashion,Credit Card,619.74,3,6.3,6.0,10,3,0.3,0
101577,25832,Fashion,UPI,2008.6,2,9.0,3.0,6,0,0.0,0
101578,28778,Home,UPI,438.9,5,3.2,6.0,3,0,0.0,0
101579,25655,Home,Wallet,1024.62,2,1.5,5.0,6,0,0.0,0
101580,20421,Electronics,UPI,357.89,2,10.1,1.0,3,1,0.333,0
101581,26042,Fashion,UPI,567.35,2,32.4,8.0,3,1,0.333,1
101582,27254,Electronics,Debit Card,1232.57,4,1.8,4.0,2,0,0.0,0
101583,24001,Home,Credit Card,1269.48,4,14.6,8.0,4,0,0.0,0
101584,21378,Electronics,Credit Card,1653.28,7,6.9,5.0,8,0,0.0,0
101585,26022,Books,UPI,1033.14,3,4.2,7.0,5,0,0.0,1
101586,20236,Fashion,UPI,641.75,3,23.0,,2,0,0.0,0
101587,20327,Home,Debit Card,1103.55,5,7.3,5.0,2,0,0.0,0
101588,24215,Electronics,UPI,555.01,1,10.5,5.0,5,0,0.0,0
101589,24826,Electronics,UPI,1369.14,5,7.0,4.0,4,0,0.0,0
101590,26618,Home,Credit Card,906.78,3,1.0,3.0,3,1,0.333,0
101591,23066,Home,Credit Card,2232.13,7,10.8,1.0,5,2,0.4,0
101592,22177,Books,COD,814.53,2,6.5,3.0,4,0,0.0,0
101593,22795,Fashion,UPI,1374.05,5,1.1,7.0,3,0,0.0,0
101594,25957,Fashion,COD,1224.31,8,10.9,2.0,6,1,0.167,1
101595,20354,Home,Credit Card,579.22,4,0.1,2.0,5,0,0.0,0
101596,28969,Home,Wallet,1034.55,3,2.8,2.0,2,1,0.5,0
101597,25801,Fashion,Credit Card,1946.47,3,18.2,5.0,5,0,0.0,1
101598,24846,Fashion,Credit Card,1421.49,4,0.5,3.0,3,0,0.0,0
101599,20076,Fashion,Wallet,577.56,3,12.5,8.0,3,0,0.0,0
101600,25503,Beauty,Debit Card,1537.86,3,35.9,7.0,4,1,0.25,0
101601,25364,Fashion,UPI,995.9,5,2.3,5.0,9,1,0.111,0
101602,20375,Electronics,Credit Card,2364.95,8,6.5,6.0,0,0,0.0,1
101603,24328,Fashion,UPI,755.99,3,10.3,3.0,2,0,0.0,0
101604,21510,Electronics,Wallet,951.99,2,7.2,3.0,4,1,0.25,1
101605,24323,Fashion,Debit Card,892.14,5,11.6,7.0,7,2,0.286,0
101606,25812,Electronics,UPI,810.23,4,6.2,7.0,4,0,0.0,0
101607,20252,Fashion,Credit Card,562.95,7,1.9,7.0,2,0,0.0,0
101608,27650,Beauty,UPI,1480.88,4,1.1,4.0,4,0,0.0,1
101609,21904,Fashion,Debit Card,961.67,2,16.4,4.0,5,0,0.0,1
101610,23553,Electronics,Credit Card,994.7,2,3.3,3.0,2,0,0.0,1
101611,21241,Beauty,Debit Card,1112.66,3,22.6,7.0,5,1,0.2,1
101612,27403,Home,Credit Card,844.32,6,16.3,1.0,4,1,0.25,0
101613,22531,Electronics,Wallet,1374.87,2,0.6,1.0,3,1,0.333,0
101614,25151,Electronics,Debit Card,1711.24,3,2.7,1.0,3,1,0.333,0
101615,25620,Electronics,Credit Card,479.93,2,4.1,1.0,6,1,0.167,0
101616,25696,Home,Debit Card,1498.8,4,10.8,8.0,3,0,0.0,0
101617,28544,Books,Debit Card,1301.88,2,19.9,7.0,5,0,0.0,0
101618,21047,Home,UPI,580.86,2,0.7,2.0,3,1,0.333,0
101619,28641,Home,Wallet,1019.53,5,3.4,5.0,6,2,0.333,0
101620,20240,Home,Debit Card,750.3,1,5.7,8.0,5,0,0.0,1
101621,24445,Electronics,COD,440.08,4,2.4,6.0,4,3,0.75,1
101622,23576,Fashion,UPI,490.88,3,9.5,10.0,7,2,0.286,0
101623,28081,Home,Credit Card,425.26,2,7.8,5.0,4,1,0.25,0
101624,25355,Books,UPI,321.02,3,4.6,4.0,3,0,0.0,0
101625,25582,Fashion,UPI,2088.31,4,8.7,3.0,4,0,0.0,0
101626,26178,Home,UPI,369.39,5,5.3,,4,0,0.0,0
101627,21485,Fashion,COD,1338.11,4,5.0,7.0,5,1,0.2,1
101628,24212,Electronics,Debit Card,2170.88,6,3.7,5.0,4,1,0.25,1
101629,21857,Fashion,Wallet,645.75,2,9.3,4.0,8,0,0.0,0
101630,27169,Electronics,COD,631.62,3,7.0,8.0,4,0,0.0,1
101631,23049,Beauty,Debit Card,1084.65,3,2.6,6.0,7,0,0.0,0
101632,27818,Electronics,UPI,944.26,3,0.2,5.0,7,0,0.0,0
101633,23516,Home,Debit Card,2223.46,5,2.0,,9,0,0.0,0
101634,26909,Beauty,Wallet,194.84,3,0.5,4.0,6,1,0.167,0
101635,28128,Books,UPI,443.79,2,6.8,6.0,6,2,0.333,0
101636,22586,Fashion,Credit Card,2018.08,7,3.1,3.0,8,2,0.25,0
101637,27100,Electronics,Debit Card,972.21,3,6.5,2.0,5,0,0.0,1
101638,25840,Fashion,UPI,1481.08,3,4.8,4.0,3,0,0.0,0
101639,20562,Books,Credit Card,1274.56,4,9.3,5.0,6,0,0.0,0
101640,28056,Books,Credit Card,710.33,2,15.4,8.0,2,0,0.0,0
101641,26189,Electronics,Debit Card,786.77,3,7.8,2.0,3,2,0.667,1
101642,22061,Beauty,Debit Card,3107.6,2,0.8,5.0,7,2,0.286,0
101643,23961,Electronics,Debit Card,2735.62,4,0.2,4.0,6,0,0.0,1
101644,28946,Home,Credit Card,1269.79,3,2.9,4.0,2,1,0.5,1
101645,24185,Fashion,Credit Card,1276.4,5,6.6,8.0,1,0,0.0,0
101646,20682,Beauty,UPI,1989.89,7,0.6,5.0,1,0,0.0,0
101647,26548,Fashion,UPI,1549.07,3,4.8,3.0,3,0,0.0,0
101648,20217,Beauty,Credit Card,700.15,1,26.2,7.0,3,1,0.333,1
101649,21693,Beauty,Debit Card,490.66,2,1.1,7.0,1,1,1.0,1
101650,21272,Home,UPI,2751.81,3,35.6,3.0,3,1,0.333,1
101651,26460,Fashion,Credit Card,1093.38,3,23.3,2.0,5,1,0.2,0
101652,23379,Electronics,Credit Card,4076.84,5,21.4,6.0,3,0,0.0,0
101653,28229,Fashion,Credit Card,1218.57,4,23.9,5.0,4,1,0.25,0
101654,23686,Electronics,COD,469.94,1,1.0,4.0,3,0,0.0,0
101655,23491,Fashion,COD,1767.03,2,2.0,7.0,4,1,0.25,1
101656,24554,Books,COD,1304.87,4,1.7,4.0,7,0,0.0,0
101657,24913,Home,UPI,1179.92,4,1.4,6.0,3,1,0.333,1
101658,28715,Electronics,UPI,459.02,3,4.8,8.0,1,0,0.0,1
101659,20285,Electronics,Debit Card,1144.48,2,21.3,4.0,3,1,0.333,0
101660,21998,Electronics,UPI,572.83,2,3.5,1.0,3,1,0.333,0
101661,25813,Home,Credit Card,416.27,1,3.4,4.0,2,1,0.5,0
101662,21701,Electronics,UPI,811.45,4,13.5,5.0,4,0,0.0,0
101663,21516,Books,COD,1417.38,4,1.2,7.0,3,0,0.0,0
101664,25881,Electronics,UPI,306.54,2,5.4,4.0,6,0,0.0,1
101665,20045,Books,Debit Card,959.72,4,4.2,9.0,4,0,0.0,0
101666,23761,Beauty,Credit Card,1386.78,2,22.6,2.0,4,0,0.0,1
101667,21225,Fashion,UPI,364.74,2,8.7,5.0,3,1,0.333,1
101668,27196,Books,UPI,1208.19,4,12.5,4.0,4,0,0.0,0
101669,26390,Fashion,COD,833.7,5,1.7,8.0,3,1,0.333,0
101670,28807,Beauty,Debit Card,854.85,4,31.7,2.0,8,1,0.125,0
101671,23675,Electronics,COD,2079.05,2,4.7,6.0,7,4,0.571,1
101672,20701,Beauty,UPI,404.58,4,14.7,4.0,4,0,0.0,0
101673,22934,Beauty,COD,1724.21,4,37.1,8.0,2,0,0.0,0
101674,23874,Beauty,UPI,708.07,3,8.5,3.0,3,0,0.0,1
101675,28243,Beauty,UPI,793.58,4,8.5,6.0,2,0,0.0,0
101676,25444,Electronics,UPI,625.02,5,1.5,3.0,7,2,0.286,1
101677,27936,Fashion,UPI,1914.21,5,5.9,5.0,1,0,0.0,0
101678,20226,Electronics,Wallet,970.98,4,23.0,4.0,1,0,0.0,0
101679,28978,Fashion,Credit Card,450.07,1,1.7,4.0,2,0,0.0,0
101680,27236,Home,Credit Card,1300.65,5,29.9,1.0,4,0,0.0,0
101681,26439,Electronics,Wallet,491.68,1,13.2,6.0,2,0,0.0,1
101682,28429,Books,UPI,283.98,3,6.6,3.0,3,0,0.0,0
101683,22277,Home,UPI,573.68,2,9.5,3.0,6,1,0.167,0
101684,27406,Beauty,Debit Card,931.94,1,2.0,2.0,4,0,0.0,0
101685,23599,Fashion,Credit Card,441.06,4,2.9,3.0,13,1,0.077,0
101686,28457,Beauty,COD,490.46,3,4.0,6.0,6,0,0.0,0
101687,26000,Books,UPI,730.14,3,5.8,6.0,3,1,0.333,0
101688,28655,Electronics,Debit Card,352.35,1,29.7,6.0,5,0,0.0,0
101689,26504,Home,Debit Card,757.36,2,5.5,3.0,5,1,0.2,1
101690,24062,Beauty,COD,692.31,6,8.9,5.0,5,1,0.2,0
101691,26843,Fashion,Credit Card,431.51,1,2.1,4.0,5,0,0.0,0
101692,21807,Electronics,COD,1058.23,4,16.0,7.0,5,2,0.4,0
101693,24567,Electronics,Credit Card,1797.38,5,9.9,6.0,7,1,0.143,0
101694,22239,Fashion,UPI,1625.3,2,7.0,4.0,6,2,0.333,1
101695,22491,Electronics,Wallet,658.29,2,35.3,7.0,6,0,0.0,1
101696,25972,Fashion,UPI,3381.19,4,26.6,6.0,1,0,0.0,0
101697,21082,Fashion,Debit Card,689.68,2,12.9,2.0,7,1,0.143,0
101698,26384,Fashion,UPI,1790.9,4,30.6,1.0,5,4,0.8,1
101699,21880,Books,Debit Card,1735.25,1,10.0,2.0,5,2,0.4,0
101700,20259,Electronics,Credit Card,837.28,2,21.0,9.0,3,0,0.0,1
101701,24086,Books,Wallet,413.72,3,6.3,3.0,2,0,0.0,0
101702,27845,Electronics,COD,1150.2,4,1.1,9.0,4,0,0.0,0
101703,27237,Electronics,UPI,754.58,4,60.0,3.0,3,3,1.0,1
101704,26760,Electronics,Debit Card,800.03,3,2.2,2.0,2,0,0.0,0
101705,21286,Electronics,Credit Card,1791.82,1,3.5,7.0,5,1,0.2,1
101706,22559,Fashion,Credit Card,522.95,4,2.1,7.0,3,0,0.0,1
101707,26467,Home,UPI,1304.31,4,4.9,6.0,8,2,0.25,0
101708,20419,Fashion,COD,643.24,4,4.1,6.0,6,0,0.0,0
101709,24749,Home,UPI,905.56,4,11.0,3.0,5,0,0.0,0
101710,25283,Home,COD,1204.09,2,60.0,7.0,9,3,0.333,1
101711,20447,Fashion,Credit Card,1141.62,3,0.6,6.0,5,0,0.0,0
101712,27411,Fashion,Debit Card,951.58,4,18.1,4.0,5,1,0.2,0
101713,28938,Beauty,Credit Card,638.69,3,1.6,5.0,1,0,0.0,0
101714,23115,Electronics,Debit Card,1471.98,5,0.2,7.0,4,1,0.25,1
101715,26901,Fashion,Credit Card,2627.84,3,12.2,6.0,2,0,0.0,0
101716,22884,Books,Wallet,317.09,1,24.8,1.0,3,0,0.0,0
101717,24299,Fashion,Credit Card,4536.69,7,2.3,7.0,3,1,0.333,0
101718,27550,Home,Wallet,2500.93,5,5.0,7.0,4,0,0.0,1
101719,24893,Books,Debit Card,3033.56,6,2.2,4.0,7,0,0.0,0
101720,23292,Fashion,Wallet,1605.1,6,28.4,5.0,5,1,0.2,0
101721,24764,Fashion,UPI,2693.39,6,3.8,5.0,1,0,0.0,0
101722,25753,Fashion,Wallet,728.2,6,7.1,1.0,5,2,0.4,0
101723,22517,Electronics,Credit Card,631.74,3,27.0,4.0,7,0,0.0,0
101724,24761,Fashion,UPI,1724.4,4,9.7,4.0,3,0,0.0,0
101725,28661,Home,Wallet,919.73,2,32.4,5.0,3,0,0.0,0
101726,24928,Fashion,Credit Card,1220.3,6,31.3,4.0,5,0,0.0,0
101727,24704,Electronics,Credit Card,363.96,9,7.4,6.0,2,1,0.5,0
101728,20864,Books,Debit Card,419.35,1,10.5,3.0,3,1,0.333,0
101729,22503,Beauty,Wallet,466.32,3,3.1,7.0,2,1,0.5,1
101730,27217,Home,UPI,732.25,1,55.9,6.0,4,0,0.0,0
101731,27577,Electronics,UPI,485.56,1,3.9,8.0,3,0,0.0,0
101732,27879,Home,Credit Card,747.08,4,18.4,9.0,4,1,0.25,0
101733,26715,Electronics,Credit Card,4605.71,3,4.5,9.0,2,1,0.5,1
101734,28903,Electronics,COD,2030.53,4,4.5,2.0,3,1,0.333,0
101735,26145,Fashion,Credit Card,1777.26,3,1.3,6.0,0,0,0.0,0
101736,20939,Beauty,UPI,3535.59,3,9.8,3.0,3,2,0.667,0
101737,24442,Electronics,Wallet,1246.24,2,3.4,12.0,5,0,0.0,0
101738,24826,Fashion,Credit Card,766.74,5,1.9,6.0,3,0,0.0,0
101739,28181,Electronics,UPI,452.07,2,3.1,8.0,5,0,0.0,0
101740,21141,Electronics,Credit Card,1374.05,2,3.5,6.0,6,2,0.333,1
101741,26364,Beauty,UPI,274.15,3,8.4,1.0,7,3,0.429,0
101742,27984,Home,Credit Card,519.74,1,5.9,3.0,3,0,0.0,0
101743,23384,Beauty,UPI,256.37,3,0.9,3.0,8,0,0.0,0
101744,24863,Fashion,Debit Card,1155.69,4,9.2,4.0,1,0,0.0,0
101745,23031,Electronics,Debit Card,1285.64,2,18.6,6.0,3,1,0.333,1
101746,27870,Electronics,UPI,643.97,1,10.2,6.0,2,0,0.0,0
101747,21645,Fashion,Credit Card,2341.96,6,44.0,1.0,3,0,0.0,0
101748,26841,Fashion,UPI,4336.3,6,1.3,4.0,4,1,0.25,0
101749,27330,Beauty,Debit Card,999.27,4,20.7,4.0,2,1,0.5,0
101750,24914,Fashion,UPI,4151.25,2,8.5,8.0,4,0,0.0,0
101751,25507,Electronics,Credit Card,1237.38,4,8.8,6.0,5,1,0.2,1
101752,22724,Fashion,UPI,962.47,1,8.8,5.0,4,0,0.0,1
101753,28638,Fashion,Credit Card,653.71,3,4.7,5.0,7,0,0.0,0
101754,21807,Fashion,Debit Card,2877.67,4,4.7,1.0,4,1,0.25,0
101755,24122,Books,Credit Card,2034.84,4,12.0,6.0,3,0,0.0,0
101756,28815,Beauty,UPI,1862.07,2,0.5,4.0,3,0,0.0,0
101757,28210,Books,Credit Card,795.74,2,10.7,3.0,0,0,0.0,0
101758,26178,Electronics,COD,678.38,7,15.5,8.0,3,1,0.333,0
101759,28258,Fashion,COD,1435.67,4,5.3,6.0,4,0,0.0,0
101760,22780,Electronics,Credit Card,196.72,1,2.9,4.0,4,2,0.5,1
101761,24180,Electronics,UPI,770.93,3,2.9,4.0,6,2,0.333,0
101762,22773,Beauty,Credit Card,1221.45,4,1.0,6.0,4,1,0.25,1
101763,26592,Fashion,Debit Card,3927.04,3,1.1,6.0,4,0,0.0,0
101764,27905,Electronics,UPI,1141.88,3,2.2,5.0,5,0,0.0,1
101765,20055,Fashion,UPI,1025.6,3,0.2,2.0,2,1,0.5,0
101766,21154,Electronics,UPI,1172.51,5,3.7,3.0,6,0,0.0,0
101767,25860,Home,Debit Card,421.6,3,4.4,3.0,3,0,0.0,0
101768,24507,Electronics,Debit Card,810.84,2,60.0,5.0,3,0,0.0,1
101769,28860,Electronics,Credit Card,1295.24,5,57.5,5.0,3,1,0.333,1
101770,23669,Electronics,UPI,680.99,5,2.5,5.0,7,0,0.0,0
101771,22440,Electronics,UPI,267.19,1,2.9,5.0,6,1,0.167,1
101772,22863,Beauty,UPI,576.88,2,8.1,9.0,5,0,0.0,1
101773,23787,Beauty,Credit Card,800.74,2,1.9,7.0,4,1,0.25,1
101774,26468,Books,Debit Card,827.67,4,8.4,8.0,5,0,0.0,0
101775,21906,Beauty,Debit Card,502.09,3,6.1,6.0,4,1,0.25,0
101776,24619,Electronics,Credit Card,1295.58,4,4.7,5.0,4,1,0.25,1
101777,23638,Home,Debit Card,1504.88,4,20.8,6.0,3,1,0.333,0
101778,20181,Electronics,COD,828.28,2,21.1,5.0,3,0,0.0,0
101779,20366,Fashion,COD,776.94,4,53.0,7.0,3,0,0.0,0
101780,20577,Beauty,UPI,1556.28,4,3.0,3.0,4,0,0.0,0
101781,20923,Fashion,Debit Card,841.33,3,26.3,7.0,7,0,0.0,1
101782,26162,Books,Credit Card,377.33,2,9.3,5.0,2,1,0.5,1
101783,28969,Electronics,COD,2028.18,4,10.7,1.0,4,2,0.5,1
101784,26016,Home,Credit Card,1166.09,3,27.2,5.0,6,0,0.0,0
101785,24207,Home,Wallet,878.07,3,34.3,2.0,4,0,0.0,0
101786,21722,Beauty,Debit Card,367.48,3,15.6,4.0,5,0,0.0,0
101787,21983,Home,Debit Card,696.61,4,5.1,5.0,2,0,0.0,0
101788,26668,Home,Wallet,2585.6,2,8.1,2.0,4,0,0.0,0
101789,22077,Fashion,Credit Card,440.6,4,11.5,5.0,6,0,0.0,0
101790,22476,Electronics,UPI,662.33,2,21.2,5.0,5,0,0.0,1
101791,20553,Fashion,UPI,1320.91,6,12.9,7.0,2,0,0.0,1
101792,21584,Home,Credit Card,1320.06,4,5.5,4.0,6,2,0.333,0
101793,25853,Electronics,Debit Card,221.78,1,6.5,6.0,6,1,0.167,0
101794,24148,Home,UPI,1047.13,3,0.6,5.0,3,0,0.0,0
101795,23556,Fashion,UPI,342.97,3,31.0,4.0,6,1,0.167,1
101796,22395,Fashion,Credit Card,816.5,2,1.1,1.0,2,0,0.0,0
101797,20872,Home,Wallet,520.68,2,10.4,5.0,6,0,0.0,1
101798,21111,Fashion,Credit Card,458.08,2,24.6,7.0,6,1,0.167,1
101799,20324,Fashion,Credit Card,2009.44,5,6.6,3.0,5,1,0.2,0
101800,24412,Fashion,Credit Card,472.78,1,19.3,5.0,10,1,0.1,0
101801,20401,Books,Credit Card,1253.3,3,19.5,5.0,5,1,0.2,0
101802,21502,Home,Credit Card,1650.47,5,0.7,7.0,5,1,0.2,0
101803,23521,Electronics,Wallet,2020.86,3,6.4,5.0,3,1,0.333,0
101804,28866,Fashion,Debit Card,456.85,3,14.1,6.0,1,1,1.0,1
101805,26171,Electronics,Credit Card,1637.16,3,6.6,5.0,7,1,0.143,0
101806,26987,Beauty,Credit Card,952.59,3,9.5,4.0,4,2,0.5,0
101807,24481,Home,UPI,868.07,4,10.8,3.0,2,2,1.0,1
101808,21264,Fashion,COD,546.53,4,2.0,4.0,3,0,0.0,0
101809,27759,Fashion,Credit Card,1108.24,2,6.4,6.0,3,0,0.0,1
101810,27132,Fashion,Credit Card,442.85,2,0.3,5.0,3,0,0.0,1
101811,22055,Home,Credit Card,1286.9,3,1.9,8.0,5,0,0.0,0
101812,26316,Beauty,Credit Card,2448.6,2,8.6,7.0,5,0,0.0,1
101813,26262,Fashion,Credit Card,1698.15,3,10.2,8.0,3,0,0.0,0
101814,21285,Fashion,Debit Card,1254.96,1,1.9,1.0,7,2,0.286,0
101815,23643,Fashion,Credit Card,791.01,5,16.9,8.0,5,0,0.0,0
101816,28778,Books,UPI,1721.22,4,5.6,6.0,2,0,0.0,0
101817,22585,Fashion,Credit Card,474.74,3,30.4,6.0,3,1,0.333,1
101818,26785,Beauty,Wallet,1159.55,6,5.9,7.0,5,0,0.0,0
101819,20339,Home,Wallet,3461.59,5,1.9,5.0,4,0,0.0,0
101820,24134,Electronics,UPI,654.98,3,17.0,3.0,5,3,0.6,1
101821,23654,Fashion,Debit Card,1837.42,3,10.1,8.0,6,0,0.0,0
101822,22639,Fashion,Debit Card,1001.63,1,5.9,3.0,1,1,1.0,1
101823,21932,Home,Debit Card,1797.5,3,5.3,3.0,8,2,0.25,0
101824,22972,Beauty,UPI,254.63,1,2.0,4.0,1,0,0.0,0
101825,28956,Home,Debit Card,1668.77,5,5.0,4.0,8,0,0.0,0
101826,28813,Electronics,COD,701.07,2,0.4,5.0,6,2,0.333,1
101827,24033,Fashion,Wallet,1812.39,3,8.4,5.0,2,0,0.0,0
101828,22125,Books,Debit Card,403.49,4,27.2,8.0,5,2,0.4,1
101829,24492,Beauty,UPI,1176.12,3,19.0,6.0,4,2,0.5,0
101830,24081,Fashion,Credit Card,1527.98,6,0.3,3.0,4,0,0.0,0
101831,27595,Books,Credit Card,233.34,2,25.6,3.0,2,2,1.0,1
101832,23734,Home,Debit Card,320.14,1,7.2,4.0,2,0,0.0,0
101833,24469,Home,Credit Card,363.24,4,2.5,4.0,2,1,0.5,0
101834,26252,Home,COD,610.02,3,16.8,4.0,5,0,0.0,0
101835,20814,Beauty,Credit Card,1514.25,4,4.7,3.0,7,2,0.286,1
101836,27474,Home,Debit Card,1060.53,3,3.5,6.0,5,0,0.0,0
101837,22682,Fashion,UPI,602.83,1,2.1,4.0,1,0,0.0,0
101838,24248,Electronics,UPI,505.45,3,8.0,3.0,2,0,0.0,0
101839,23432,Books,Debit Card,1508.46,2,1.2,6.0,0,0,0.0,0
101840,23153,Fashion,COD,1076.91,4,18.5,7.0,3,1,0.333,0
101841,24508,Electronics,UPI,1242.58,5,7.6,4.0,4,0,0.0,0
101842,28562,Electronics,Debit Card,1353.99,2,7.1,9.0,5,0,0.0,1
101843,27004,Electronics,Credit Card,671.77,5,0.0,10.0,5,2,0.4,0
101844,25517,Home,Debit Card,883.33,2,20.4,6.0,2,0,0.0,0
101845,26817,Books,COD,1857.59,7,8.1,4.0,3,0,0.0,0
101846,27605,Fashion,UPI,785.1,4,7.0,6.0,5,0,0.0,0
101847,26011,Fashion,COD,1395.11,3,17.2,,5,0,0.0,0
101848,22823,Fashion,Debit Card,1255.87,3,0.8,3.0,1,0,0.0,0
101849,23685,Beauty,Credit Card,512.5,1,5.5,1.0,5,1,0.2,1
101850,21670,Home,Credit Card,1006.12,4,10.3,4.0,4,0,0.0,0
101851,20563,Fashion,Debit Card,1054.37,2,7.4,2.0,7,1,0.143,0
101852,26748,Beauty,UPI,1513.82,3,2.4,6.0,5,0,0.0,0
101853,21244,Beauty,COD,979.5,3,4.3,3.0,8,0,0.0,0
101854,26493,Beauty,Debit Card,2384.71,5,4.3,6.0,1,0,0.0,0
101855,20317,Books,Debit Card,808.45,1,57.9,7.0,4,1,0.25,1
101856,21002,Fashion,Debit Card,263.35,2,4.7,8.0,4,1,0.25,1
101857,25429,Beauty,Debit Card,406.01,3,2.8,4.0,3,0,0.0,0
101858,27877,Electronics,Credit Card,1565.43,2,20.8,6.0,2,0,0.0,0
101859,28106,Beauty,Credit Card,939.25,4,6.6,6.0,4,0,0.0,0
101860,27017,Home,Credit Card,1040.87,3,7.0,8.0,5,1,0.2,0
101861,23947,Beauty,Credit Card,2412.2,5,9.6,7.0,7,0,0.0,0
101862,21061,Home,Credit Card,939.6,3,10.9,8.0,5,2,0.4,0
101863,23857,Fashion,Credit Card,1364.09,6,10.7,1.0,4,1,0.25,0
101864,27646,Electronics,UPI,646.72,4,0.4,4.0,1,0,0.0,0
101865,20580,Books,Debit Card,1359.87,4,20.5,7.0,5,1,0.2,0
101866,22757,Books,Wallet,1341.06,3,2.6,6.0,3,1,0.333,1
101867,27890,Fashion,Credit Card,860.91,5,4.1,5.0,4,0,0.0,0
101868,21577,Fashion,Debit Card,700.3,5,2.3,4.0,6,4,0.667,1
101869,22723,Fashion,Debit Card,4560.01,3,17.5,7.0,2,0,0.0,0
101870,24941,Home,Credit Card,1456.77,8,10.5,1.0,5,0,0.0,0
101871,21097,Beauty,COD,722.65,4,16.9,7.0,4,0,0.0,0
101872,26555,Fashion,Credit Card,2038.22,6,12.7,5.0,4,0,0.0,0
101873,28114,Electronics,Wallet,914.91,3,1.3,4.0,7,1,0.143,0
101874,27572,Beauty,COD,567.75,4,4.3,6.0,5,0,0.0,0
101875,28331,Home,UPI,727.66,1,8.5,4.0,8,0,0.0,0
101876,23865,Electronics,UPI,652.8,4,4.4,5.0,3,0,0.0,0
101877,24873,Home,UPI,1983.16,2,2.8,5.0,0,0,0.0,0
101878,27855,Electronics,Debit Card,1465.35,4,24.5,7.0,2,1,0.5,1
101879,24250,Fashion,UPI,652.26,2,16.5,5.0,5,0,0.0,1
101880,26516,Home,Credit Card,1424.37,6,5.1,1.0,1,0,0.0,0
101881,27086,Home,Credit Card,2648.35,8,17.4,2.0,2,0,0.0,0
101882,26407,Beauty,Debit Card,1217.71,4,11.9,3.0,4,1,0.25,0
101883,22165,Home,UPI,3369.68,3,0.0,6.0,5,2,0.4,0
101884,23540,Beauty,COD,2407.25,5,5.7,6.0,5,0,0.0,1
101885,27991,Fashion,Credit Card,1031.88,2,4.1,9.0,3,0,0.0,1
101886,28768,Electronics,COD,438.95,2,2.9,3.0,5,2,0.4,1
101887,20129,Fashion,Credit Card,705.17,2,3.5,8.0,6,1,0.167,1
101888,25720,Fashion,Debit Card,1257.19,3,34.2,1.0,1,0,0.0,0
101889,24726,Home,Debit Card,332.38,1,8.0,5.0,6,2,0.333,0
101890,25159,Books,Debit Card,2049.52,3,22.6,6.0,2,1,0.5,0
101891,22827,Fashion,Credit Card,303.54,1,2.9,6.0,3,0,0.0,1
101892,27716,Electronics,UPI,525.44,2,2.3,4.0,6,0,0.0,0
101893,23791,Beauty,COD,388.63,1,26.4,5.0,5,0,0.0,0
101894,20139,Fashion,Debit Card,1473.8,3,8.2,2.0,4,0,0.0,1
101895,21094,Home,Debit Card,581.93,3,27.1,7.0,2,0,0.0,0
101896,22521,Home,COD,261.54,2,0.8,6.0,7,3,0.429,1
101897,22990,Home,UPI,1046.1,1,29.8,6.0,3,0,0.0,0
101898,24966,Fashion,Debit Card,722.47,3,6.4,4.0,3,0,0.0,0
101899,21574,Electronics,Credit Card,811.28,8,2.0,4.0,4,1,0.25,1
101900,26226,Beauty,COD,489.63,2,13.8,6.0,5,1,0.2,0
101901,25229,Home,UPI,3736.62,6,19.1,8.0,2,0,0.0,0
101902,23862,Fashion,Credit Card,635.92,3,0.6,2.0,2,0,0.0,1
101903,22434,Beauty,Credit Card,1238.75,6,52.3,2.0,5,0,0.0,1
101904,24437,Fashion,COD,721.37,3,14.3,6.0,5,1,0.2,0
101905,21576,Home,Credit Card,259.93,1,4.7,4.0,2,1,0.5,0
101906,26471,Fashion,Wallet,604.06,3,2.0,5.0,3,0,0.0,1
101907,26309,Books,Credit Card,611.07,6,6.0,5.0,5,0,0.0,0
101908,22811,Electronics,COD,1673.77,3,3.0,6.0,4,0,0.0,0
101909,26833,Electronics,Debit Card,578.55,1,8.2,4.0,2,0,0.0,0
101910,23319,Fashion,Debit Card,5400.93,5,18.3,2.0,0,0,0.0,0
101911,20495,Electronics,COD,871.78,6,13.0,3.0,7,0,0.0,0
101912,26238,Beauty,Debit Card,650.56,4,6.9,5.0,6,1,0.167,0
101913,22020,Books,UPI,1366.84,1,1.5,2.0,6,1,0.167,1
101914,21342,Electronics,Credit Card,2054.8,4,37.8,5.0,5,1,0.2,1
101915,25242,Electronics,Credit Card,1371.97,4,3.8,5.0,2,0,0.0,1
101916,23685,Home,Credit Card,279.16,1,3.9,4.0,3,0,0.0,0
101917,25777,Beauty,UPI,2194.2,2,12.4,5.0,4,0,0.0,0
101918,22651,Home,Credit Card,737.53,2,17.7,1.0,4,0,0.0,0
101919,28178,Electronics,Credit Card,841.13,4,49.7,3.0,2,0,0.0,1
101920,24057,Electronics,Debit Card,1872.6,3,41.7,2.0,1,0,0.0,1
101921,27980,Home,UPI,1316.2,6,29.4,7.0,4,1,0.25,1
101922,24645,Fashion,UPI,605.05,5,6.9,10.0,9,0,0.0,1
101923,20884,Home,Credit Card,1115.8,4,2.2,3.0,6,0,0.0,0
101924,27642,Electronics,Credit Card,590.22,3,10.5,4.0,2,1,0.5,1
101925,20013,Beauty,Wallet,89.51,1,0.2,3.0,3,1,0.333,0
101926,25257,Fashion,Credit Card,641.7,4,2.6,5.0,3,0,0.0,0
101927,23616,Home,COD,396.77,1,0.0,4.0,6,1,0.167,0
101928,26072,Electronics,COD,272.22,1,2.4,6.0,4,0,0.0,0
101929,22811,Home,COD,1883.76,6,7.7,6.0,5,0,0.0,0
101930,21298,Fashion,Credit Card,763.76,5,6.0,2.0,6,1,0.167,1
101931,27023,Home,COD,1256.85,3,5.5,6.0,7,0,0.0,1
101932,23460,Home,COD,367.45,2,21.3,1.0,2,2,1.0,1
101933,22968,Home,UPI,1627.56,3,13.5,4.0,5,2,0.4,1
101934,25875,Home,Debit Card,358.05,2,33.1,4.0,3,1,0.333,0
101935,20672,Home,Credit Card,231.46,3,7.1,4.0,4,0,0.0,0
101936,22808,Beauty,Credit Card,1144.08,1,3.8,4.0,6,1,0.167,0
101937,22294,Fashion,UPI,564.4,3,1.6,4.0,1,0,0.0,0
101938,20435,Beauty,UPI,2209.96,2,13.4,4.0,7,0,0.0,1
101939,26093,Electronics,Debit Card,1080.66,2,22.1,6.0,3,1,0.333,1
101940,20883,Fashion,Debit Card,874.94,1,2.4,6.0,1,0,0.0,1
101941,25790,Fashion,Debit Card,2039.44,4,25.3,5.0,5,2,0.4,1
101942,20600,Electronics,UPI,824.01,2,9.0,4.0,6,0,0.0,0
101943,20664,Beauty,Wallet,1016.11,3,1.9,7.0,5,2,0.4,0
101944,26238,Home,Credit Card,1661.34,2,12.4,8.0,4,2,0.5,0
101945,25454,Beauty,Debit Card,1426.09,6,8.8,2.0,7,2,0.286,0
101946,25734,Electronics,Credit Card,497.54,2,0.3,5.0,3,1,0.333,0
101947,23323,Electronics,UPI,1730.51,5,6.1,4.0,3,1,0.333,0
101948,23058,Fashion,UPI,216.67,2,18.4,7.0,4,1,0.25,1
101949,27016,Electronics,Wallet,1201.99,1,9.7,5.0,3,0,0.0,0
101950,25608,Electronics,Credit Card,2434.29,4,4.0,5.0,1,0,0.0,0
101951,27289,Fashion,Wallet,2235.11,4,31.7,6.0,5,2,0.4,1
101952,22562,Fashion,Credit Card,1891.58,3,3.3,4.0,3,1,0.333,1
101953,24249,Home,UPI,1035.5,4,3.5,9.0,2,0,0.0,0
101954,25685,Home,Credit Card,884.74,3,5.3,6.0,1,0,0.0,0
101955,23905,Books,COD,451.02,3,27.0,7.0,5,2,0.4,1
101956,22847,Books,UPI,2692.25,3,8.5,5.0,3,0,0.0,1
101957,24646,Home,UPI,910.24,5,13.8,5.0,2,0,0.0,0
101958,27534,Electronics,COD,1156.6,3,44.9,7.0,8,0,0.0,1
101959,26993,Home,Credit Card,1098.54,3,18.4,7.0,2,1,0.5,1
101960,23257,Beauty,Credit Card,422.02,3,2.3,2.0,4,3,0.75,1
101961,27885,Fashion,COD,382.35,4,18.6,5.0,2,1,0.5,0
101962,24922,Electronics,Debit Card,1092.8,4,16.6,6.0,7,0,0.0,0
101963,27261,Beauty,Credit Card,718.42,3,3.2,5.0,8,2,0.25,0
101964,24936,Electronics,Debit Card,516.12,1,4.7,6.0,6,1,0.167,0
101965,22301,Home,UPI,2063.99,4,14.9,5.0,5,3,0.6,0
101966,23314,Home,Credit Card,1393.66,5,3.3,1.0,4,0,0.0,0
101967,21271,Fashion,Credit Card,1716.87,4,2.8,2.0,5,1,0.2,0
101968,21624,Electronics,Credit Card,2012.07,8,14.6,7.0,4,0,0.0,0
101969,28133,Electronics,Debit Card,1007.19,5,25.5,4.0,6,1,0.167,1
101970,28243,Fashion,COD,422.21,2,0.9,5.0,3,0,0.0,0
101971,28748,Fashion,Wallet,902.71,2,7.1,5.0,7,2,0.286,0
101972,20243,Beauty,UPI,809.9,2,11.2,3.0,7,2,0.286,1
101973,20223,Fashion,Credit Card,1633.37,3,13.5,4.0,4,0,0.0,0
101974,21076,Electronics,Wallet,703.48,2,60.0,6.0,4,0,0.0,1
101975,22874,Fashion,UPI,789.11,3,13.8,6.0,2,0,0.0,0
101976,25786,Books,Credit Card,1162.33,6,11.6,10.0,12,1,0.083,0
101977,27853,Fashion,Wallet,768.66,6,54.9,4.0,4,1,0.25,1
101978,21535,Electronics,COD,2594.87,4,0.8,9.0,3,1,0.333,0
101979,26173,Beauty,UPI,1868.86,3,0.9,3.0,4,0,0.0,0
101980,28392,Beauty,UPI,455.54,3,9.9,6.0,3,0,0.0,0
101981,28472,Fashion,Credit Card,1527.94,3,5.3,5.0,4,1,0.25,0
101982,26992,Beauty,Credit Card,254.57,2,1.2,5.0,4,1,0.25,0
101983,24798,Electronics,UPI,1703.57,3,4.4,5.0,5,1,0.2,0
101984,27395,Electronics,Credit Card,358.59,1,13.5,4.0,9,1,0.111,0
101985,24382,Fashion,Debit Card,1511.2,5,25.5,7.0,4,0,0.0,0
101986,25899,Fashion,COD,171.11,1,1.2,3.0,5,0,0.0,0
101987,20304,Home,COD,593.18,5,9.3,6.0,2,0,0.0,0
101988,26220,Electronics,Debit Card,2040.48,8,4.2,7.0,5,1,0.2,0
101989,26253,Electronics,COD,619.41,3,13.2,8.0,4,1,0.25,0
101990,28164,Home,COD,569.82,3,9.6,7.0,1,0,0.0,1
101991,21908,Beauty,UPI,2179.44,3,31.4,6.0,5,0,0.0,0
101992,24442,Fashion,Credit Card,2901.98,2,0.5,4.0,5,0,0.0,0
101993,20073,Home,Credit Card,1654.93,3,7.6,3.0,6,1,0.167,0
101994,26011,Fashion,Debit Card,489.89,3,2.6,2.0,5,2,0.4,1
101995,23175,Beauty,Credit Card,2717.36,3,9.2,2.0,2,1,0.5,1
101996,26181,Home,Credit Card,369.61,3,23.1,5.0,7,3,0.429,1
101997,26203,Books,Credit Card,907.28,4,29.1,3.0,3,0,0.0,0
101998,26715,Fashion,Debit Card,974.74,3,6.1,8.0,2,0,0.0,0
101999,26344,Fashion,Wallet,2443.03,2,20.0,4.0,2,0,0.0,0
102000,22884,Fashion,Credit Card,1630.92,3,4.0,5.0,7,2,0.286,0
102001,22090,Fashion,UPI,714.12,3,0.1,4.0,5,1,0.2,0
102002,27511,Fashion,UPI,617.81,4,23.2,2.0,1,0,0.0,0
102003,28317,Books,Credit Card,1720.93,3,1.5,7.0,3,0,0.0,0
102004,20803,Fashion,Wallet,790.87,4,0.2,7.0,7,1,0.143,0
102005,23466,Fashion,UPI,877.1,2,5.2,7.0,8,0,0.0,0
102006,20388,Beauty,Debit Card,478.8,4,5.7,6.0,4,0,0.0,0
102007,20229,Electronics,COD,1532.57,4,1.0,3.0,2,0,0.0,0
102008,26709,Beauty,Credit Card,1788.44,6,20.2,3.0,4,0,0.0,0
102009,23087,Fashion,UPI,447.79,3,6.2,6.0,4,0,0.0,0
102010,22853,Electronics,Credit Card,1751.59,3,8.1,8.0,1,0,0.0,0
102011,28778,Fashion,COD,1315.74,3,3.7,6.0,2,0,0.0,0
102012,27368,Fashion,Debit Card,1898.34,5,8.6,7.0,2,0,0.0,0
102013,20663,Books,UPI,613.61,2,17.5,4.0,2,0,0.0,0
102014,20485,Fashion,Credit Card,1212.6,4,28.4,7.0,4,1,0.25,1
102015,27539,Electronics,UPI,1264.9,5,42.3,4.0,9,1,0.111,0
102016,26437,Electronics,COD,862.99,3,6.7,6.0,6,0,0.0,0
102017,21885,Electronics,Debit Card,1477.61,6,55.3,4.0,2,0,0.0,1
102018,20489,Beauty,UPI,1636.7,2,4.2,7.0,9,1,0.111,1
102019,22210,Fashion,Debit Card,1037.92,1,0.1,7.0,6,0,0.0,1
102020,23604,Home,COD,535.94,4,17.5,2.0,6,0,0.0,0
102021,26005,Books,Debit Card,1703.68,3,2.4,8.0,2,0,0.0,0
102022,20755,Home,COD,1927.53,3,0.6,10.0,3,0,0.0,1
102023,25776,Books,COD,703.36,2,30.9,4.0,4,0,0.0,0
102024,22647,Fashion,Debit Card,1477.66,4,18.8,5.0,1,0,0.0,0
102025,25914,Electronics,Credit Card,1794.14,6,1.3,8.0,6,0,0.0,1
102026,24216,Fashion,Debit Card,654.04,4,18.0,5.0,3,0,0.0,0
102027,27500,Home,COD,750.04,3,22.3,5.0,7,1,0.143,0
102028,22965,Books,Credit Card,1910.66,5,28.3,9.0,4,0,0.0,0
102029,28465,Fashion,UPI,571.97,2,9.4,2.0,7,0,0.0,0
102030,24745,Home,COD,2395.1,6,14.6,3.0,5,1,0.2,1
102031,26181,Fashion,Debit Card,1685.06,2,17.2,6.0,2,0,0.0,1
102032,23540,Home,UPI,2649.39,6,14.0,1.0,5,1,0.2,0
102033,23479,Electronics,Credit Card,2526.16,2,12.5,4.0,4,1,0.25,1
102034,20524,Books,Credit Card,893.25,3,9.5,4.0,2,0,0.0,0
102035,27295,Home,COD,1049.04,3,7.8,7.0,3,0,0.0,0
102036,23312,Electronics,Credit Card,933.53,2,60.0,7.0,7,0,0.0,1
102037,21238,Fashion,Credit Card,742.73,2,4.9,1.0,5,0,0.0,0
102038,21694,Fashion,COD,1507.87,4,1.1,3.0,3,1,0.333,0
102039,22791,Fashion,Debit Card,337.84,3,17.4,3.0,4,0,0.0,1
102040,26080,Fashion,Wallet,870.89,2,2.9,5.0,7,2,0.286,0
102041,26401,Beauty,Wallet,532.86,5,9.1,3.0,3,1,0.333,1
102042,25761,Home,Credit Card,305.65,1,1.2,6.0,1,0,0.0,1
102043,27410,Electronics,Credit Card,1464.16,3,11.6,3.0,3,1,0.333,0
102044,27773,Fashion,UPI,683.42,2,34.6,6.0,3,1,0.333,1
102045,28335,Beauty,Debit Card,1655.26,4,15.4,5.0,7,0,0.0,0
102046,21150,Home,Credit Card,826.2,3,2.9,3.0,4,0,0.0,0
102047,23667,Fashion,UPI,2115.38,4,42.5,8.0,4,1,0.25,1
102048,21232,Home,Credit Card,1054.97,5,4.4,8.0,8,2,0.25,0
102049,27799,Electronics,COD,291.88,3,6.9,6.0,3,1,0.333,1
102050,23584,Fashion,Credit Card,1394.03,5,8.3,4.0,2,1,0.5,1
102051,23031,Electronics,Credit Card,331.43,5,56.2,3.0,4,1,0.25,1
102052,25389,Electronics,Credit Card,455.55,4,0.9,7.0,7,0,0.0,0
102053,28183,Fashion,Wallet,848.26,7,14.3,7.0,2,0,0.0,1
102054,21050,Books,UPI,594.98,4,5.4,3.0,1,0,0.0,1
102055,28614,Beauty,COD,555.32,2,1.0,3.0,5,0,0.0,0
102056,22263,Home,Debit Card,504.75,3,32.8,6.0,1,1,1.0,1
102057,23336,Electronics,Debit Card,702.78,9,10.7,2.0,4,0,0.0,0
102058,24117,Electronics,Credit Card,2746.96,4,16.8,4.0,3,0,0.0,1
102059,27330,Home,Debit Card,888.02,6,3.3,3.0,2,0,0.0,0
102060,27396,Electronics,UPI,285.63,4,17.2,3.0,3,0,0.0,0
102061,28885,Fashion,UPI,1074.2,6,21.2,3.0,7,2,0.286,0
102062,24720,Electronics,Credit Card,480.33,3,6.8,7.0,3,0,0.0,1
102063,21113,Beauty,Wallet,452.86,2,10.2,1.0,4,0,0.0,0
102064,23011,Electronics,Credit Card,1179.42,2,42.9,6.0,1,0,0.0,1
102065,26817,Fashion,Wallet,720.84,3,22.5,6.0,2,1,0.5,1
102066,28668,Beauty,Credit Card,609.82,5,7.1,7.0,3,1,0.333,1
102067,27378,Fashion,Debit Card,1232.82,3,13.1,6.0,5,0,0.0,1
102068,25484,Fashion,Debit Card,2171.37,4,18.4,4.0,5,0,0.0,1
102069,20225,Fashion,Debit Card,1062.84,2,0.3,3.0,7,3,0.429,0
102070,26221,Electronics,UPI,216.41,3,10.7,7.0,7,2,0.286,0
102071,27416,Beauty,Debit Card,738.01,7,50.0,6.0,5,3,0.6,1
102072,21723,Electronics,Debit Card,970.46,3,35.3,4.0,6,0,0.0,0
102073,20058,Fashion,UPI,1244.36,7,21.4,7.0,5,1,0.2,1
102074,24946,Beauty,UPI,632.83,2,1.3,4.0,1,1,1.0,1
102075,26827,Beauty,COD,301.98,1,60.0,5.0,2,2,1.0,1
102076,20189,Beauty,Credit Card,331.37,2,11.3,4.0,5,0,0.0,1
102077,22723,Fashion,UPI,4806.02,7,3.0,6.0,8,1,0.125,1
102078,23772,Electronics,UPI,958.69,3,13.5,3.0,5,1,0.2,0
102079,28462,Books,Debit Card,1386.56,3,23.3,4.0,5,1,0.2,0
102080,24613,Beauty,Debit Card,773.03,2,1.4,4.0,3,1,0.333,0
102081,22542,Fashion,Debit Card,791.86,2,29.8,6.0,3,0,0.0,0
102082,23625,Fashion,Credit Card,741.97,2,30.3,6.0,4,1,0.25,0
102083,27791,Electronics,Credit Card,393.2,2,0.2,3.0,10,0,0.0,0
102084,27530,Books,Credit Card,380.17,3,27.7,6.0,0,0,0.0,0
102085,28796,Electronics,UPI,1189.21,3,35.2,2.0,3,0,0.0,0
102086,20538,Electronics,UPI,1055.76,3,0.5,10.0,4,2,0.5,1
102087,21816,Fashion,Wallet,956.2,1,4.2,4.0,3,2,0.667,1
102088,26468,Home,UPI,1197.26,2,5.6,7.0,1,0,0.0,1
102089,27508,Beauty,Credit Card,749.65,5,5.1,5.0,5,0,0.0,1
102090,25751,Electronics,COD,2842.7,7,17.1,6.0,5,0,0.0,1
102091,26610,Beauty,COD,1723.59,4,5.3,2.0,1,0,0.0,0
102092,24840,Books,Debit Card,1427.69,3,37.6,7.0,4,1,0.25,0
102093,24047,Fashion,UPI,2099.8,1,60.0,5.0,0,0,0.0,0
102094,23688,Electronics,Wallet,3712.73,4,4.6,6.0,5,0,0.0,1
102095,22094,Fashion,UPI,2330.11,8,8.5,5.0,3,0,0.0,0
102096,22871,Beauty,Wallet,2162.11,8,9.8,5.0,3,0,0.0,0
102097,21819,Home,Credit Card,1473.75,2,10.4,3.0,7,2,0.286,0
102098,23541,Home,Credit Card,767.22,4,5.6,5.0,4,2,0.5,1
102099,22688,Beauty,Debit Card,865.08,5,2.2,4.0,7,1,0.143,0
102100,27343,Electronics,UPI,1153.58,2,0.7,3.0,1,0,0.0,0
102101,24968,Books,COD,460.67,2,1.3,5.0,4,0,0.0,0
102102,20340,Electronics,Wallet,1099.09,2,27.8,6.0,2,0,0.0,0
102103,25968,Fashion,Debit Card,1196.61,4,3.9,6.0,6,5,0.833,1
102104,23226,Home,Credit Card,921.5,8,1.0,5.0,3,0,0.0,0
102105,25082,Beauty,COD,1236.75,5,11.7,6.0,6,4,0.667,0
102106,21323,Electronics,UPI,2063.91,3,0.9,6.0,3,0,0.0,0
102107,24000,Beauty,Credit Card,1809.34,10,0.9,5.0,2,1,0.5,1
102108,27296,Books,Debit Card,811.19,2,11.7,5.0,5,1,0.2,0
102109,22826,Fashion,UPI,938.2,2,10.7,8.0,2,1,0.5,1
102110,28583,Books,COD,1242.42,3,0.5,,6,0,0.0,0
102111,20738,Fashion,Debit Card,893.05,4,7.4,4.0,4,1,0.25,0
102112,28505,Fashion,Debit Card,950.25,2,6.9,6.0,6,1,0.167,0
102113,23643,Fashion,Wallet,502.63,3,9.5,2.0,2,1,0.5,1
102114,23044,Beauty,UPI,583.98,3,16.1,8.0,6,1,0.167,1
102115,26951,Home,Debit Card,514.85,2,4.0,6.0,2,2,1.0,1
102116,25883,Fashion,Debit Card,1250.33,3,6.8,7.0,2,0,0.0,0
102117,21922,Electronics,UPI,1038.41,3,18.9,7.0,6,2,0.333,0
102118,26558,Home,Credit Card,870.17,3,30.7,6.0,0,0,0.0,0
102119,25183,Fashion,Credit Card,824.24,1,26.6,1.0,6,0,0.0,0
102120,24069,Beauty,UPI,1183.96,3,7.8,5.0,5,2,0.4,0
102121,28643,Beauty,Debit Card,1120.91,6,8.8,5.0,6,1,0.167,0
102122,22723,Electronics,UPI,506.83,3,9.0,3.0,4,1,0.25,1
102123,28193,Books,Credit Card,576.79,3,24.4,1.0,5,3,0.6,0
102124,26786,Electronics,UPI,391.2,3,22.0,6.0,2,0,0.0,1
102125,21454,Books,Debit Card,1026.23,3,4.5,2.0,4,0,0.0,0
102126,27551,Home,Credit Card,562.29,3,2.1,10.0,5,1,0.2,0
102127,24282,Home,Credit Card,904.63,5,5.7,6.0,2,0,0.0,0
102128,25129,Fashion,Wallet,1235.62,6,4.1,8.0,6,1,0.167,1
102129,23055,Beauty,COD,2278.14,5,36.1,5.0,1,0,0.0,0
102130,22969,Electronics,Credit Card,950.77,1,3.7,7.0,2,1,0.5,1
102131,26518,Fashion,COD,745.27,2,2.4,5.0,3,2,0.667,0
102132,23841,Fashion,UPI,1645.63,2,27.6,7.0,5,2,0.4,0
102133,21293,Home,Wallet,282.0,3,1.1,1.0,5,0,0.0,0
102134,27169,Electronics,Debit Card,3755.78,5,3.6,7.0,4,0,0.0,0
102135,22877,Home,UPI,1650.19,4,6.9,6.0,4,3,0.75,0
102136,25512,Beauty,Credit Card,579.22,1,10.8,5.0,8,0,0.0,0
102137,22619,Fashion,Debit Card,552.52,3,4.8,,5,0,0.0,0
102138,23124,Home,Wallet,936.25,5,8.2,4.0,4,0,0.0,0
102139,25471,Fashion,UPI,1755.18,5,2.7,6.0,3,0,0.0,0
102140,25114,Beauty,Debit Card,1779.28,5,10.2,8.0,2,1,0.5,1
102141,21674,Beauty,Credit Card,1818.48,5,6.3,4.0,4,1,0.25,0
102142,23005,Electronics,UPI,609.24,3,22.7,1.0,5,1,0.2,0
102143,25611,Home,UPI,440.83,2,6.4,10.0,3,1,0.333,0
102144,27569,Electronics,Debit Card,1060.43,3,7.0,6.0,4,0,0.0,0
102145,26551,Electronics,Wallet,1497.0,3,10.8,4.0,3,0,0.0,0
102146,23979,Beauty,Credit Card,1220.03,5,1.6,8.0,6,2,0.333,1
102147,23005,Electronics,Debit Card,1873.31,2,2.0,7.0,5,2,0.4,1
102148,28431,Electronics,Wallet,962.17,3,18.7,6.0,2,0,0.0,0
102149,23813,Electronics,Debit Card,1217.18,5,3.8,4.0,6,2,0.333,0
102150,27289,Beauty,Credit Card,1151.6,2,13.9,6.0,2,1,0.5,1
102151,21809,Electronics,UPI,1600.56,2,1.2,7.0,9,1,0.111,0
102152,26229,Fashion,COD,484.73,4,20.7,1.0,4,0,0.0,1
102153,28254,Home,Credit Card,393.77,2,53.3,5.0,7,0,0.0,0
102154,24388,Beauty,Wallet,902.52,4,5.6,6.0,6,0,0.0,1
102155,21478,Fashion,COD,3624.11,1,8.5,6.0,3,0,0.0,1
102156,20531,Fashion,Credit Card,465.5,1,7.0,5.0,2,1,0.5,1
102157,22252,Fashion,UPI,1131.9,5,27.0,8.0,4,0,0.0,0
102158,25418,Electronics,Debit Card,1116.09,2,0.1,5.0,4,0,0.0,0
102159,24715,Electronics,Debit Card,1695.04,3,12.7,5.0,4,3,0.75,1
102160,25697,Home,COD,602.97,1,12.7,6.0,3,2,0.667,0
102161,20412,Home,Wallet,1548.72,2,5.8,5.0,4,1,0.25,0
102162,23346,Home,Credit Card,376.23,2,3.0,2.0,7,1,0.143,0
102163,23233,Electronics,Debit Card,486.35,2,3.3,5.0,3,0,0.0,0
102164,20204,Beauty,Debit Card,2679.46,6,19.3,5.0,7,1,0.143,0
102165,26391,Electronics,Debit Card,775.21,2,0.8,4.0,4,0,0.0,1
102166,24334,Books,Debit Card,255.32,1,10.0,5.0,3,0,0.0,0
102167,24605,Home,Credit Card,550.7,5,4.4,1.0,10,2,0.2,0
102168,26919,Fashion,UPI,748.56,5,3.7,8.0,4,0,0.0,0
102169,24759,Home,Debit Card,944.43,3,8.5,7.0,4,1,0.25,0
102170,27038,Electronics,Credit Card,1248.54,3,27.4,2.0,2,0,0.0,1
102171,26448,Home,COD,632.16,2,11.6,4.0,0,0,0.0,0
102172,23703,Fashion,COD,1188.33,3,18.6,8.0,3,0,0.0,0
102173,28591,Fashion,Debit Card,418.95,1,11.0,2.0,1,0,0.0,1
102174,23904,Beauty,Debit Card,2780.07,6,14.4,6.0,2,0,0.0,0
102175,25164,Fashion,UPI,3560.58,2,6.8,4.0,7,1,0.143,0
102176,23342,Beauty,Debit Card,962.13,5,31.2,6.0,3,0,0.0,0
102177,22568,Fashion,Credit Card,1027.14,2,8.4,5.0,5,0,0.0,1
102178,20681,Home,UPI,978.11,2,9.6,4.0,0,0,0.0,1
102179,23153,Home,Credit Card,836.97,2,8.9,6.0,4,1,0.25,0
102180,22819,Electronics,Credit Card,1395.85,3,4.6,4.0,2,1,0.5,0
102181,22741,Electronics,Credit Card,1451.63,4,3.2,1.0,2,1,0.5,1
102182,28440,Fashion,Credit Card,410.5,1,0.9,3.0,3,3,1.0,1
102183,24223,Fashion,Credit Card,2399.64,4,15.2,3.0,4,0,0.0,0
102184,26340,Electronics,Wallet,1229.23,4,4.1,1.0,0,0,0.0,0
102185,21926,Home,Debit Card,864.6,4,5.9,6.0,1,0,0.0,0
102186,20193,Books,Credit Card,3335.89,2,30.3,5.0,6,2,0.333,0
102187,21986,Beauty,Credit Card,879.7,3,10.0,6.0,2,0,0.0,0
102188,21169,Beauty,Wallet,1099.13,3,1.2,6.0,2,0,0.0,0
102189,24085,Beauty,UPI,1047.93,3,19.3,7.0,2,0,0.0,0
102190,22487,Home,Debit Card,872.51,3,3.6,6.0,1,0,0.0,1
102191,21157,Fashion,COD,1008.05,2,9.7,3.0,3,0,0.0,0
102192,24067,Books,Debit Card,328.0,1,8.6,6.0,2,1,0.5,0
102193,26888,Home,Debit Card,1741.75,5,3.3,5.0,4,0,0.0,0
102194,23476,Home,Credit Card,328.42,3,1.5,10.0,2,0,0.0,0
102195,23953,Fashion,Debit Card,353.45,2,2.8,5.0,2,0,0.0,0
102196,25306,Electronics,Debit Card,2820.7,3,1.2,6.0,6,3,0.5,1
102197,25941,Electronics,UPI,256.29,1,3.9,5.0,4,1,0.25,1
102198,20697,Beauty,Debit Card,411.54,6,60.0,5.0,5,0,0.0,1
102199,22565,Electronics,UPI,450.54,3,6.2,5.0,4,1,0.25,0
102200,23561,Electronics,Credit Card,3093.88,4,23.9,,5,1,0.2,0
102201,25813,Books,Credit Card,321.88,3,9.6,5.0,6,1,0.167,1
102202,25035,Fashion,Debit Card,811.97,7,13.2,6.0,5,3,0.6,1
102203,26842,Electronics,Wallet,321.07,2,2.0,4.0,4,0,0.0,0
102204,22680,Fashion,Debit Card,923.96,4,3.9,7.0,3,0,0.0,1
102205,27580,Home,UPI,592.86,2,8.6,7.0,7,1,0.143,0
102206,25863,Books,Credit Card,706.87,3,25.6,3.0,4,0,0.0,0
102207,24156,Fashion,Credit Card,2345.5,2,0.5,3.0,6,1,0.167,0
102208,28404,Beauty,Credit Card,375.08,2,8.5,6.0,6,4,0.667,1
102209,23933,Fashion,Debit Card,1024.37,4,0.6,4.0,4,1,0.25,1
102210,20525,Books,Credit Card,1155.71,3,7.3,3.0,2,0,0.0,0
102211,27070,Beauty,Credit Card,427.71,2,11.9,9.0,6,0,0.0,1
102212,28153,Beauty,COD,1630.55,5,16.4,3.0,2,1,0.5,0
102213,20931,Fashion,Credit Card,605.88,2,1.8,2.0,4,1,0.25,0
102214,27988,Books,UPI,964.07,2,2.2,3.0,4,1,0.25,1
102215,26116,Home,Debit Card,1020.81,4,7.6,,4,1,0.25,0
102216,27389,Electronics,UPI,421.0,7,60.0,5.0,2,0,0.0,1
102217,20638,Beauty,UPI,2666.12,5,5.3,9.0,5,2,0.4,1
102218,20185,Fashion,Debit Card,3772.23,4,6.7,3.0,5,3,0.6,1
102219,23560,Beauty,Debit Card,692.65,2,6.8,6.0,4,1,0.25,1
102220,25915,Fashion,UPI,317.74,1,1.0,7.0,3,0,0.0,0
102221,28955,Home,COD,2328.35,3,17.9,4.0,4,0,0.0,0
102222,23036,Electronics,Credit Card,4479.13,7,3.5,7.0,3,0,0.0,1
102223,27941,Fashion,Credit Card,984.24,4,14.6,1.0,3,2,0.667,1
102224,23531,Fashion,COD,827.24,3,7.7,9.0,7,0,0.0,1
102225,27528,Fashion,Debit Card,734.09,2,11.4,7.0,3,0,0.0,1
102226,26087,Electronics,UPI,445.85,5,0.7,4.0,1,1,1.0,1
102227,20457,Electronics,Debit Card,646.71,2,26.5,7.0,2,0,0.0,0
102228,24432,Home,Credit Card,2154.98,2,3.4,8.0,1,1,1.0,1
102229,22112,Fashion,UPI,852.43,3,13.3,2.0,2,0,0.0,0
102230,26722,Fashion,UPI,583.55,4,19.2,4.0,3,0,0.0,0
102231,20557,Home,Credit Card,1037.52,2,9.3,8.0,7,4,0.571,1
102232,20483,Fashion,Debit Card,729.84,4,4.9,5.0,4,2,0.5,1
102233,27932,Books,COD,1281.78,6,45.7,6.0,7,0,0.0,0
102234,20921,Beauty,UPI,568.73,5,3.9,5.0,2,0,0.0,1
102235,20697,Home,Credit Card,413.48,2,35.6,7.0,1,1,1.0,0
102236,26488,Home,UPI,1468.36,3,2.0,6.0,6,2,0.333,0
102237,20353,Beauty,UPI,825.59,2,5.9,5.0,4,0,0.0,0
102238,23010,Fashion,COD,592.1,3,1.8,1.0,4,0,0.0,0
102239,24408,Fashion,UPI,1170.13,4,0.0,6.0,6,2,0.333,0
102240,28694,Fashion,Credit Card,926.66,6,3.6,7.0,6,2,0.333,1
102241,23356,Beauty,UPI,481.22,2,1.1,2.0,6,0,0.0,0
102242,20780,Fashion,UPI,2189.81,4,51.5,2.0,4,0,0.0,0
102243,20233,Home,Credit Card,1742.15,4,17.2,6.0,5,4,0.8,1
102244,28038,Books,Debit Card,1202.26,5,0.0,5.0,4,0,0.0,0
102245,28116,Beauty,Debit Card,1679.62,8,3.0,1.0,2,1,0.5,0
102246,26803,Electronics,UPI,938.49,3,13.3,3.0,4,1,0.25,0
102247,28566,Fashion,Credit Card,1786.63,6,6.1,6.0,5,1,0.2,1
102248,21941,Beauty,UPI,583.83,3,21.4,6.0,5,2,0.4,1
102249,27352,Home,Wallet,2043.1,5,8.4,4.0,5,3,0.6,0
102250,25074,Fashion,COD,1346.53,4,12.7,5.0,2,2,1.0,1
102251,22628,Fashion,Wallet,1230.43,7,10.9,3.0,0,0,0.0,0
102252,20637,Books,Wallet,703.9,3,12.2,8.0,3,0,0.0,0
102253,28752,Home,Credit Card,1275.7,2,3.1,5.0,9,1,0.111,0
102254,24221,Beauty,UPI,703.65,2,5.6,4.0,6,1,0.167,1
102255,20865,Beauty,Debit Card,947.3,7,0.6,2.0,0,0,0.0,0
102256,21013,Home,COD,1059.06,6,10.6,2.0,3,0,0.0,0
102257,28847,Electronics,Credit Card,1496.42,3,7.4,9.0,3,2,0.667,1
102258,21553,Electronics,Wallet,414.39,4,17.2,5.0,3,0,0.0,1
102259,26341,Electronics,UPI,439.99,1,2.8,4.0,7,1,0.143,1
102260,20241,Electronics,COD,1035.2,1,6.9,5.0,4,0,0.0,0
102261,22418,Beauty,Credit Card,1205.86,6,2.4,4.0,1,0,0.0,0
102262,28827,Home,Credit Card,641.42,1,11.4,5.0,1,0,0.0,0
102263,26870,Beauty,COD,1045.3,1,22.6,5.0,4,0,0.0,0
102264,21791,Electronics,Credit Card,2079.99,5,17.4,5.0,2,0,0.0,0
102265,25188,Home,COD,591.43,2,34.6,2.0,4,0,0.0,0
102266,22358,Home,Credit Card,872.24,3,42.8,7.0,5,1,0.2,0
102267,21788,Home,UPI,2095.56,5,17.7,4.0,3,2,0.667,1
102268,26420,Home,Debit Card,1913.77,4,4.1,4.0,2,2,1.0,1
102269,20190,Fashion,UPI,730.51,2,3.0,3.0,2,0,0.0,0
102270,28362,Electronics,UPI,1291.75,6,7.1,3.0,1,0,0.0,0
102271,26564,Fashion,Debit Card,1429.86,5,60.0,6.0,5,1,0.2,1
102272,23916,Electronics,Credit Card,3029.1,6,6.4,7.0,5,1,0.2,0
102273,23261,Electronics,Credit Card,2066.66,4,2.7,3.0,8,0,0.0,0
102274,26354,Home,UPI,1651.07,4,34.7,1.0,4,2,0.5,0
102275,28076,Books,UPI,493.79,3,5.9,3.0,1,0,0.0,0
102276,23029,Home,UPI,653.06,2,14.1,4.0,4,0,0.0,0
102277,27597,Home,UPI,825.45,3,18.6,2.0,3,1,0.333,0
102278,21480,Electronics,Debit Card,2209.23,3,22.2,4.0,2,1,0.5,1
102279,25487,Home,Debit Card,943.72,4,20.7,4.0,3,0,0.0,0
102280,27574,Fashion,Credit Card,1633.76,2,21.7,5.0,9,1,0.111,1
102281,25488,Fashion,Debit Card,669.74,3,13.2,2.0,1,0,0.0,0
102282,21801,Electronics,Wallet,702.59,3,6.2,6.0,4,0,0.0,0
102283,24029,Electronics,COD,1028.08,2,13.2,9.0,2,0,0.0,0
102284,23791,Fashion,Debit Card,2416.79,3,21.7,8.0,5,1,0.2,1
102285,20893,Fashion,UPI,830.68,3,5.2,4.0,3,0,0.0,1
102286,27283,Fashion,COD,261.66,5,4.2,6.0,3,0,0.0,0
102287,24468,Books,Debit Card,301.29,2,5.1,6.0,5,3,0.6,0
102288,27589,Electronics,Credit Card,1302.35,4,9.6,5.0,2,0,0.0,1
102289,20121,Electronics,Credit Card,317.89,2,0.6,5.0,3,2,0.667,1
102290,26815,Fashion,UPI,561.14,3,18.1,7.0,2,0,0.0,0
102291,25683,Home,Wallet,950.24,3,1.8,7.0,5,0,0.0,1
102292,23351,Fashion,UPI,125.26,1,1.7,3.0,1,0,0.0,1
102293,20935,Fashion,Credit Card,613.23,2,2.6,7.0,4,1,0.25,0
102294,28314,Electronics,Credit Card,605.37,5,10.3,9.0,1,0,0.0,1
102295,22216,Fashion,COD,383.68,3,4.0,7.0,4,2,0.5,1
102296,24209,Fashion,COD,582.89,3,5.5,8.0,5,1,0.2,1
102297,21124,Fashion,UPI,496.6,3,32.2,1.0,4,1,0.25,0
102298,26952,Fashion,UPI,1020.72,2,22.5,6.0,4,1,0.25,1
102299,24630,Fashion,Credit Card,1578.91,2,22.9,6.0,2,0,0.0,1
102300,27341,Electronics,COD,757.97,3,10.3,7.0,10,1,0.1,0
102301,23089,Beauty,COD,538.56,2,24.2,3.0,3,0,0.0,0
102302,21115,Home,Credit Card,735.67,3,18.1,4.0,2,0,0.0,0
102303,21742,Electronics,UPI,485.12,3,36.8,7.0,11,9,0.818,1
102304,27591,Fashion,Credit Card,561.98,5,0.8,3.0,6,1,0.167,1
102305,22079,Books,Credit Card,286.93,2,0.3,6.0,2,0,0.0,0
102306,25053,Electronics,Credit Card,548.4,5,2.3,5.0,3,0,0.0,1
102307,21714,Fashion,Credit Card,2511.16,3,31.8,5.0,2,0,0.0,0
102308,22244,Home,Debit Card,508.94,2,11.2,6.0,3,0,0.0,0
102309,21387,Fashion,Debit Card,228.36,6,6.7,3.0,5,3,0.6,1
102310,27256,Electronics,UPI,937.9,6,8.6,3.0,5,0,0.0,0
102311,21395,Electronics,Debit Card,419.43,4,21.2,5.0,3,0,0.0,0
102312,20138,Beauty,Credit Card,977.5,3,31.8,2.0,4,0,0.0,1
102313,27719,Electronics,Credit Card,1182.88,5,15.7,,5,1,0.2,1
102314,28457,Home,UPI,975.39,3,17.1,3.0,3,1,0.333,0
102315,28804,Books,Debit Card,751.55,2,4.6,7.0,5,0,0.0,0
102316,21671,Fashion,Debit Card,870.89,4,7.6,3.0,5,1,0.2,1
102317,25075,Fashion,COD,454.69,4,26.0,7.0,6,0,0.0,1
102318,21404,Electronics,UPI,901.91,3,18.5,1.0,4,0,0.0,0
102319,23684,Electronics,COD,2244.13,5,13.8,8.0,2,0,0.0,0
102320,25602,Electronics,Debit Card,1616.8,1,0.8,7.0,7,3,0.429,1
102321,23228,Books,Credit Card,1156.42,6,0.5,4.0,4,0,0.0,0
102322,21952,Home,UPI,872.65,3,1.7,3.0,4,0,0.0,0
102323,23930,Home,Credit Card,1039.85,2,10.4,6.0,3,1,0.333,0
102324,21837,Electronics,Debit Card,1886.58,2,9.2,2.0,6,2,0.333,0
102325,24934,Beauty,Credit Card,813.52,4,34.3,5.0,5,2,0.4,1
102326,23606,Books,COD,1845.14,5,14.2,3.0,2,0,0.0,0
102327,23505,Beauty,Credit Card,575.72,3,4.2,4.0,1,0,0.0,0
102328,21626,Fashion,Wallet,663.75,1,2.1,4.0,10,4,0.4,0
102329,27172,Home,COD,1378.75,2,22.7,3.0,2,1,0.5,1
102330,22954,Fashion,Debit Card,561.27,5,7.4,9.0,7,0,0.0,0
102331,23948,Fashion,UPI,1051.39,7,12.7,7.0,2,1,0.5,1
102332,27869,Fashion,UPI,1365.73,2,10.0,2.0,6,0,0.0,0
102333,21451,Home,COD,1576.31,4,1.4,3.0,2,0,0.0,0
102334,24292,Home,Debit Card,1756.14,3,0.7,7.0,3,0,0.0,1
102335,27247,Fashion,COD,906.02,1,5.7,7.0,4,0,0.0,1
102336,23879,Electronics,Debit Card,1087.04,6,5.4,2.0,5,0,0.0,0
102337,21138,Electronics,Wallet,3529.18,3,13.4,7.0,5,1,0.2,1
102338,25673,Electronics,Debit Card,591.2,1,12.0,6.0,2,0,0.0,0
102339,24238,Fashion,Debit Card,87.06,1,41.7,1.0,5,1,0.2,1
102340,23297,Electronics,COD,796.24,3,23.4,4.0,6,1,0.167,1
102341,25179,Beauty,COD,918.94,5,8.2,5.0,3,0,0.0,1
102342,22484,Fashion,UPI,1755.13,4,8.3,5.0,4,1,0.25,1
102343,23028,Fashion,Credit Card,587.49,2,13.5,2.0,1,0,0.0,0
102344,22725,Electronics,Debit Card,2354.54,5,1.5,3.0,2,0,0.0,0
102345,28304,Books,Wallet,1702.03,5,60.0,4.0,2,0,0.0,0
102346,25759,Home,COD,422.64,2,8.8,4.0,3,0,0.0,1
102347,20731,Home,COD,707.93,2,28.9,4.0,2,0,0.0,0
102348,24482,Electronics,Credit Card,837.62,6,41.1,5.0,6,1,0.167,0
102349,28359,Home,Debit Card,1053.8,3,10.5,6.0,1,0,0.0,0
102350,26026,Fashion,UPI,590.17,3,1.3,9.0,4,1,0.25,1
102351,28261,Home,COD,986.31,3,10.2,7.0,0,0,0.0,0
102352,24923,Books,Credit Card,1132.86,6,10.9,8.0,5,2,0.4,0
102353,24853,Home,COD,497.04,1,18.7,4.0,3,0,0.0,1
102354,23242,Beauty,UPI,3728.31,4,0.6,3.0,3,2,0.667,1
102355,27526,Home,Credit Card,620.35,2,7.5,7.0,5,0,0.0,0
102356,24408,Fashion,Debit Card,417.89,6,30.7,5.0,5,0,0.0,0
102357,27478,Books,Debit Card,2003.48,4,56.9,7.0,2,0,0.0,0
102358,24717,Fashion,UPI,2442.2,6,2.5,3.0,3,0,0.0,0
102359,25341,Electronics,Credit Card,287.71,3,24.5,6.0,1,0,0.0,1
102360,24970,Fashion,Credit Card,619.41,3,1.9,5.0,6,1,0.167,0
102361,27881,Fashion,COD,707.32,1,22.1,4.0,4,3,0.75,1
102362,28275,Electronics,Credit Card,745.85,1,3.9,4.0,6,1,0.167,0
102363,22527,Fashion,Credit Card,940.56,3,38.5,6.0,5,1,0.2,0
102364,22056,Electronics,Debit Card,1100.85,4,14.3,7.0,4,0,0.0,1
102365,24859,Home,UPI,537.08,3,6.1,4.0,1,0,0.0,0
102366,24702,Fashion,COD,258.07,4,4.0,6.0,8,0,0.0,0
102367,26805,Fashion,Debit Card,2634.05,2,3.2,6.0,8,0,0.0,1
102368,26640,Home,COD,527.48,3,13.7,7.0,2,1,0.5,1
102369,21785,Electronics,UPI,856.18,2,27.1,7.0,6,1,0.167,1
102370,22478,Home,Credit Card,700.13,2,16.9,9.0,3,1,0.333,1
102371,27636,Home,Credit Card,932.92,1,21.6,4.0,5,1,0.2,0
102372,27844,Beauty,Debit Card,1166.88,4,18.2,8.0,3,0,0.0,0
102373,22985,Home,Debit Card,1034.19,3,46.4,5.0,4,0,0.0,0
102374,25656,Electronics,UPI,194.17,3,17.0,3.0,4,0,0.0,1
102375,28450,Home,UPI,330.3,1,2.8,4.0,7,3,0.429,1
102376,21731,Fashion,Debit Card,1903.59,5,18.8,6.0,7,1,0.143,1
102377,27802,Electronics,Credit Card,1397.03,3,4.7,7.0,5,1,0.2,1
102378,27291,Beauty,Credit Card,615.33,4,60.0,3.0,1,0,0.0,1
102379,24132,Electronics,UPI,365.95,3,5.7,3.0,6,1,0.167,0
102380,28184,Beauty,Debit Card,1554.49,7,4.2,4.0,4,0,0.0,0
102381,24206,Beauty,UPI,164.88,3,3.3,3.0,3,0,0.0,0
102382,28321,Beauty,Credit Card,546.72,4,12.9,1.0,3,0,0.0,0
102383,23838,Books,UPI,2711.89,3,1.4,1.0,7,2,0.286,0
102384,24574,Electronics,COD,2897.95,5,36.8,4.0,3,1,0.333,1
102385,28959,Electronics,Credit Card,1263.52,3,4.2,6.0,4,1,0.25,1
102386,26279,Home,Debit Card,1464.28,5,4.2,6.0,8,0,0.0,0
102387,27974,Electronics,Wallet,377.9,5,0.6,2.0,10,0,0.0,0
102388,27706,Home,Debit Card,604.8,3,3.4,2.0,3,0,0.0,0
102389,28008,Home,UPI,790.14,3,6.5,4.0,0,0,0.0,0
102390,23774,Home,Credit Card,707.33,4,5.5,5.0,5,0,0.0,0
102391,20552,Electronics,UPI,764.45,3,3.8,7.0,2,0,0.0,1
102392,22195,Fashion,Credit Card,2056.66,3,0.5,7.0,6,5,0.833,1
102393,27234,Electronics,Wallet,786.86,4,4.3,4.0,4,1,0.25,0
102394,20640,Fashion,UPI,887.66,4,18.1,6.0,3,0,0.0,0
102395,20240,Beauty,COD,1470.01,3,6.9,3.0,3,1,0.333,0
102396,23023,Electronics,UPI,402.47,3,4.1,5.0,2,0,0.0,1
102397,20586,Fashion,UPI,569.74,3,4.4,5.0,2,0,0.0,1
102398,25752,Fashion,Debit Card,782.18,5,9.7,8.0,4,1,0.25,1
102399,24288,Home,COD,1259.0,5,4.3,6.0,2,0,0.0,0
102400,25385,Home,Wallet,885.52,4,12.0,,6,4,0.667,0
102401,23911,Electronics,Debit Card,781.57,3,54.6,3.0,9,1,0.111,0
102402,22515,Fashion,Wallet,817.14,5,0.5,4.0,1,1,1.0,1
102403,22873,Electronics,UPI,496.12,3,2.2,2.0,8,0,0.0,0
102404,21931,Electronics,UPI,1359.39,3,2.4,4.0,5,1,0.2,1
102405,20534,Home,Debit Card,1176.47,7,7.1,5.0,4,1,0.25,0
102406,26627,Home,Credit Card,1116.53,2,0.5,6.0,4,0,0.0,0
102407,21113,Electronics,Credit Card,279.51,1,7.8,6.0,3,1,0.333,0
102408,21215,Fashion,Credit Card,632.8,3,31.7,5.0,1,0,0.0,1
102409,24263,Books,UPI,476.89,1,0.1,1.0,0,0,0.0,0
102410,28797,Electronics,Debit Card,1008.71,4,5.4,2.0,2,1,0.5,1
102411,25604,Home,Debit Card,2097.5,6,17.2,4.0,1,0,0.0,0
102412,21407,Fashion,Wallet,940.5,5,2.0,6.0,8,0,0.0,1
102413,23305,Electronics,Debit Card,1704.78,4,1.0,6.0,5,1,0.2,0
102414,23616,Fashion,Debit Card,1181.18,3,12.0,4.0,3,1,0.333,1
102415,22915,Electronics,Credit Card,722.32,2,0.1,10.0,8,4,0.5,1
102416,25235,Books,Credit Card,533.0,3,19.4,8.0,5,2,0.4,0
102417,22154,Electronics,COD,1715.18,4,0.8,8.0,5,0,0.0,0
102418,27156,Fashion,UPI,826.46,7,8.9,7.0,6,0,0.0,0
102419,22783,Fashion,COD,537.66,1,16.2,6.0,6,1,0.167,1
102420,22578,Electronics,Credit Card,745.61,2,3.3,6.0,4,0,0.0,1
102421,23275,Fashion,UPI,680.15,2,1.3,1.0,4,0,0.0,0
102422,20289,Fashion,Credit Card,862.26,4,2.3,3.0,5,2,0.4,1
102423,27238,Beauty,Credit Card,470.28,2,23.1,5.0,2,0,0.0,0
102424,26127,Electronics,Credit Card,291.9,2,14.7,5.0,5,0,0.0,1
102425,25422,Fashion,Credit Card,1264.31,1,2.6,5.0,5,1,0.2,1
102426,26513,Books,Debit Card,702.24,3,15.1,6.0,1,0,0.0,0
102427,24375,Fashion,Credit Card,1008.56,4,14.8,1.0,1,1,1.0,1
102428,28719,Books,Wallet,870.24,3,60.0,6.0,3,1,0.333,1
102429,27448,Electronics,Debit Card,1820.14,3,6.0,5.0,4,0,0.0,0
102430,28096,Beauty,Credit Card,3474.01,4,24.0,5.0,5,1,0.2,0
102431,28939,Home,Credit Card,1038.17,3,7.1,7.0,7,0,0.0,0
102432,20925,Beauty,UPI,1214.0,6,27.4,3.0,7,0,0.0,0
102433,22645,Books,Credit Card,555.06,4,1.2,4.0,2,0,0.0,1
102434,23482,Fashion,COD,458.06,4,2.3,6.0,8,0,0.0,0
102435,22525,Books,Wallet,265.65,2,22.8,3.0,4,1,0.25,0
102436,22241,Electronics,Credit Card,755.37,5,20.5,1.0,2,1,0.5,1
102437,28780,Electronics,Debit Card,219.66,2,4.4,2.0,3,1,0.333,0
102438,22687,Electronics,Credit Card,2326.26,5,10.9,5.0,6,1,0.167,1
102439,21225,Electronics,UPI,992.7,2,5.8,4.0,5,1,0.2,0
102440,25976,Fashion,Debit Card,1146.99,6,0.1,5.0,4,0,0.0,1
102441,22656,Home,Credit Card,2119.17,4,0.3,4.0,4,0,0.0,0
102442,25160,Electronics,Credit Card,286.38,1,0.7,2.0,3,2,0.667,1
102443,25274,Beauty,UPI,665.91,4,10.8,5.0,4,2,0.5,0
102444,27992,Beauty,Debit Card,381.63,5,3.9,5.0,2,1,0.5,1
102445,23443,Electronics,Credit Card,1225.6,2,1.9,6.0,8,3,0.375,1
102446,28666,Electronics,UPI,473.6,2,34.0,3.0,2,1,0.5,1
102447,24239,Fashion,UPI,1229.22,5,1.6,1.0,1,0,0.0,0
102448,20546,Fashion,COD,1987.62,4,13.4,,9,4,0.444,0
102449,20941,Fashion,Credit Card,2479.12,4,26.9,4.0,4,1,0.25,0
102450,20207,Electronics,COD,535.13,1,2.1,5.0,4,1,0.25,0
102451,25088,Fashion,UPI,1371.54,4,2.9,4.0,6,1,0.167,0
102452,26176,Books,Credit Card,548.4,3,10.2,4.0,1,0,0.0,0
102453,27755,Home,UPI,2589.79,3,8.5,1.0,4,1,0.25,0
102454,22313,Electronics,Debit Card,1102.16,5,8.8,1.0,5,0,0.0,0
102455,22985,Home,Wallet,989.77,3,9.7,6.0,2,0,0.0,0
102456,26076,Fashion,Credit Card,426.62,1,35.9,4.0,3,3,1.0,1
102457,28419,Electronics,UPI,1581.49,2,0.7,4.0,1,1,1.0,0
102458,26347,Home,Debit Card,1503.63,6,17.1,2.0,2,0,0.0,0
102459,22593,Electronics,Wallet,1215.77,2,3.2,3.0,4,1,0.25,0
102460,20606,Electronics,Debit Card,1346.85,4,5.6,5.0,6,0,0.0,1
102461,25509,Books,Wallet,674.74,2,1.1,6.0,6,1,0.167,0
102462,20553,Beauty,Wallet,1345.14,2,7.1,5.0,4,0,0.0,0
102463,28451,Home,Credit Card,947.44,2,19.6,8.0,3,0,0.0,0
102464,21935,Home,COD,529.92,3,1.2,4.0,7,1,0.143,0
102465,27645,Home,Wallet,601.62,4,3.9,8.0,7,0,0.0,0
102466,28091,Fashion,Credit Card,595.44,1,5.6,5.0,6,3,0.5,0
102467,20706,Electronics,Debit Card,1625.84,3,1.3,5.0,4,0,0.0,0
102468,20431,Fashion,UPI,2059.52,2,17.2,7.0,4,2,0.5,1
102469,21663,Electronics,Debit Card,324.72,3,18.6,4.0,6,2,0.333,0
102470,21210,Electronics,Credit Card,957.86,3,21.7,4.0,1,0,0.0,1
102471,28028,Fashion,Credit Card,1789.46,6,10.5,2.0,2,0,0.0,0
102472,27404,Books,Debit Card,1126.32,3,8.5,7.0,4,0,0.0,0
102473,24108,Books,Debit Card,2444.21,6,3.7,6.0,3,1,0.333,0
102474,22476,Home,Credit Card,1397.76,3,12.8,7.0,4,1,0.25,0
102475,28174,Electronics,COD,522.18,3,7.1,5.0,5,0,0.0,0
102476,25683,Beauty,UPI,662.38,5,42.4,7.0,2,0,0.0,0
102477,26474,Fashion,Credit Card,1313.72,4,41.4,3.0,6,0,0.0,0
102478,27324,Beauty,UPI,1708.91,3,28.3,7.0,4,1,0.25,1
102479,23062,Fashion,UPI,593.51,1,5.4,4.0,5,0,0.0,0
102480,21735,Beauty,Wallet,298.81,2,5.5,5.0,3,1,0.333,0
102481,25733,Fashion,Credit Card,290.53,1,23.0,7.0,2,0,0.0,0
102482,28537,Beauty,Credit Card,1843.88,5,15.7,10.0,1,0,0.0,1
102483,25527,Books,Wallet,883.56,4,14.6,7.0,1,0,0.0,0
102484,20820,Fashion,Wallet,1012.4,3,3.9,7.0,6,4,0.667,0
102485,28068,Electronics,UPI,1459.46,2,21.5,4.0,3,0,0.0,0
102486,22047,Books,COD,374.37,2,10.4,5.0,2,1,0.5,1
102487,25200,Electronics,Credit Card,600.66,2,7.1,5.0,8,2,0.25,0
102488,20550,Beauty,UPI,1052.82,7,24.1,8.0,4,0,0.0,0
102489,23755,Home,Credit Card,1348.02,4,6.0,5.0,2,1,0.5,1
102490,24928,Electronics,Credit Card,1224.52,2,12.7,8.0,1,0,0.0,0
102491,22277,Fashion,COD,548.79,6,7.5,2.0,6,1,0.167,0
102492,24020,Fashion,Credit Card,940.1,3,10.8,8.0,4,3,0.75,1
102493,26379,Beauty,Debit Card,1589.07,3,0.5,3.0,7,3,0.429,0
102494,23619,Electronics,Wallet,178.95,1,7.4,7.0,2,1,0.5,1
102495,22050,Electronics,Credit Card,907.48,3,9.8,3.0,1,0,0.0,0
102496,25927,Electronics,Wallet,262.57,1,8.1,6.0,2,1,0.5,0
102497,28058,Home,Wallet,524.07,2,22.6,3.0,3,0,0.0,0
102498,23140,Beauty,UPI,242.29,4,4.5,7.0,5,0,0.0,1
102499,24895,Books,Credit Card,3076.41,6,25.9,7.0,3,0,0.0,0
102500,22486,Electronics,Debit Card,761.89,3,6.2,4.0,3,0,0.0,1
102501,21079,Beauty,Debit Card,335.52,1,14.2,6.0,2,0,0.0,0
102502,28719,Beauty,Debit Card,1148.56,3,1.1,7.0,9,0,0.0,0
102503,26018,Home,Debit Card,412.07,2,2.7,3.0,7,0,0.0,0
102504,24119,Books,Wallet,476.73,3,17.2,3.0,9,1,0.111,0
102505,25226,Fashion,Credit Card,3301.32,6,0.1,3.0,3,0,0.0,0
102506,22890,Fashion,UPI,3948.45,6,41.5,2.0,6,3,0.5,1
102507,27933,Beauty,Credit Card,381.75,1,2.5,3.0,3,1,0.333,0
102508,23781,Electronics,UPI,1461.16,2,27.8,7.0,3,0,0.0,1
102509,24006,Beauty,Wallet,1167.86,3,8.7,6.0,2,1,0.5,1
102510,25872,Beauty,Debit Card,329.73,2,10.0,1.0,4,0,0.0,1
102511,22754,Fashion,Credit Card,764.33,6,1.1,4.0,2,0,0.0,0
102512,27075,Beauty,UPI,1953.22,2,5.5,2.0,4,1,0.25,0
102513,21377,Electronics,UPI,327.18,2,2.0,7.0,3,1,0.333,0
102514,24599,Electronics,UPI,2140.08,1,9.0,4.0,3,2,0.667,0
102515,22531,Home,Debit Card,773.04,4,9.6,2.0,2,1,0.5,0
102516,22103,Books,Credit Card,2435.23,3,14.8,5.0,6,1,0.167,0
102517,25326,Fashion,Wallet,785.22,3,25.3,6.0,5,2,0.4,1
102518,28608,Electronics,Wallet,1524.24,3,7.6,3.0,3,0,0.0,0
102519,28736,Home,Debit Card,2812.25,5,3.2,4.0,6,1,0.167,0
102520,28196,Home,COD,1773.21,2,4.9,3.0,4,0,0.0,0
102521,22162,Home,Debit Card,383.52,1,22.5,8.0,4,1,0.25,0
102522,24098,Fashion,Debit Card,460.42,2,1.9,4.0,2,0,0.0,0
102523,27146,Fashion,Credit Card,1037.35,4,11.8,3.0,3,0,0.0,0
102524,25918,Electronics,Debit Card,558.04,5,0.2,5.0,5,1,0.2,0
102525,24251,Beauty,UPI,1257.28,4,3.4,5.0,3,2,0.667,0
102526,25904,Fashion,Credit Card,332.79,1,10.7,7.0,2,0,0.0,0
102527,28263,Fashion,Debit Card,2331.68,5,7.3,8.0,4,0,0.0,0
102528,23743,Books,COD,669.97,3,8.2,8.0,2,0,0.0,1
102529,25198,Fashion,UPI,270.76,2,13.0,4.0,6,0,0.0,1
102530,25863,Books,UPI,2186.06,3,3.2,6.0,3,1,0.333,0
102531,23364,Home,Wallet,1359.32,5,4.0,8.0,4,0,0.0,0
102532,23736,Beauty,Credit Card,959.86,3,13.8,8.0,1,0,0.0,0
102533,28952,Fashion,UPI,2100.19,4,9.3,3.0,5,2,0.4,1
102534,27154,Fashion,COD,1591.21,3,0.2,6.0,4,0,0.0,0
102535,25418,Home,UPI,344.77,1,13.3,6.0,4,2,0.5,0
102536,24998,Beauty,Debit Card,1018.42,6,11.6,7.0,4,0,0.0,0
102537,28237,Home,Credit Card,394.97,2,1.0,8.0,4,0,0.0,1
102538,20974,Fashion,COD,319.87,2,16.5,3.0,2,0,0.0,1
102539,23785,Beauty,Debit Card,1334.7,3,8.9,3.0,4,1,0.25,0
102540,21940,Beauty,COD,1687.82,6,2.7,7.0,4,1,0.25,0
102541,28201,Home,UPI,1215.69,2,9.8,5.0,7,1,0.143,0
102542,27598,Beauty,UPI,1661.6,2,10.9,1.0,3,0,0.0,0
102543,27251,Beauty,COD,1733.39,4,30.3,1.0,3,1,0.333,1
102544,27265,Home,UPI,1828.45,4,16.3,6.0,7,1,0.143,0
102545,23313,Fashion,Debit Card,383.41,6,4.3,7.0,6,2,0.333,0
102546,27273,Electronics,UPI,640.59,2,1.5,2.0,3,0,0.0,1
102547,20515,Fashion,COD,1942.81,4,23.0,7.0,2,0,0.0,0
102548,23026,Electronics,Debit Card,540.35,4,22.5,5.0,4,0,0.0,1
102549,20409,Electronics,Debit Card,1150.73,4,2.3,3.0,2,1,0.5,1
102550,26538,Fashion,Credit Card,1487.46,4,0.8,4.0,4,0,0.0,0
102551,25009,Electronics,Wallet,1230.31,3,14.9,2.0,4,0,0.0,0
102552,23090,Fashion,Credit Card,679.45,1,15.4,4.0,8,0,0.0,1
102553,20763,Beauty,UPI,1351.07,3,2.3,1.0,8,1,0.125,0
102554,23856,Books,Debit Card,1357.18,5,13.2,5.0,5,0,0.0,0
102555,24843,Fashion,Debit Card,320.16,2,3.9,6.0,4,1,0.25,1
102556,26127,Books,UPI,1043.93,2,3.6,2.0,5,0,0.0,0
102557,26990,Electronics,Credit Card,1118.96,3,4.7,5.0,0,0,0.0,0
102558,28742,Fashion,UPI,510.23,5,8.8,3.0,4,1,0.25,1
102559,27440,Fashion,COD,1762.37,2,19.6,6.0,8,1,0.125,1
102560,24888,Electronics,COD,1677.44,5,8.3,1.0,2,0,0.0,1
102561,24871,Beauty,Credit Card,237.89,1,4.2,7.0,6,3,0.5,1
102562,20885,Home,COD,667.01,4,25.8,1.0,4,0,0.0,0
102563,25992,Fashion,UPI,776.44,4,0.7,5.0,3,0,0.0,0
102564,20794,Fashion,COD,867.71,5,19.1,3.0,10,2,0.2,0
102565,24254,Electronics,Debit Card,1124.55,3,18.4,4.0,1,1,1.0,1
102566,20280,Fashion,UPI,525.05,3,3.5,2.0,3,2,0.667,1
102567,22859,Fashion,Wallet,1856.02,3,2.7,9.0,6,1,0.167,1
102568,25731,Fashion,COD,1766.56,3,24.9,2.0,4,2,0.5,1
102569,26365,Beauty,Debit Card,1116.73,2,9.8,2.0,4,0,0.0,0
102570,21136,Books,Credit Card,1118.44,4,0.6,9.0,3,1,0.333,1
102571,22869,Electronics,Debit Card,1911.45,4,26.6,6.0,4,0,0.0,0
102572,26385,Books,Debit Card,922.95,4,5.2,2.0,7,1,0.143,0
102573,24333,Electronics,Debit Card,610.7,3,5.0,5.0,5,1,0.2,1
102574,23853,Electronics,Credit Card,2224.33,4,12.4,4.0,5,1,0.2,0
102575,24333,Fashion,COD,931.78,2,13.0,1.0,8,2,0.25,0
102576,25645,Home,Credit Card,625.7,3,5.2,3.0,3,0,0.0,0
102577,28127,Books,UPI,599.4,2,1.9,5.0,2,1,0.5,0
102578,22851,Home,Credit Card,782.79,5,9.6,8.0,5,3,0.6,1
102579,25075,Electronics,Debit Card,4097.06,5,11.8,5.0,2,0,0.0,0
102580,25497,Home,Credit Card,1091.83,4,23.6,5.0,7,0,0.0,0
102581,20602,Fashion,Credit Card,1338.6,5,8.0,3.0,3,0,0.0,0
102582,25085,Beauty,COD,1877.04,5,12.5,7.0,5,0,0.0,0
102583,26582,Electronics,COD,643.33,6,0.7,7.0,3,0,0.0,0
102584,24493,Electronics,Credit Card,1051.45,1,27.0,7.0,3,1,0.333,1
102585,21120,Home,Debit Card,378.15,1,4.8,5.0,7,3,0.429,0
102586,23327,Home,Debit Card,1632.73,1,12.0,1.0,6,0,0.0,0
102587,20843,Fashion,COD,1009.41,5,29.7,7.0,6,0,0.0,0
102588,28369,Home,COD,2029.88,4,20.0,5.0,6,1,0.167,0
102589,25557,Fashion,UPI,121.74,1,12.2,4.0,2,0,0.0,0
102590,26755,Home,UPI,380.5,2,14.6,6.0,3,1,0.333,1
102591,22762,Beauty,COD,790.88,3,30.4,5.0,2,0,0.0,0
102592,23299,Beauty,Credit Card,227.72,2,20.1,3.0,0,0,0.0,0
102593,25454,Home,Debit Card,1104.45,2,11.3,4.0,4,1,0.25,1
102594,20288,Electronics,Wallet,1858.45,8,12.9,1.0,6,1,0.167,0
102595,24571,Fashion,UPI,520.51,3,1.9,5.0,3,0,0.0,0
102596,23751,Beauty,UPI,762.8,2,7.6,8.0,6,1,0.167,0
102597,24355,Fashion,UPI,1249.45,2,4.3,1.0,1,0,0.0,0
102598,27119,Electronics,Debit Card,267.06,3,6.8,5.0,2,0,0.0,0
102599,28493,Fashion,UPI,439.31,3,13.0,6.0,6,0,0.0,0
102600,26088,Fashion,UPI,629.87,2,1.9,7.0,2,0,0.0,0
102601,28821,Home,Debit Card,781.18,2,0.2,3.0,4,1,0.25,0
102602,28260,Fashion,UPI,1175.62,5,6.1,3.0,4,1,0.25,1
102603,27155,Home,COD,1608.22,3,4.7,4.0,6,1,0.167,1
102604,20251,Electronics,Credit Card,1450.22,4,6.5,8.0,4,2,0.5,1
102605,21220,Fashion,Debit Card,1654.29,4,32.1,1.0,5,0,0.0,0
102606,21743,Electronics,Debit Card,334.5,2,14.7,2.0,4,1,0.25,1
102607,22273,Fashion,UPI,594.01,1,4.8,4.0,4,1,0.25,0
102608,20149,Fashion,Credit Card,1012.76,5,2.4,3.0,5,2,0.4,1
102609,25134,Home,UPI,2267.76,3,11.6,5.0,6,3,0.5,1
102610,23423,Fashion,COD,855.09,2,12.9,8.0,3,0,0.0,0
102611,23682,Beauty,Debit Card,729.03,4,7.9,2.0,4,1,0.25,0
102612,24553,Fashion,Wallet,1284.44,2,2.9,5.0,4,0,0.0,1
102613,20876,Fashion,Wallet,1079.82,2,0.3,5.0,5,1,0.2,1
102614,27392,Home,Credit Card,743.79,5,3.7,4.0,5,0,0.0,1
102615,23322,Electronics,Credit Card,987.94,5,7.3,2.0,1,0,0.0,0
102616,28094,Fashion,Wallet,631.25,2,18.6,4.0,2,0,0.0,1
102617,20751,Electronics,Wallet,1969.99,3,23.1,4.0,2,0,0.0,0
102618,20472,Fashion,Credit Card,1375.63,5,6.4,6.0,7,1,0.143,0
102619,22756,Beauty,Credit Card,1458.81,3,19.1,6.0,0,0,0.0,0
102620,24724,Electronics,Credit Card,701.59,3,60.0,2.0,4,2,0.5,1
102621,22472,Beauty,Wallet,941.48,2,15.1,4.0,4,0,0.0,0
102622,28397,Beauty,Credit Card,2061.78,3,15.6,4.0,6,2,0.333,0
102623,25918,Electronics,UPI,620.13,2,28.8,9.0,9,2,0.222,1
102624,24293,Books,COD,1167.06,4,5.0,6.0,3,0,0.0,0
102625,27996,Electronics,Credit Card,537.4,5,0.1,,3,0,0.0,0
102626,24154,Books,UPI,688.02,4,52.1,3.0,2,0,0.0,1
102627,25419,Fashion,Credit Card,630.12,2,8.1,4.0,3,0,0.0,0
102628,25993,Home,COD,407.51,2,18.5,6.0,0,0,0.0,0
102629,20248,Electronics,Debit Card,1203.73,1,20.1,6.0,6,0,0.0,0
102630,24869,Electronics,UPI,736.5,5,6.1,5.0,3,0,0.0,0
102631,23511,Home,UPI,1512.3,3,9.4,5.0,5,0,0.0,1
102632,25604,Home,Credit Card,1055.12,3,9.3,5.0,3,0,0.0,1
102633,23385,Fashion,Credit Card,1358.85,6,3.0,5.0,4,0,0.0,1
102634,26122,Fashion,Debit Card,2656.71,4,1.5,1.0,3,1,0.333,1
102635,25872,Home,Debit Card,198.39,2,9.4,5.0,4,1,0.25,0
102636,23163,Home,COD,968.19,4,1.5,4.0,4,0,0.0,0
102637,20082,Books,COD,636.82,5,5.1,1.0,5,1,0.2,0
102638,26221,Beauty,Debit Card,167.86,1,2.5,10.0,6,1,0.167,0
102639,23070,Books,UPI,376.05,2,14.7,6.0,5,0,0.0,0
102640,23100,Home,UPI,1455.78,7,24.7,5.0,1,0,0.0,0
102641,21320,Fashion,COD,610.39,3,10.4,4.0,4,0,0.0,1
102642,28124,Fashion,Debit Card,1615.3,3,6.3,7.0,6,0,0.0,0
102643,21152,Beauty,Credit Card,957.99,4,60.0,2.0,4,2,0.5,1
102644,24315,Home,Credit Card,633.8,2,0.3,4.0,4,1,0.25,0
102645,26820,Fashion,UPI,898.73,4,4.4,3.0,7,4,0.571,1
102646,25601,Electronics,Debit Card,1147.82,5,3.9,7.0,3,0,0.0,0
102647,27277,Books,Debit Card,423.65,1,5.3,3.0,2,0,0.0,0
102648,21047,Electronics,Credit Card,980.3,9,3.1,7.0,3,0,0.0,0
102649,21135,Electronics,UPI,2204.44,5,3.7,5.0,3,1,0.333,0
102650,27419,Electronics,Credit Card,648.62,3,3.6,7.0,5,0,0.0,1
102651,20629,Fashion,Credit Card,611.83,2,8.5,6.0,8,1,0.125,0
102652,22597,Electronics,Debit Card,996.47,2,6.0,7.0,3,2,0.667,1
102653,27969,Electronics,Credit Card,932.45,2,12.2,3.0,3,0,0.0,0
102654,20733,Fashion,UPI,637.2,4,8.7,7.0,3,0,0.0,1
102655,27125,Beauty,Debit Card,1713.23,4,2.4,1.0,5,1,0.2,0
102656,25406,Electronics,Debit Card,1302.33,3,19.9,5.0,4,0,0.0,0
102657,24701,Beauty,UPI,1049.52,3,7.7,4.0,4,2,0.5,1
102658,24084,Beauty,Credit Card,940.05,5,2.0,2.0,5,0,0.0,0
102659,27528,Fashion,Credit Card,738.98,3,2.2,3.0,6,0,0.0,1
102660,21174,Home,COD,835.67,3,19.1,4.0,4,1,0.25,0
102661,24271,Electronics,Debit Card,450.43,3,14.6,5.0,2,0,0.0,0
102662,28825,Beauty,Debit Card,752.21,2,8.5,4.0,1,0,0.0,0
102663,21716,Fashion,Credit Card,930.07,1,4.4,5.0,4,1,0.25,1
102664,21904,Home,Debit Card,1302.96,2,7.4,3.0,1,0,0.0,0
102665,24769,Home,UPI,750.54,3,12.1,4.0,4,0,0.0,0
102666,21623,Fashion,UPI,1786.04,3,25.4,4.0,3,0,0.0,0
102667,28344,Fashion,UPI,4521.04,7,9.7,5.0,7,1,0.143,0
102668,26529,Home,Credit Card,637.05,2,3.9,7.0,5,4,0.8,1
102669,20680,Home,Credit Card,2019.87,6,0.5,7.0,3,0,0.0,0
102670,23167,Electronics,COD,396.25,8,2.3,6.0,2,0,0.0,0
102671,20204,Home,Wallet,443.38,3,12.6,6.0,4,1,0.25,0
102672,26745,Electronics,Credit Card,575.17,1,2.1,6.0,1,0,0.0,1
102673,24867,Home,Debit Card,420.96,2,7.9,4.0,7,1,0.143,0
102674,27949,Fashion,Credit Card,4139.13,5,14.4,7.0,2,2,1.0,1
102675,27014,Beauty,Credit Card,1350.24,3,4.4,3.0,3,1,0.333,0
102676,23530,Fashion,Debit Card,2173.77,5,13.3,1.0,8,4,0.5,0
102677,24229,Electronics,Credit Card,1070.34,4,10.4,3.0,5,1,0.2,1
102678,26308,Fashion,UPI,516.66,3,6.9,8.0,2,0,0.0,0
102679,25118,Fashion,UPI,398.9,1,27.3,4.0,4,1,0.25,1
102680,21846,Electronics,Credit Card,897.13,2,14.1,6.0,5,0,0.0,0
102681,28575,Fashion,Credit Card,982.6,7,5.4,4.0,5,0,0.0,0
102682,27011,Beauty,COD,1152.04,2,19.6,6.0,4,0,0.0,1
102683,20434,Fashion,Credit Card,1669.03,4,16.1,5.0,4,0,0.0,0
102684,25625,Electronics,UPI,946.05,3,18.8,5.0,6,0,0.0,0
102685,27662,Electronics,Debit Card,407.21,5,12.3,6.0,5,1,0.2,1
102686,21051,Fashion,UPI,1523.66,1,5.7,4.0,4,1,0.25,0
102687,24901,Fashion,Debit Card,958.67,4,5.1,6.0,3,0,0.0,0
102688,23549,Electronics,Credit Card,5534.26,4,12.7,5.0,4,0,0.0,0
102689,20675,Electronics,Credit Card,1139.22,2,1.7,5.0,6,0,0.0,0
102690,24797,Electronics,Credit Card,678.99,2,20.6,3.0,7,0,0.0,0
102691,25665,Electronics,Debit Card,1593.06,5,5.6,5.0,4,0,0.0,1
102692,24486,Home,UPI,280.83,3,11.9,4.0,5,0,0.0,0
102693,21874,Fashion,Credit Card,1745.84,3,8.3,7.0,4,1,0.25,1
102694,28176,Electronics,Credit Card,3592.98,2,8.8,1.0,7,0,0.0,0
102695,21049,Books,UPI,310.94,4,16.1,7.0,3,0,0.0,1
102696,24735,Electronics,UPI,916.63,4,11.8,1.0,6,1,0.167,0
102697,20170,Home,Wallet,1252.22,6,3.5,6.0,5,0,0.0,1
102698,25557,Electronics,UPI,1302.07,2,0.9,3.0,4,0,0.0,1
102699,27634,Beauty,Debit Card,3337.21,3,22.0,6.0,3,1,0.333,1
102700,22586,Beauty,UPI,1532.18,5,25.9,5.0,5,0,0.0,0
102701,26060,Electronics,Wallet,2784.01,2,2.2,2.0,4,0,0.0,0
102702,22366,Books,COD,853.06,2,4.4,8.0,2,0,0.0,0
102703,20160,Fashion,Debit Card,1236.65,3,4.0,7.0,8,2,0.25,0
102704,28766,Fashion,Credit Card,937.78,2,33.3,6.0,4,0,0.0,1
102705,20170,Beauty,Credit Card,1601.59,2,2.7,4.0,6,1,0.167,0
102706,23223,Beauty,UPI,845.35,4,2.2,7.0,4,1,0.25,0
102707,27242,Fashion,UPI,2179.5,6,2.4,2.0,3,0,0.0,0
102708,20452,Fashion,UPI,520.44,4,15.7,1.0,2,2,1.0,1
102709,21150,Fashion,Credit Card,795.21,3,26.3,2.0,2,0,0.0,1
102710,27791,Fashion,UPI,525.59,2,6.0,3.0,3,0,0.0,0
102711,23298,Beauty,COD,1518.89,7,1.8,3.0,7,2,0.286,1
102712,22546,Electronics,Debit Card,780.28,3,10.6,4.0,5,1,0.2,1
102713,25714,Electronics,UPI,1519.07,2,2.8,4.0,3,0,0.0,0
102714,28636,Electronics,Debit Card,718.75,5,0.8,4.0,2,0,0.0,1
102715,21678,Fashion,COD,385.43,4,26.1,1.0,5,0,0.0,1
102716,21923,Fashion,COD,417.77,3,24.6,5.0,8,5,0.625,1
102717,26360,Home,UPI,988.81,1,44.7,4.0,4,1,0.25,0
102718,23117,Books,UPI,805.3,7,7.7,3.0,5,1,0.2,0
102719,23299,Beauty,COD,977.78,2,4.2,8.0,5,0,0.0,0
102720,20903,Fashion,Debit Card,790.32,3,17.6,4.0,4,2,0.5,1
102721,26188,Beauty,Debit Card,1546.66,3,2.4,5.0,4,1,0.25,0
102722,23097,Beauty,COD,1060.25,5,3.3,7.0,4,0,0.0,0
102723,24963,Beauty,Credit Card,5720.18,4,3.5,2.0,5,0,0.0,0
102724,28209,Electronics,Debit Card,2945.92,3,36.3,5.0,8,1,0.125,1
102725,24835,Electronics,COD,780.69,3,15.7,7.0,2,1,0.5,1
102726,24451,Electronics,UPI,587.16,2,1.7,5.0,10,4,0.4,1
102727,20946,Fashion,Debit Card,6177.7,3,1.2,2.0,4,0,0.0,0
102728,24635,Fashion,Credit Card,403.13,2,22.2,4.0,1,0,0.0,0
102729,20848,Fashion,Debit Card,1394.01,7,19.5,5.0,4,0,0.0,1
102730,26328,Electronics,Debit Card,1103.91,4,13.3,1.0,5,0,0.0,0
102731,27452,Home,Credit Card,1215.99,5,2.6,2.0,8,2,0.25,0
102732,24223,Electronics,UPI,383.72,4,7.9,9.0,2,0,0.0,0
102733,24916,Fashion,Credit Card,1467.2,4,11.1,6.0,2,1,0.5,1
102734,27758,Books,Debit Card,304.23,1,32.3,8.0,1,0,0.0,0
102735,27554,Books,Debit Card,1288.96,1,2.2,7.0,8,1,0.125,0
102736,24918,Beauty,Wallet,393.75,3,8.7,6.0,3,0,0.0,0
102737,27651,Books,Debit Card,977.49,3,2.1,4.0,3,1,0.333,0
102738,28702,Electronics,Credit Card,144.07,1,7.0,6.0,3,0,0.0,0
102739,23878,Books,Credit Card,211.44,2,2.7,8.0,4,0,0.0,0
102740,21679,Fashion,UPI,329.11,1,21.7,7.0,4,0,0.0,0
102741,25759,Electronics,UPI,947.69,7,3.5,5.0,3,0,0.0,0
102742,26183,Fashion,Debit Card,2272.74,3,6.5,5.0,2,1,0.5,0
102743,23692,Fashion,Debit Card,1301.83,6,6.3,6.0,2,0,0.0,0
102744,26234,Fashion,Credit Card,2644.3,5,24.1,4.0,5,0,0.0,0
102745,26726,Home,UPI,867.2,4,17.0,6.0,3,0,0.0,0
102746,21068,Beauty,UPI,1566.81,4,0.7,3.0,9,4,0.444,0
102747,20758,Home,Credit Card,787.95,5,0.8,4.0,6,3,0.5,0
102748,20505,Fashion,Credit Card,585.94,3,9.6,3.0,5,1,0.2,1
102749,25123,Beauty,Credit Card,182.64,1,6.7,4.0,3,0,0.0,1
102750,21725,Home,Credit Card,1153.73,3,3.9,3.0,7,1,0.143,0
102751,20326,Electronics,UPI,1103.85,3,18.9,9.0,3,1,0.333,1
102752,27619,Home,Credit Card,1503.71,3,1.7,3.0,5,1,0.2,0
102753,21736,Fashion,Credit Card,1385.3,5,43.8,6.0,1,0,0.0,0
102754,22945,Electronics,Credit Card,1836.68,1,0.3,3.0,3,0,0.0,0
102755,23453,Books,Wallet,855.93,2,1.5,5.0,2,0,0.0,0
102756,26879,Fashion,COD,1396.42,2,4.5,6.0,2,0,0.0,0
102757,25651,Electronics,Credit Card,896.66,4,8.5,1.0,6,0,0.0,0
102758,20312,Beauty,Debit Card,631.48,4,2.9,2.0,2,0,0.0,0
102759,23284,Home,Credit Card,1184.64,2,16.0,3.0,4,0,0.0,0
102760,27824,Fashion,Debit Card,730.03,2,5.3,2.0,4,1,0.25,0
102761,20681,Fashion,Credit Card,897.15,1,0.5,5.0,5,1,0.2,0
102762,28618,Fashion,UPI,951.78,2,25.2,6.0,4,0,0.0,1
102763,23506,Home,UPI,586.1,3,34.6,3.0,5,3,0.6,1
102764,25317,Electronics,COD,1467.3,2,11.6,5.0,4,0,0.0,0
102765,23929,Fashion,Credit Card,559.25,3,19.7,4.0,2,1,0.5,1
102766,25755,Books,COD,1772.09,5,1.5,5.0,3,0,0.0,0
102767,22614,Electronics,COD,2627.23,5,3.8,4.0,6,2,0.333,1
102768,28385,Fashion,Credit Card,864.71,4,4.7,6.0,2,0,0.0,0
102769,21741,Electronics,Debit Card,1089.63,1,38.9,9.0,4,2,0.5,1
102770,24179,Home,Credit Card,977.64,2,8.6,7.0,4,0,0.0,0
102771,23873,Fashion,Credit Card,1284.01,2,0.1,8.0,5,0,0.0,0
102772,20400,Fashion,Credit Card,659.24,4,5.7,2.0,8,5,0.625,1
102773,27350,Beauty,UPI,1751.63,8,0.1,4.0,5,0,0.0,0
102774,26688,Electronics,Debit Card,405.23,3,3.3,6.0,3,1,0.333,1
102775,24936,Electronics,Wallet,3399.89,5,7.3,8.0,2,0,0.0,0
102776,22184,Electronics,Credit Card,325.3,4,4.7,6.0,4,0,0.0,0
102777,23025,Fashion,Wallet,622.49,2,0.4,3.0,5,0,0.0,1
102778,22678,Fashion,Credit Card,622.74,4,1.5,4.0,10,5,0.5,0
102779,21816,Electronics,COD,1413.93,3,9.6,6.0,4,0,0.0,0
102780,23416,Fashion,Debit Card,2442.9,2,14.3,5.0,5,0,0.0,0
102781,20314,Fashion,Credit Card,806.7,1,6.2,3.0,3,0,0.0,0
102782,20707,Beauty,COD,4552.1,2,15.8,4.0,8,3,0.375,0
102783,28206,Books,Debit Card,412.63,3,2.1,5.0,6,1,0.167,0
102784,20528,Beauty,UPI,498.92,4,1.6,3.0,2,0,0.0,0
102785,22404,Beauty,UPI,551.94,3,22.0,7.0,4,2,0.5,1
102786,28066,Fashion,Debit Card,1434.58,6,5.0,4.0,3,0,0.0,1
102787,23218,Books,Debit Card,415.89,2,6.8,5.0,4,1,0.25,0
102788,22748,Fashion,UPI,490.57,2,35.4,7.0,2,0,0.0,0
102789,20660,Books,Credit Card,1117.52,2,6.6,5.0,3,0,0.0,0
102790,22278,Books,UPI,517.83,4,0.0,7.0,5,0,0.0,0
102791,23200,Home,COD,477.89,3,33.4,3.0,2,0,0.0,1
102792,24113,Books,Credit Card,606.35,2,0.2,6.0,2,0,0.0,0
102793,27583,Home,Credit Card,641.56,2,13.0,,2,0,0.0,0
102794,25359,Fashion,UPI,1729.03,3,4.7,3.0,5,3,0.6,1
102795,23135,Electronics,Debit Card,448.63,2,7.6,5.0,2,0,0.0,0
102796,22280,Home,Debit Card,353.48,1,9.5,5.0,7,0,0.0,1
102797,28251,Fashion,Credit Card,1091.79,2,6.3,5.0,1,0,0.0,0
102798,22054,Home,UPI,1761.61,4,17.9,6.0,5,1,0.2,0
102799,21685,Books,Credit Card,2222.84,3,32.0,3.0,5,0,0.0,0
102800,26467,Fashion,Debit Card,1613.55,5,1.1,5.0,3,1,0.333,1
102801,25610,Beauty,COD,1019.97,3,19.3,9.0,3,0,0.0,1
102802,28298,Books,Credit Card,1537.9,4,1.7,7.0,3,1,0.333,0
102803,22580,Books,Debit Card,803.4,3,1.0,7.0,5,1,0.2,1
102804,26564,Books,Wallet,461.8,1,37.4,5.0,3,0,0.0,0
102805,22766,Electronics,UPI,265.63,2,8.1,10.0,2,1,0.5,1
102806,28617,Books,COD,1316.36,2,2.0,7.0,4,1,0.25,0
102807,22372,Beauty,Debit Card,1514.37,6,10.1,5.0,5,0,0.0,0
102808,27043,Fashion,COD,1940.97,5,3.7,5.0,4,0,0.0,0
102809,23436,Electronics,Credit Card,224.8,5,7.5,4.0,4,1,0.25,0
102810,23067,Home,Credit Card,529.4,1,11.8,6.0,4,1,0.25,1
102811,27862,Fashion,Credit Card,325.86,1,24.4,6.0,4,0,0.0,1
102812,21364,Home,Debit Card,1895.79,2,0.0,7.0,1,0,0.0,0
102813,23141,Home,COD,1363.54,3,2.9,5.0,2,0,0.0,0
102814,27754,Fashion,Debit Card,1085.56,3,1.2,2.0,4,0,0.0,0
102815,23032,Home,UPI,727.89,3,1.2,6.0,2,0,0.0,0
102816,26663,Beauty,UPI,1382.26,4,35.0,7.0,3,1,0.333,0
102817,27092,Electronics,UPI,540.45,3,33.0,3.0,2,0,0.0,0
102818,21139,Fashion,Debit Card,888.44,3,16.6,5.0,4,0,0.0,0
102819,21603,Fashion,UPI,544.33,2,12.4,8.0,3,0,0.0,0
102820,28174,Electronics,Debit Card,3000.3,2,22.6,2.0,7,0,0.0,0
102821,24247,Books,Credit Card,1315.5,1,0.7,4.0,6,0,0.0,0
102822,25601,Fashion,Wallet,1784.93,3,1.5,8.0,7,1,0.143,0
102823,27726,Home,Credit Card,385.72,3,4.6,5.0,5,1,0.2,1
102824,21047,Fashion,Credit Card,1829.21,4,21.4,4.0,6,2,0.333,0
102825,23118,Electronics,COD,861.93,2,7.7,5.0,8,1,0.125,0
102826,21950,Beauty,Debit Card,1134.65,1,8.4,7.0,5,0,0.0,0
102827,28505,Home,UPI,1321.58,4,3.1,5.0,4,1,0.25,0
102828,23086,Fashion,Debit Card,542.38,1,12.5,6.0,3,1,0.333,1
102829,24937,Electronics,Debit Card,1085.26,3,26.3,6.0,2,0,0.0,0
102830,26896,Fashion,Credit Card,184.31,1,4.8,6.0,3,0,0.0,0
102831,20204,Electronics,Debit Card,768.37,5,11.6,6.0,4,0,0.0,0
102832,25569,Home,Debit Card,963.5,2,4.8,4.0,3,1,0.333,0
102833,24941,Fashion,UPI,2854.32,7,18.9,3.0,3,0,0.0,0
102834,25288,Fashion,UPI,677.91,3,7.7,6.0,2,2,1.0,1
102835,26970,Electronics,Wallet,751.51,2,5.0,5.0,2,1,0.5,1
102836,27965,Books,Credit Card,360.94,3,6.5,4.0,4,0,0.0,0
102837,26503,Books,UPI,2614.25,4,1.1,6.0,3,1,0.333,1
102838,23645,Fashion,UPI,1502.4,2,24.1,8.0,5,0,0.0,0
102839,20014,Beauty,Wallet,1394.89,3,38.1,5.0,9,1,0.111,0
102840,22289,Electronics,Credit Card,983.05,2,7.8,5.0,6,1,0.167,1
102841,25742,Electronics,UPI,3091.0,5,3.0,2.0,7,0,0.0,0
102842,27462,Beauty,COD,475.12,2,13.1,5.0,1,0,0.0,0
102843,24710,Books,Credit Card,445.27,2,7.2,5.0,3,1,0.333,0
102844,22027,Books,COD,1456.05,2,3.5,5.0,3,0,0.0,0
102845,27952,Home,Credit Card,1398.51,2,0.5,4.0,2,1,0.5,0
102846,22044,Electronics,UPI,376.33,2,26.5,7.0,3,1,0.333,1
102847,26582,Beauty,Wallet,685.73,3,19.1,5.0,4,1,0.25,0
102848,26269,Fashion,UPI,3354.89,5,21.2,11.0,1,0,0.0,1
102849,22443,Home,Debit Card,697.15,1,7.0,5.0,3,0,0.0,1
102850,22658,Electronics,Credit Card,1952.79,5,16.8,1.0,3,1,0.333,0
102851,26434,Home,Wallet,543.33,4,10.4,3.0,2,2,1.0,0
102852,27834,Fashion,Debit Card,1398.69,3,5.6,6.0,8,0,0.0,0
102853,20402,Fashion,Credit Card,328.6,2,22.2,4.0,10,2,0.2,0
102854,23146,Books,UPI,332.04,4,60.0,4.0,8,4,0.5,1
102855,22042,Fashion,Debit Card,1684.53,4,27.5,2.0,1,0,0.0,0
102856,26288,Electronics,Credit Card,2230.48,3,18.0,4.0,4,1,0.25,1
102857,27307,Fashion,Credit Card,661.36,2,16.5,5.0,4,0,0.0,0
102858,22982,Fashion,Credit Card,679.51,3,12.6,6.0,6,0,0.0,1
102859,21782,Fashion,UPI,2632.83,3,23.1,3.0,4,1,0.25,0
102860,27382,Fashion,UPI,1083.39,5,8.2,7.0,3,1,0.333,0
102861,28395,Beauty,UPI,740.34,2,2.4,2.0,3,0,0.0,0
102862,28001,Fashion,COD,2606.28,3,17.5,6.0,4,0,0.0,1
102863,20198,Books,COD,1165.38,7,30.2,6.0,5,1,0.2,1
102864,20490,Home,UPI,637.08,3,5.0,3.0,3,0,0.0,0
102865,25578,Electronics,Credit Card,1256.24,2,18.3,3.0,5,1,0.2,1
102866,25143,Home,UPI,939.96,7,3.8,6.0,1,0,0.0,0
102867,23007,Electronics,Debit Card,864.84,3,34.3,4.0,6,1,0.167,1
102868,28859,Beauty,UPI,427.44,3,13.8,5.0,2,0,0.0,1
102869,28228,Fashion,UPI,1054.21,3,10.1,7.0,4,1,0.25,1
102870,25824,Electronics,Debit Card,567.28,1,18.2,6.0,3,0,0.0,1
102871,26853,Beauty,Wallet,1376.62,2,20.1,3.0,6,0,0.0,0
102872,20103,Books,Credit Card,1821.66,4,26.7,5.0,5,2,0.4,1
102873,24009,Beauty,UPI,1857.14,6,27.8,3.0,2,0,0.0,0
102874,22877,Electronics,Credit Card,1379.81,4,0.6,7.0,4,1,0.25,0
102875,22316,Beauty,Wallet,737.02,2,1.6,8.0,6,0,0.0,1
102876,28082,Electronics,Credit Card,1110.21,2,21.0,3.0,3,2,0.667,1
102877,21364,Electronics,Credit Card,558.78,4,35.0,5.0,3,2,0.667,1
102878,26460,Fashion,Debit Card,230.43,3,4.4,7.0,7,1,0.143,0
102879,23032,Home,Debit Card,2187.03,4,0.1,5.0,6,0,0.0,0
102880,22565,Fashion,Credit Card,1413.47,3,4.7,6.0,6,3,0.5,1
102881,22577,Electronics,UPI,504.62,1,5.8,5.0,2,0,0.0,1
102882,26439,Beauty,Debit Card,1797.3,3,17.2,3.0,5,2,0.4,0
102883,22593,Fashion,Credit Card,702.22,4,0.6,5.0,9,2,0.222,1
102884,25829,Fashion,Debit Card,504.35,2,2.9,7.0,4,0,0.0,0
102885,22510,Fashion,COD,656.33,4,26.9,6.0,3,0,0.0,0
102886,23936,Books,UPI,765.53,1,2.0,9.0,5,1,0.2,1
102887,23882,Electronics,UPI,364.87,3,17.1,1.0,4,0,0.0,0
102888,25633,Electronics,UPI,343.72,1,5.4,6.0,3,0,0.0,0
102889,23591,Beauty,Debit Card,1295.92,4,13.0,4.0,5,2,0.4,0
102890,25251,Beauty,Credit Card,373.94,2,0.9,3.0,4,1,0.25,0
102891,23709,Electronics,Credit Card,819.37,5,4.1,8.0,0,0,0.0,1
102892,26720,Home,COD,323.04,5,6.6,4.0,5,1,0.2,0
102893,25614,Beauty,Wallet,1566.55,4,23.4,4.0,3,0,0.0,0
102894,23612,Home,Debit Card,624.28,3,9.9,6.0,6,3,0.5,1
102895,24824,Fashion,Credit Card,398.22,2,0.6,1.0,6,0,0.0,0
102896,24746,Beauty,Credit Card,433.67,3,19.4,8.0,2,1,0.5,1
102897,25052,Electronics,Debit Card,733.9,3,0.7,9.0,7,1,0.143,1
102898,22694,Fashion,UPI,298.41,2,32.7,7.0,5,2,0.4,1
102899,28634,Electronics,Credit Card,3025.2,3,2.9,6.0,3,0,0.0,0
102900,20292,Fashion,Wallet,291.16,5,8.0,5.0,0,0,0.0,0
102901,21954,Fashion,Debit Card,719.77,3,0.9,3.0,6,3,0.5,0
102902,28692,Beauty,Wallet,1161.3,4,9.9,8.0,2,1,0.5,0
102903,25320,Fashion,COD,483.64,2,8.3,7.0,4,2,0.5,1
102904,21936,Electronics,COD,1236.98,4,6.3,6.0,6,1,0.167,1
102905,24334,Electronics,UPI,476.66,2,0.4,6.0,0,0,0.0,0
102906,26062,Fashion,UPI,3049.63,5,25.3,6.0,1,0,0.0,1
102907,25095,Books,UPI,482.02,3,19.5,4.0,4,0,0.0,0
102908,22002,Fashion,UPI,187.89,2,12.0,11.0,4,0,0.0,1
102909,20173,Electronics,UPI,612.03,6,10.2,4.0,1,0,0.0,0
102910,23013,Electronics,Wallet,1189.4,3,14.2,4.0,2,0,0.0,1
102911,24646,Fashion,UPI,1014.74,4,1.9,7.0,5,0,0.0,0
102912,21525,Fashion,COD,855.15,1,32.4,5.0,2,0,0.0,1
102913,25387,Home,COD,1645.44,5,4.0,5.0,2,0,0.0,0
102914,22470,Books,Credit Card,525.74,2,12.8,8.0,6,0,0.0,0
102915,22753,Fashion,Credit Card,703.35,3,11.2,6.0,5,2,0.4,1
102916,20166,Home,Debit Card,432.16,1,12.1,7.0,7,3,0.429,1
102917,24005,Home,UPI,3771.87,5,25.3,2.0,6,1,0.167,0
102918,26524,Beauty,COD,1165.69,2,4.2,6.0,2,0,0.0,0
102919,21335,Electronics,Debit Card,4482.64,7,16.6,3.0,5,0,0.0,0
102920,26945,Electronics,UPI,1803.74,4,10.9,4.0,0,0,0.0,0
102921,27423,Electronics,UPI,741.31,2,0.9,5.0,4,0,0.0,0
102922,26392,Home,Credit Card,295.42,1,6.4,5.0,3,0,0.0,1
102923,20411,Beauty,UPI,1374.21,5,21.8,6.0,3,0,0.0,1
102924,26205,Fashion,COD,742.52,2,4.5,7.0,6,0,0.0,0
102925,20557,Electronics,Credit Card,891.69,3,7.9,7.0,5,0,0.0,0
102926,26963,Books,UPI,832.01,3,8.0,2.0,3,0,0.0,0
102927,20870,Beauty,UPI,224.77,2,11.5,10.0,6,0,0.0,0
102928,28065,Books,Credit Card,1641.03,2,25.9,5.0,7,0,0.0,1
102929,27760,Beauty,Credit Card,915.1,3,2.3,8.0,2,0,0.0,0
102930,26885,Electronics,Wallet,329.65,2,8.4,1.0,3,0,0.0,0
102931,24045,Home,Debit Card,1259.37,3,6.6,4.0,2,2,1.0,1
102932,23840,Home,Credit Card,564.42,3,4.2,2.0,2,1,0.5,1
102933,22882,Fashion,Credit Card,1321.59,3,30.3,3.0,4,0,0.0,1
102934,27254,Electronics,UPI,1600.87,3,0.1,5.0,3,1,0.333,1
102935,24763,Home,UPI,2459.37,6,1.6,4.0,4,0,0.0,1
102936,27887,Fashion,UPI,1308.2,7,15.9,8.0,2,0,0.0,0
102937,26518,Beauty,Credit Card,735.86,3,3.7,9.0,5,1,0.2,0
102938,21198,Home,COD,648.06,3,15.4,3.0,5,0,0.0,0
102939,24348,Books,Debit Card,611.41,3,21.4,4.0,3,0,0.0,0
102940,23744,Fashion,Debit Card,933.53,3,3.5,3.0,6,0,0.0,0
102941,24982,Fashion,Debit Card,679.24,2,2.6,8.0,3,1,0.333,0
102942,23322,Home,Debit Card,574.86,3,1.9,5.0,8,5,0.625,1
102943,26057,Fashion,COD,474.87,3,2.7,5.0,2,0,0.0,0
102944,28928,Home,Wallet,510.17,1,3.7,6.0,2,1,0.5,0
102945,24257,Beauty,Debit Card,593.51,2,24.4,4.0,5,4,0.8,1
102946,21415,Fashion,COD,613.94,5,17.6,3.0,1,0,0.0,0
102947,28904,Electronics,COD,896.36,1,0.0,5.0,3,0,0.0,0
102948,27838,Electronics,Wallet,2731.38,3,24.9,4.0,8,1,0.125,0
102949,24660,Electronics,Credit Card,1372.14,2,1.0,6.0,3,0,0.0,0
102950,25986,Books,UPI,353.5,1,12.8,1.0,6,1,0.167,0
102951,21924,Beauty,Credit Card,1056.81,4,2.0,5.0,9,4,0.444,1
102952,26668,Home,COD,1940.75,2,0.8,3.0,6,0,0.0,0
102953,25784,Home,Credit Card,851.56,10,17.1,5.0,2,0,0.0,0
102954,20618,Electronics,UPI,1231.68,2,7.6,7.0,5,0,0.0,0
102955,24598,Books,Debit Card,228.41,1,11.0,4.0,7,1,0.143,0
102956,27690,Home,Debit Card,2991.62,4,6.6,8.0,3,0,0.0,0
102957,27410,Home,UPI,841.31,4,0.8,1.0,4,0,0.0,0
102958,22912,Beauty,COD,4148.8,4,16.1,8.0,0,0,0.0,1
102959,25261,Fashion,UPI,1535.85,1,20.6,8.0,3,0,0.0,0
102960,25214,Beauty,COD,510.88,1,0.5,3.0,6,0,0.0,0
102961,23906,Fashion,Credit Card,500.16,2,5.7,3.0,4,0,0.0,0
102962,28344,Electronics,UPI,1060.16,3,9.8,2.0,2,1,0.5,1
102963,27576,Electronics,Debit Card,846.59,3,11.2,7.0,6,1,0.167,1
102964,28437,Books,Credit Card,1132.31,7,10.4,4.0,3,1,0.333,0
102965,24113,Beauty,UPI,284.78,2,14.2,4.0,3,1,0.333,1
102966,27211,Home,UPI,399.92,1,40.9,3.0,3,0,0.0,0
102967,22617,Home,UPI,484.45,3,5.9,9.0,1,0,0.0,0
102968,26709,Home,UPI,1516.46,4,9.8,3.0,5,0,0.0,1
102969,23361,Books,UPI,1973.95,4,14.4,5.0,4,2,0.5,1
102970,20653,Electronics,Credit Card,1471.03,3,10.8,5.0,4,0,0.0,0
102971,22156,Electronics,Credit Card,1158.33,3,5.9,4.0,6,1,0.167,0
102972,25163,Fashion,UPI,461.66,2,11.7,4.0,2,0,0.0,0
102973,28346,Beauty,Credit Card,871.15,2,12.6,4.0,3,0,0.0,1
102974,26207,Home,Credit Card,1752.51,4,10.6,6.0,1,0,0.0,0
102975,24318,Electronics,Debit Card,663.52,3,2.8,4.0,5,0,0.0,1
102976,20799,Fashion,UPI,1307.81,5,8.5,9.0,4,0,0.0,0
102977,23364,Beauty,Debit Card,998.12,4,25.9,3.0,1,0,0.0,1
102978,28696,Fashion,UPI,2557.35,3,24.4,7.0,3,2,0.667,1
102979,21657,Home,UPI,1572.21,3,16.7,1.0,2,0,0.0,0
102980,26177,Books,Debit Card,1569.7,4,14.3,3.0,1,0,0.0,0
102981,28669,Electronics,COD,274.94,2,2.0,3.0,7,2,0.286,1
102982,21696,Fashion,UPI,1208.15,4,7.4,3.0,4,1,0.25,1
102983,22199,Home,UPI,992.41,4,1.4,6.0,5,0,0.0,0
102984,27072,Beauty,UPI,855.01,3,20.4,5.0,2,1,0.5,0
102985,27449,Electronics,Credit Card,426.28,4,4.1,1.0,5,0,0.0,0
102986,28547,Books,UPI,750.17,7,17.5,9.0,5,1,0.2,1
102987,25160,Fashion,Debit Card,1169.01,5,20.2,5.0,4,2,0.5,0
102988,27173,Electronics,Wallet,1062.75,1,26.8,5.0,5,0,0.0,0
102989,26999,Home,COD,661.82,3,16.8,8.0,7,1,0.143,1
102990,21579,Beauty,UPI,856.78,4,10.0,7.0,3,1,0.333,0
102991,22583,Fashion,Credit Card,2242.24,2,10.9,4.0,1,0,0.0,1
102992,24095,Beauty,Credit Card,911.47,4,4.6,1.0,3,1,0.333,0
102993,21367,Home,Debit Card,873.08,3,2.3,6.0,7,1,0.143,0
102994,28181,Electronics,Debit Card,1244.8,6,1.7,3.0,7,0,0.0,0
102995,26489,Fashion,Debit Card,420.73,3,2.4,8.0,6,0,0.0,0
102996,28147,Beauty,UPI,767.45,1,32.6,3.0,7,0,0.0,0
102997,28028,Fashion,Credit Card,368.07,1,2.2,4.0,5,2,0.4,1
102998,23937,Electronics,Wallet,926.36,3,15.4,2.0,2,0,0.0,0
102999,26392,Fashion,Credit Card,1231.43,3,2.4,2.0,5,1,0.2,0
103000,20217,Beauty,Wallet,2470.33,2,44.4,5.0,5,1,0.2,1
103001,20671,Home,Wallet,349.29,2,5.5,5.0,9,0,0.0,0
103002,20148,Beauty,UPI,1584.93,3,6.4,4.0,4,0,0.0,0
103003,26204,Fashion,UPI,1297.0,2,6.2,10.0,5,0,0.0,0
103004,23793,Home,Debit Card,643.15,3,20.3,6.0,5,3,0.6,1
103005,21227,Home,UPI,1560.64,4,3.0,5.0,4,2,0.5,1
103006,25538,Beauty,Debit Card,3575.79,6,21.3,1.0,1,0,0.0,0
103007,23861,Books,Debit Card,769.5,5,12.8,7.0,6,1,0.167,0
103008,27480,Fashion,UPI,629.47,1,3.0,12.0,3,0,0.0,0
103009,25522,Home,Debit Card,1388.57,4,0.8,5.0,3,0,0.0,0
103010,20273,Fashion,UPI,750.33,1,17.9,3.0,4,0,0.0,1
103011,21335,Electronics,Debit Card,2285.93,7,3.0,5.0,1,0,0.0,0
103012,26702,Fashion,Debit Card,1203.43,4,26.4,2.0,3,0,0.0,0
103013,28880,Electronics,Credit Card,1048.0,2,1.7,6.0,3,0,0.0,0
103014,23193,Electronics,Credit Card,630.34,4,11.5,8.0,4,0,0.0,0
103015,26330,Home,Credit Card,1343.62,5,14.1,4.0,6,0,0.0,0
103016,21618,Electronics,Credit Card,708.75,3,12.9,4.0,5,0,0.0,0
103017,27856,Home,Credit Card,260.37,1,4.6,5.0,8,0,0.0,0
103018,24595,Electronics,COD,401.22,1,25.0,4.0,4,1,0.25,1
103019,25964,Fashion,Credit Card,905.28,2,17.6,2.0,1,0,0.0,1
103020,21226,Beauty,UPI,1000.3,2,8.6,4.0,3,0,0.0,0
103021,20252,Fashion,Credit Card,359.78,2,11.1,4.0,4,1,0.25,1
103022,24064,Electronics,COD,310.25,1,10.0,8.0,6,1,0.167,1
103023,26445,Home,Debit Card,1456.95,3,35.2,8.0,2,0,0.0,0
103024,23679,Electronics,Debit Card,1477.4,4,27.2,8.0,4,0,0.0,0
103025,20112,Fashion,UPI,1606.11,3,3.2,7.0,2,1,0.5,1
103026,24581,Electronics,Debit Card,1749.83,2,3.7,5.0,2,0,0.0,1
103027,24099,Books,UPI,1503.99,4,47.8,3.0,3,2,0.667,0
103028,20043,Home,Credit Card,600.46,2,3.2,8.0,2,1,0.5,1
103029,20168,Home,Wallet,1429.08,6,36.8,6.0,12,5,0.417,1
103030,25421,Home,Debit Card,2553.56,3,12.6,2.0,5,0,0.0,0
103031,23466,Fashion,Debit Card,5720.53,4,0.6,3.0,1,0,0.0,1
103032,24692,Electronics,UPI,1437.99,4,4.9,2.0,7,0,0.0,0
103033,25837,Beauty,Debit Card,1062.0,2,7.8,1.0,3,0,0.0,0
103034,28572,Fashion,COD,841.7,1,21.5,6.0,4,0,0.0,1
103035,28279,Fashion,Debit Card,1235.21,5,4.8,2.0,2,0,0.0,0
103036,21128,Fashion,UPI,1896.22,3,4.5,3.0,2,0,0.0,0
103037,25337,Electronics,Credit Card,2229.53,5,30.3,5.0,7,0,0.0,0
103038,28911,Books,COD,1166.7,3,1.0,5.0,1,1,1.0,0
103039,25928,Fashion,UPI,636.36,2,9.6,3.0,0,0,0.0,0
103040,24070,Electronics,Credit Card,437.35,4,8.4,8.0,4,0,0.0,0
103041,21810,Fashion,Credit Card,1195.14,2,0.7,2.0,3,2,0.667,1
103042,25574,Books,Debit Card,1237.52,4,1.1,2.0,5,0,0.0,0
103043,24239,Fashion,Wallet,782.16,5,5.8,6.0,3,0,0.0,0
103044,24293,Electronics,Credit Card,618.17,5,1.7,4.0,5,1,0.2,0
103045,26542,Home,Debit Card,1145.31,2,7.8,4.0,3,1,0.333,1
103046,23303,Home,Credit Card,465.9,5,11.3,3.0,5,1,0.2,1
103047,27409,Electronics,Debit Card,651.83,1,14.1,6.0,7,1,0.143,1
103048,25633,Electronics,UPI,903.37,1,9.5,5.0,1,0,0.0,0
103049,25525,Electronics,Wallet,757.43,1,5.7,5.0,5,3,0.6,0
103050,23649,Fashion,UPI,746.1,3,1.7,4.0,2,0,0.0,0
103051,24627,Fashion,COD,514.67,4,3.4,3.0,2,0,0.0,0
103052,22051,Electronics,UPI,1095.3,2,6.5,5.0,2,1,0.5,0
103053,26881,Fashion,Credit Card,2238.28,4,30.9,7.0,8,3,0.375,1
103054,24278,Fashion,Debit Card,386.2,1,2.7,8.0,4,2,0.5,1
103055,25459,Home,UPI,1808.09,6,6.4,7.0,2,0,0.0,0
103056,26726,Books,Wallet,2436.25,3,15.8,6.0,6,0,0.0,0
103057,20565,Home,COD,667.35,1,14.7,7.0,5,0,0.0,0
103058,27191,Fashion,Credit Card,743.36,3,40.4,2.0,5,1,0.2,0
103059,27050,Fashion,Credit Card,2033.8,4,2.5,3.0,3,2,0.667,1
103060,20399,Books,Credit Card,494.74,2,0.2,6.0,2,0,0.0,0
103061,23555,Fashion,Wallet,432.85,3,4.7,5.0,5,0,0.0,1
103062,27131,Fashion,COD,1253.84,2,1.9,6.0,6,1,0.167,1
103063,27692,Home,COD,739.23,3,9.5,7.0,4,1,0.25,1
103064,23834,Home,Debit Card,1007.08,5,27.5,7.0,7,0,0.0,0
103065,28029,Home,UPI,915.72,6,14.0,3.0,3,1,0.333,1
103066,27345,Fashion,Debit Card,820.12,4,1.8,5.0,3,0,0.0,0
103067,24379,Fashion,Credit Card,2825.78,5,1.5,3.0,3,1,0.333,1
103068,26715,Books,UPI,2088.23,2,29.1,3.0,8,1,0.125,0
103069,26969,Fashion,Credit Card,4229.94,7,8.0,1.0,4,1,0.25,0
103070,25859,Home,Credit Card,2342.07,5,30.9,5.0,2,0,0.0,0
103071,24519,Home,COD,1247.71,3,16.0,1.0,1,0,0.0,0
103072,25821,Home,COD,399.39,3,60.0,6.0,5,1,0.2,0
103073,23694,Electronics,Debit Card,973.24,4,24.6,8.0,5,0,0.0,0
103074,20735,Fashion,UPI,4441.61,5,6.4,6.0,3,0,0.0,0
103075,24996,Home,Debit Card,726.28,3,17.0,5.0,6,0,0.0,0
103076,28713,Beauty,UPI,1910.39,2,7.6,8.0,1,0,0.0,0
103077,25476,Books,COD,1258.58,5,3.2,6.0,2,0,0.0,0
103078,26766,Fashion,COD,154.42,2,3.3,3.0,2,1,0.5,0
103079,23658,Fashion,UPI,1788.28,5,6.1,5.0,5,2,0.4,1
103080,22240,Books,Credit Card,3080.07,7,1.4,9.0,7,2,0.286,0
103081,21229,Home,Debit Card,1057.59,4,2.3,3.0,9,0,0.0,0
103082,20517,Beauty,Debit Card,2282.39,4,8.3,2.0,3,1,0.333,0
103083,21158,Fashion,Debit Card,400.39,4,36.9,6.0,3,1,0.333,1
103084,21327,Home,COD,530.27,5,10.3,5.0,2,1,0.5,0
103085,23776,Home,Debit Card,1629.25,7,6.3,4.0,4,1,0.25,0
103086,20078,Home,Credit Card,1450.14,4,3.3,2.0,4,0,0.0,0
103087,21630,Electronics,Debit Card,2457.98,4,2.6,1.0,7,4,0.571,1
103088,21298,Fashion,Wallet,1129.95,2,12.9,2.0,3,1,0.333,0
103089,24893,Home,Credit Card,376.3,2,22.6,9.0,1,0,0.0,0
103090,27330,Fashion,UPI,1071.84,3,6.1,5.0,4,1,0.25,0
103091,27352,Electronics,Debit Card,1561.78,4,9.6,1.0,7,0,0.0,0
103092,24797,Books,Credit Card,353.76,4,14.7,8.0,2,0,0.0,0
103093,20009,Electronics,Debit Card,750.24,2,0.7,8.0,5,0,0.0,1
103094,28337,Beauty,UPI,890.51,4,5.2,,6,0,0.0,0
103095,27411,Fashion,UPI,735.34,4,15.7,4.0,3,0,0.0,0
103096,24375,Home,COD,1272.29,3,13.8,4.0,2,0,0.0,0
103097,27406,Books,Debit Card,546.39,4,0.7,5.0,7,4,0.571,1
103098,25217,Fashion,Credit Card,1563.76,5,3.3,8.0,2,0,0.0,0
103099,20343,Fashion,Wallet,1077.36,2,13.7,4.0,5,1,0.2,0
103100,26953,Electronics,Debit Card,2333.16,5,3.8,3.0,4,0,0.0,1
103101,28858,Fashion,UPI,555.07,4,20.2,7.0,4,2,0.5,1
103102,27352,Home,COD,540.63,6,0.4,8.0,6,3,0.5,1
103103,24304,Books,Debit Card,643.77,1,2.5,5.0,7,0,0.0,0
103104,20015,Electronics,UPI,648.6,2,4.0,6.0,1,1,1.0,1
103105,22073,Fashion,Credit Card,4394.74,2,31.1,5.0,3,0,0.0,1
103106,22949,Electronics,Debit Card,1014.01,2,19.1,4.0,3,0,0.0,0
103107,25996,Home,Credit Card,976.72,3,25.9,3.0,2,0,0.0,0
103108,20483,Fashion,COD,1298.88,7,7.0,2.0,4,0,0.0,0
103109,21554,Home,Credit Card,586.33,5,20.7,4.0,5,0,0.0,0
103110,27411,Home,UPI,1527.64,4,23.0,,5,0,0.0,0
103111,26945,Home,Wallet,1038.63,4,6.1,6.0,2,0,0.0,0
103112,27454,Fashion,UPI,734.79,2,60.0,8.0,3,1,0.333,0
103113,24713,Home,UPI,998.22,3,22.9,5.0,4,0,0.0,0
103114,22694,Fashion,Debit Card,879.45,2,43.8,3.0,3,0,0.0,1
103115,23190,Fashion,Debit Card,271.24,2,24.2,7.0,5,2,0.4,1
103116,22065,Beauty,Debit Card,1799.67,4,18.0,6.0,6,0,0.0,0
103117,26032,Home,UPI,655.42,4,34.6,6.0,3,1,0.333,0
103118,28566,Fashion,Wallet,1120.91,5,6.5,4.0,5,0,0.0,0
103119,26132,Fashion,Wallet,2355.93,4,18.4,7.0,6,1,0.167,0
103120,28009,Fashion,COD,3541.79,5,2.9,7.0,4,1,0.25,1
103121,21665,Fashion,COD,277.63,2,15.8,5.0,5,2,0.4,0
103122,25514,Fashion,Debit Card,784.24,2,18.5,7.0,5,0,0.0,0
103123,22555,Fashion,UPI,1111.04,3,15.1,7.0,4,1,0.25,0
103124,26742,Electronics,COD,311.7,2,22.8,4.0,4,0,0.0,0
103125,20838,Home,Debit Card,1526.7,3,6.4,5.0,4,0,0.0,0
103126,22254,Home,Wallet,583.92,1,9.4,5.0,8,3,0.375,0
103127,28470,Home,Debit Card,1223.71,4,0.1,3.0,5,2,0.4,0
103128,28650,Fashion,UPI,628.05,4,1.9,6.0,4,0,0.0,0
103129,26822,Books,UPI,1395.32,4,12.4,7.0,1,0,0.0,0
103130,25150,Beauty,Wallet,2013.55,5,9.9,5.0,4,0,0.0,0
103131,21153,Beauty,Credit Card,831.27,2,2.6,6.0,5,0,0.0,1
103132,22697,Beauty,UPI,565.78,2,3.3,8.0,3,0,0.0,1
103133,27428,Books,UPI,592.84,2,5.1,4.0,9,2,0.222,0
103134,25707,Electronics,Credit Card,1076.58,3,15.1,6.0,8,3,0.375,0
103135,27889,Fashion,COD,560.75,1,11.3,4.0,2,0,0.0,0
103136,20135,Home,UPI,937.2,1,0.9,4.0,5,0,0.0,0
103137,23395,Home,UPI,577.33,2,17.1,6.0,5,0,0.0,0
103138,20720,Home,Debit Card,370.76,2,3.7,6.0,2,0,0.0,0
103139,26236,Electronics,Debit Card,955.47,2,13.4,6.0,7,0,0.0,0
103140,27560,Fashion,UPI,817.81,4,1.6,5.0,6,0,0.0,0
103141,25256,Electronics,Debit Card,1232.48,2,60.0,6.0,4,0,0.0,1
103142,25477,Books,Credit Card,947.5,3,1.0,9.0,7,5,0.714,1
103143,21267,Home,Wallet,1803.72,5,16.2,7.0,1,0,0.0,1
103144,28371,Electronics,UPI,296.31,1,9.4,6.0,2,2,1.0,1
103145,25386,Fashion,UPI,1327.1,5,1.1,6.0,4,2,0.5,1
103146,26906,Electronics,Debit Card,506.24,2,0.3,4.0,1,0,0.0,0
103147,20026,Beauty,Debit Card,453.54,3,5.4,5.0,6,3,0.5,0
103148,20352,Home,Debit Card,562.64,3,19.4,6.0,4,0,0.0,0
103149,24860,Beauty,Debit Card,878.34,5,0.5,5.0,2,0,0.0,1
103150,28180,Electronics,UPI,2569.68,5,14.6,7.0,1,0,0.0,0
103151,24293,Home,UPI,773.23,4,12.8,8.0,3,0,0.0,0
103152,21376,Fashion,Debit Card,359.12,2,3.7,5.0,5,0,0.0,0
103153,28292,Home,Credit Card,1020.65,3,1.0,1.0,2,0,0.0,0
103154,25099,Electronics,Debit Card,554.19,1,29.6,9.0,5,0,0.0,0
103155,22318,Electronics,Credit Card,702.1,3,4.3,4.0,4,1,0.25,0
103156,24182,Home,Credit Card,988.72,4,1.4,5.0,0,0,0.0,0
103157,28267,Books,Wallet,978.22,1,13.7,7.0,8,1,0.125,0
103158,22160,Fashion,UPI,1821.0,5,2.9,8.0,7,1,0.143,1
103159,20783,Beauty,UPI,1339.22,3,7.7,9.0,2,0,0.0,0
103160,25303,Fashion,Debit Card,598.55,5,0.6,4.0,6,0,0.0,0
103161,25723,Electronics,Wallet,6881.88,5,59.5,8.0,2,0,0.0,1
103162,20540,Fashion,UPI,2894.22,8,7.1,5.0,4,0,0.0,0
103163,27744,Electronics,COD,1050.26,2,60.0,11.0,3,0,0.0,1
103164,25584,Electronics,Debit Card,382.98,2,5.8,7.0,3,1,0.333,1
103165,26699,Fashion,Wallet,1359.96,2,5.1,5.0,3,0,0.0,0
103166,26288,Electronics,COD,698.29,3,29.5,3.0,3,0,0.0,1
103167,20991,Books,COD,969.31,4,4.8,1.0,2,0,0.0,0
103168,23344,Fashion,Credit Card,344.07,3,6.8,6.0,2,1,0.5,0
103169,22881,Beauty,Credit Card,365.65,2,1.0,7.0,2,0,0.0,0
103170,26035,Electronics,Debit Card,1584.22,5,37.3,7.0,7,1,0.143,0
103171,26651,Home,Credit Card,1991.99,4,1.1,1.0,4,0,0.0,0
103172,26051,Fashion,COD,1422.61,3,17.7,2.0,6,1,0.167,0
103173,24080,Fashion,Credit Card,1393.81,3,9.3,6.0,1,0,0.0,1
103174,28943,Fashion,Credit Card,1171.29,5,0.8,9.0,2,0,0.0,0
103175,25600,Fashion,Credit Card,426.66,1,0.0,5.0,6,0,0.0,0
103176,22116,Fashion,Credit Card,1295.28,4,32.9,7.0,3,0,0.0,0
103177,23407,Home,Credit Card,1993.33,5,16.3,3.0,3,0,0.0,0
103178,27049,Beauty,COD,1221.26,5,13.9,5.0,5,3,0.6,1
103179,25042,Beauty,UPI,1949.75,3,6.9,4.0,3,0,0.0,0
103180,27703,Home,Credit Card,676.91,2,3.3,8.0,8,1,0.125,0
103181,23885,Fashion,Debit Card,523.82,3,13.7,4.0,6,2,0.333,0
103182,28444,Fashion,Debit Card,1210.15,5,11.2,9.0,2,0,0.0,1
103183,26935,Electronics,Credit Card,820.7,2,15.6,4.0,4,2,0.5,0
103184,27898,Fashion,UPI,1269.86,6,5.5,3.0,0,0,0.0,0
103185,22975,Electronics,UPI,2348.52,4,52.0,3.0,2,0,0.0,1
103186,26876,Electronics,UPI,1529.18,3,0.8,4.0,5,2,0.4,1
103187,27375,Electronics,UPI,565.28,6,1.0,6.0,5,2,0.4,1
103188,28900,Electronics,Credit Card,2734.67,4,29.8,4.0,3,0,0.0,1
103189,23731,Beauty,Wallet,148.67,2,12.5,3.0,3,1,0.333,0
103190,25434,Beauty,COD,3428.65,3,4.7,7.0,6,0,0.0,0
103191,24819,Electronics,Wallet,916.68,4,17.2,1.0,6,0,0.0,0
103192,22184,Books,Credit Card,486.02,1,7.2,4.0,2,0,0.0,0
103193,20230,Books,Wallet,909.87,3,0.3,2.0,2,1,0.5,0
103194,22481,Electronics,COD,1372.34,4,12.6,3.0,5,0,0.0,0
103195,27211,Electronics,COD,943.08,3,3.3,6.0,6,1,0.167,1
103196,24166,Electronics,Credit Card,502.68,1,1.5,5.0,8,2,0.25,0
103197,28342,Books,UPI,2068.66,3,3.1,4.0,1,0,0.0,0
103198,23727,Beauty,Wallet,1324.33,3,7.8,8.0,3,0,0.0,0
103199,28247,Fashion,UPI,306.35,1,0.6,5.0,4,2,0.5,0
103200,21045,Electronics,UPI,1471.02,3,25.8,9.0,6,0,0.0,0
103201,21658,Home,Wallet,1491.61,4,9.8,7.0,5,1,0.2,0
103202,23990,Electronics,Debit Card,877.92,5,4.2,3.0,6,0,0.0,0
103203,21810,Fashion,UPI,1517.15,3,13.9,9.0,5,0,0.0,1
103204,21312,Beauty,Debit Card,495.45,1,19.6,6.0,4,0,0.0,0
103205,25690,Home,Wallet,476.75,1,11.4,9.0,6,1,0.167,1
103206,24134,Beauty,Credit Card,938.05,4,2.7,4.0,3,2,0.667,0
103207,21153,Beauty,UPI,219.74,3,1.4,6.0,6,4,0.667,0
103208,20184,Home,UPI,561.47,2,23.6,6.0,5,0,0.0,0
103209,26392,Electronics,COD,2046.29,6,3.2,5.0,7,1,0.143,0
103210,23088,Home,UPI,759.85,2,0.2,8.0,5,0,0.0,0
103211,23082,Fashion,Wallet,503.73,4,12.4,9.0,3,0,0.0,0
103212,21661,Home,Wallet,2172.2,5,2.0,1.0,1,0,0.0,0
103213,26788,Fashion,Credit Card,1017.96,5,56.5,7.0,2,0,0.0,1
103214,24986,Home,Debit Card,692.29,7,24.5,3.0,3,0,0.0,0
103215,26719,Fashion,Credit Card,2893.38,2,11.3,1.0,3,0,0.0,1
103216,26440,Fashion,Debit Card,647.3,5,21.5,6.0,5,0,0.0,1
103217,23667,Fashion,UPI,2064.03,5,7.6,6.0,6,0,0.0,0
103218,20730,Fashion,Wallet,485.41,2,18.6,6.0,5,0,0.0,0
103219,23262,Home,COD,1023.31,3,12.5,6.0,3,0,0.0,0
103220,28858,Home,Credit Card,548.94,3,0.3,7.0,1,1,1.0,0
103221,20029,Electronics,Credit Card,732.26,8,35.7,4.0,5,0,0.0,0
103222,27209,Fashion,UPI,2107.05,8,23.7,6.0,2,1,0.5,1
103223,22871,Fashion,UPI,982.15,2,36.8,7.0,7,2,0.286,0
103224,28904,Fashion,Credit Card,1874.5,3,15.8,8.0,2,0,0.0,0
103225,26893,Fashion,COD,1066.91,4,6.4,5.0,6,3,0.5,0
103226,24792,Beauty,Wallet,3574.27,3,2.8,5.0,4,0,0.0,0
103227,27165,Fashion,Debit Card,1566.95,6,2.4,5.0,2,1,0.5,1
103228,23146,Electronics,COD,1325.27,3,1.9,2.0,3,0,0.0,0
103229,23733,Fashion,Debit Card,241.04,1,3.0,7.0,6,0,0.0,1
103230,25343,Fashion,UPI,532.79,2,9.6,2.0,5,1,0.2,1
103231,21123,Electronics,Debit Card,1051.93,2,13.8,6.0,5,1,0.2,0
103232,20676,Home,Credit Card,1157.69,5,4.5,5.0,3,0,0.0,0
103233,27812,Fashion,Wallet,1492.92,6,9.5,2.0,3,0,0.0,0
103234,21298,Fashion,Debit Card,577.91,3,5.0,2.0,7,2,0.286,0
103235,27652,Electronics,UPI,1014.83,3,14.3,3.0,6,0,0.0,0
103236,22023,Fashion,Debit Card,1547.02,7,53.6,4.0,6,1,0.167,0
103237,20979,Fashion,Credit Card,536.4,4,14.0,8.0,2,0,0.0,1
103238,21696,Books,Credit Card,1386.91,3,0.7,5.0,4,1,0.25,0
103239,20194,Home,Debit Card,392.72,4,7.8,6.0,9,1,0.111,0
103240,27620,Home,UPI,1489.84,6,17.7,8.0,2,0,0.0,0
103241,20867,Electronics,Debit Card,1570.82,1,9.4,7.0,6,1,0.167,1
103242,20853,Electronics,UPI,819.2,1,36.2,5.0,7,0,0.0,1
103243,26416,Electronics,UPI,1154.19,2,0.7,3.0,4,0,0.0,0
103244,26566,Home,UPI,635.68,4,4.1,6.0,1,0,0.0,0
103245,23984,Home,Debit Card,2226.11,2,3.0,,1,0,0.0,0
103246,23000,Fashion,Wallet,2487.86,4,17.5,9.0,8,1,0.125,1
103247,21605,Electronics,Debit Card,464.25,2,8.9,7.0,2,0,0.0,1
103248,22113,Electronics,Debit Card,819.17,4,1.8,5.0,1,0,0.0,0
103249,25710,Beauty,Credit Card,1634.95,2,4.0,6.0,3,1,0.333,0
103250,25224,Home,Debit Card,3577.46,5,8.9,5.0,4,2,0.5,1
103251,28897,Electronics,Credit Card,360.6,2,60.0,4.0,2,0,0.0,1
103252,21014,Fashion,UPI,788.97,7,5.4,6.0,2,0,0.0,0
103253,24866,Home,Credit Card,1321.71,7,2.0,4.0,4,0,0.0,0
103254,25973,Fashion,Debit Card,296.04,4,8.2,9.0,4,0,0.0,0
103255,21879,Electronics,COD,954.07,3,4.5,3.0,5,1,0.2,0
103256,25454,Fashion,Debit Card,1568.73,2,10.0,6.0,4,2,0.5,1
103257,22539,Home,Credit Card,324.86,2,7.5,3.0,2,0,0.0,0
103258,21932,Fashion,Credit Card,1017.97,3,14.0,3.0,1,0,0.0,0
103259,24447,Electronics,COD,384.11,1,29.5,1.0,5,1,0.2,1
103260,22281,Beauty,Credit Card,2523.18,3,2.7,6.0,1,0,0.0,0
103261,23571,Fashion,Debit Card,547.14,2,20.7,4.0,3,0,0.0,0
103262,20026,Electronics,UPI,3318.52,6,35.8,7.0,7,2,0.286,0
103263,20489,Electronics,UPI,538.13,2,5.6,6.0,3,0,0.0,1
103264,26183,Fashion,UPI,1223.27,2,1.4,5.0,6,3,0.5,0
103265,27588,Beauty,COD,1097.15,3,20.7,2.0,0,0,0.0,0
103266,28211,Fashion,Credit Card,501.22,1,14.5,6.0,4,1,0.25,1
103267,26913,Electronics,Debit Card,479.27,2,2.9,4.0,4,2,0.5,0
103268,22247,Home,Debit Card,1322.14,4,7.1,2.0,7,0,0.0,0
103269,23727,Home,Credit Card,418.08,1,10.4,6.0,5,0,0.0,0
103270,27291,Home,Debit Card,805.01,5,2.2,2.0,5,2,0.4,0
103271,27328,Fashion,Debit Card,1863.49,2,15.1,1.0,4,0,0.0,1
103272,25719,Fashion,UPI,1069.66,2,14.0,8.0,1,0,0.0,0
103273,26411,Home,UPI,1962.67,6,26.2,4.0,7,1,0.143,0
103274,24097,Electronics,Debit Card,861.08,4,10.1,1.0,4,0,0.0,0
103275,21906,Beauty,UPI,1089.13,5,10.2,3.0,3,1,0.333,0
103276,28652,Beauty,Debit Card,812.54,3,11.6,3.0,10,3,0.3,0
103277,21293,Beauty,Debit Card,1333.4,4,3.8,8.0,8,2,0.25,0
103278,23754,Electronics,UPI,1386.29,3,17.1,1.0,5,0,0.0,0
103279,27833,Electronics,Credit Card,926.26,3,13.0,2.0,4,0,0.0,1
103280,26677,Beauty,Credit Card,478.66,2,21.9,7.0,1,0,0.0,0
103281,28939,Electronics,Debit Card,2274.0,7,17.6,4.0,2,1,0.5,0
103282,23011,Fashion,Wallet,1111.19,4,12.2,6.0,2,1,0.5,1
103283,24303,Beauty,UPI,561.93,6,2.1,4.0,2,0,0.0,0
103284,20584,Beauty,Credit Card,213.88,2,30.2,9.0,2,1,0.5,1
103285,26067,Electronics,COD,920.86,2,5.5,2.0,6,0,0.0,0
103286,27666,Fashion,UPI,662.13,4,40.0,6.0,8,2,0.25,1
103287,22213,Electronics,UPI,705.31,1,6.2,8.0,3,0,0.0,0
103288,27790,Beauty,COD,483.57,2,1.9,4.0,3,0,0.0,0
103289,25803,Books,Debit Card,589.88,1,25.9,3.0,2,0,0.0,0
103290,26712,Fashion,Credit Card,867.93,4,19.0,7.0,3,0,0.0,0
103291,27573,Fashion,UPI,3115.98,4,18.5,7.0,3,0,0.0,0
103292,28688,Beauty,UPI,963.13,1,1.1,3.0,3,0,0.0,0
103293,23214,Electronics,UPI,1728.4,2,25.4,8.0,7,0,0.0,0
103294,24071,Electronics,UPI,781.33,2,10.9,5.0,3,0,0.0,0
103295,26299,Books,Wallet,1261.42,2,7.6,6.0,2,0,0.0,0
103296,20619,Fashion,Wallet,813.68,2,29.3,8.0,1,0,0.0,0
103297,22655,Home,COD,1859.99,2,13.2,7.0,5,0,0.0,1
103298,21753,Fashion,COD,521.37,1,1.7,5.0,1,0,0.0,1
103299,26810,Electronics,Wallet,407.81,3,8.8,4.0,6,4,0.667,1
103300,20715,Beauty,Credit Card,328.32,4,12.1,11.0,6,0,0.0,1
103301,28608,Electronics,Credit Card,2566.49,3,27.5,3.0,5,1,0.2,0
103302,23712,Books,Debit Card,1919.96,7,3.9,6.0,5,0,0.0,0
103303,22956,Home,COD,1307.48,3,19.0,6.0,5,0,0.0,0
103304,26749,Electronics,UPI,3765.02,8,19.3,6.0,6,0,0.0,0
103305,24335,Fashion,UPI,202.14,1,1.6,10.0,5,1,0.2,0
103306,20825,Electronics,Credit Card,760.63,3,0.2,5.0,4,0,0.0,0
103307,21481,Electronics,Credit Card,1056.88,5,10.5,5.0,2,1,0.5,1
103308,22305,Fashion,UPI,1900.9,5,18.7,8.0,1,1,1.0,1
103309,25441,Electronics,Credit Card,359.39,1,9.7,5.0,2,0,0.0,0
103310,22003,Electronics,Debit Card,374.56,2,20.1,7.0,6,0,0.0,0
103311,27152,Home,Credit Card,372.55,2,11.7,5.0,4,0,0.0,0
103312,23676,Home,Debit Card,2871.55,7,12.7,7.0,7,1,0.143,1
103313,27364,Home,UPI,779.93,5,0.3,7.0,7,1,0.143,0
103314,20439,Fashion,Debit Card,677.29,3,1.1,4.0,1,0,0.0,0
103315,27335,Fashion,UPI,1951.94,6,15.5,1.0,6,2,0.333,0
103316,20509,Home,Credit Card,506.34,2,17.3,1.0,7,0,0.0,0
103317,25629,Electronics,COD,339.11,3,9.4,1.0,3,0,0.0,0
103318,20655,Fashion,Debit Card,210.81,1,10.7,5.0,2,0,0.0,0
103319,24887,Beauty,UPI,1052.65,4,11.4,,5,2,0.4,0
103320,20087,Beauty,UPI,1037.92,2,1.3,5.0,5,0,0.0,0
103321,26913,Electronics,Credit Card,835.44,3,13.2,5.0,5,0,0.0,1
103322,27757,Fashion,COD,1221.18,3,7.8,7.0,5,0,0.0,0
103323,22241,Beauty,UPI,462.67,5,11.1,6.0,8,3,0.375,1
103324,22776,Home,Debit Card,430.94,4,9.9,7.0,4,0,0.0,0
103325,28800,Beauty,Credit Card,2105.61,1,17.3,6.0,4,0,0.0,0
103326,24890,Beauty,Wallet,1613.63,2,4.6,4.0,4,1,0.25,1
103327,24534,Beauty,COD,1496.21,3,5.6,5.0,6,1,0.167,0
103328,24544,Electronics,Credit Card,897.89,6,6.0,3.0,7,0,0.0,0
103329,25390,Fashion,Debit Card,817.71,3,17.2,6.0,4,1,0.25,0
103330,27782,Home,COD,942.28,3,6.8,2.0,7,0,0.0,0
103331,21836,Home,UPI,2075.41,3,2.3,7.0,3,0,0.0,0
103332,27936,Home,COD,1386.89,4,48.9,3.0,3,0,0.0,0
103333,27365,Fashion,Debit Card,1293.17,3,8.2,5.0,5,0,0.0,0
103334,27124,Fashion,UPI,696.44,2,1.4,6.0,11,0,0.0,1
103335,24934,Beauty,Debit Card,876.2,1,13.3,8.0,5,0,0.0,0
103336,25743,Home,Credit Card,1459.88,5,16.1,1.0,7,1,0.143,0
103337,23261,Books,UPI,1250.29,5,8.3,4.0,0,0,0.0,0
103338,23933,Beauty,Wallet,493.11,2,12.5,6.0,5,0,0.0,0
103339,27264,Home,Debit Card,1345.89,7,2.3,9.0,7,3,0.429,0
103340,22448,Home,Debit Card,569.88,4,5.5,5.0,3,1,0.333,0
103341,22237,Beauty,UPI,1063.23,4,2.1,4.0,3,0,0.0,0
103342,24646,Home,UPI,1148.82,4,5.9,9.0,5,0,0.0,0
103343,20740,Home,COD,222.87,3,9.9,7.0,4,0,0.0,0
103344,23814,Fashion,COD,670.73,2,7.0,8.0,6,2,0.333,1
103345,25891,Electronics,Credit Card,658.75,6,10.8,2.0,4,2,0.5,0
103346,23947,Home,Wallet,1272.18,3,8.4,6.0,2,0,0.0,1
103347,26201,Fashion,COD,1382.44,3,4.6,3.0,4,0,0.0,0
103348,22920,Fashion,COD,1032.85,6,1.9,2.0,3,0,0.0,0
103349,21600,Electronics,UPI,1514.08,4,3.5,6.0,3,0,0.0,0
103350,25652,Fashion,COD,1097.97,2,2.7,6.0,3,1,0.333,0
103351,26967,Fashion,Credit Card,670.98,2,14.7,4.0,3,0,0.0,0
103352,27799,Electronics,Debit Card,2734.54,4,20.6,8.0,6,0,0.0,0
103353,25343,Books,COD,352.47,1,15.3,4.0,6,0,0.0,0
103354,24317,Electronics,Credit Card,2944.04,5,12.4,4.0,8,0,0.0,0
103355,28339,Fashion,Credit Card,672.8,2,4.4,5.0,5,0,0.0,0
103356,26263,Fashion,COD,568.68,3,14.9,4.0,11,1,0.091,0
103357,27157,Home,COD,763.85,3,11.1,8.0,6,2,0.333,0
103358,26000,Electronics,Credit Card,563.13,4,0.6,3.0,1,0,0.0,0
103359,27963,Beauty,COD,1949.74,5,28.6,3.0,6,1,0.167,0
103360,25933,Home,UPI,360.56,3,1.0,2.0,2,0,0.0,0
103361,26196,Beauty,UPI,1772.84,2,8.4,9.0,2,0,0.0,1
103362,26010,Fashion,COD,439.24,2,8.6,4.0,5,0,0.0,0
103363,27612,Home,Debit Card,1799.28,4,21.8,3.0,3,0,0.0,0
103364,26910,Fashion,Credit Card,552.55,1,29.3,4.0,2,0,0.0,0
103365,22392,Books,Debit Card,1109.64,3,33.7,7.0,5,0,0.0,0
103366,25156,Home,UPI,764.42,4,10.1,6.0,9,2,0.222,0
103367,20931,Electronics,UPI,1504.78,5,13.6,4.0,4,0,0.0,0
103368,22054,Fashion,COD,1446.45,6,1.1,4.0,1,0,0.0,0
103369,24051,Fashion,COD,227.07,1,8.0,2.0,4,1,0.25,1
103370,26468,Home,UPI,529.43,3,27.4,5.0,2,0,0.0,0
103371,27076,Fashion,COD,681.82,3,7.3,8.0,6,2,0.333,1
103372,26451,Home,Credit Card,489.59,2,0.9,4.0,8,0,0.0,0
103373,24438,Fashion,Credit Card,1154.8,1,2.7,6.0,4,1,0.25,1
103374,27259,Home,COD,773.39,2,6.7,4.0,2,2,1.0,1
103375,21252,Beauty,Credit Card,763.2,5,3.3,3.0,7,0,0.0,0
103376,27429,Beauty,Credit Card,573.7,2,6.0,6.0,4,1,0.25,0
103377,24472,Beauty,UPI,696.89,3,4.9,10.0,4,1,0.25,1
103378,22858,Fashion,Debit Card,916.28,4,4.6,6.0,4,0,0.0,0
103379,24359,Fashion,COD,638.76,5,1.1,4.0,4,0,0.0,0
103380,28702,Home,Debit Card,578.79,3,25.7,4.0,1,0,0.0,1
103381,23048,Electronics,Credit Card,1494.09,3,14.2,9.0,2,0,0.0,0
103382,24206,Electronics,Debit Card,860.73,2,11.7,6.0,2,0,0.0,0
103383,22025,Fashion,UPI,702.87,2,11.2,3.0,1,0,0.0,0
103384,20649,Fashion,Debit Card,1090.86,4,6.1,5.0,3,0,0.0,0
103385,22183,Fashion,UPI,749.37,2,20.8,5.0,10,0,0.0,0
103386,21457,Beauty,COD,679.32,2,31.9,6.0,4,1,0.25,1
103387,27863,Fashion,Wallet,1050.31,2,0.1,8.0,4,0,0.0,0
103388,21412,Home,Credit Card,1420.9,4,1.0,8.0,3,0,0.0,0
103389,23381,Fashion,Debit Card,474.22,5,13.5,5.0,4,2,0.5,1
103390,26935,Home,UPI,871.63,3,3.2,5.0,1,0,0.0,0
103391,22175,Electronics,Wallet,493.35,5,29.1,6.0,2,0,0.0,0
103392,24971,Beauty,Wallet,1381.12,3,13.2,4.0,7,0,0.0,0
103393,24017,Beauty,Credit Card,1726.32,4,5.5,7.0,6,2,0.333,0
103394,27466,Electronics,UPI,533.85,2,6.4,5.0,8,0,0.0,0
103395,22083,Books,Debit Card,1015.45,4,14.1,6.0,5,4,0.8,1
103396,25367,Books,Credit Card,216.96,2,1.8,9.0,5,2,0.4,1
103397,27559,Beauty,Credit Card,976.21,1,25.8,6.0,1,0,0.0,0
103398,26280,Beauty,Debit Card,1443.91,3,0.1,6.0,5,0,0.0,0
103399,26263,Fashion,Debit Card,2171.55,4,46.3,4.0,5,1,0.2,1
103400,23283,Home,Credit Card,2970.97,5,2.2,5.0,5,0,0.0,0
103401,27565,Fashion,UPI,584.21,5,16.3,3.0,5,1,0.2,0
103402,23989,Fashion,Debit Card,927.81,1,0.5,6.0,8,1,0.125,1
103403,25487,Books,UPI,2645.8,4,6.8,1.0,8,0,0.0,0
103404,23979,Electronics,Debit Card,314.14,2,11.9,7.0,3,0,0.0,1
103405,27764,Home,Credit Card,851.14,3,0.9,7.0,3,1,0.333,0
103406,28423,Beauty,Debit Card,437.89,1,7.0,5.0,1,0,0.0,0
103407,23271,Beauty,Credit Card,1819.7,4,4.3,4.0,4,1,0.25,1
103408,22950,Books,UPI,258.99,4,8.3,5.0,7,0,0.0,0
103409,26127,Fashion,Credit Card,3965.77,6,8.4,1.0,5,0,0.0,0
103410,23000,Fashion,UPI,719.86,2,18.5,7.0,4,0,0.0,0
103411,27730,Electronics,Credit Card,1887.11,4,1.6,5.0,9,1,0.111,0
103412,25789,Fashion,UPI,1286.57,6,1.0,8.0,8,0,0.0,1
103413,27680,Fashion,COD,1034.68,2,6.2,6.0,3,3,1.0,1
103414,27711,Electronics,Credit Card,135.25,1,26.2,6.0,4,0,0.0,0
103415,20853,Beauty,Debit Card,611.33,2,23.2,6.0,4,1,0.25,1
103416,22295,Home,Credit Card,2025.1,5,9.9,3.0,2,2,1.0,1
103417,22800,Electronics,UPI,915.81,2,26.4,4.0,5,0,0.0,0
103418,21774,Home,Credit Card,353.26,3,19.6,5.0,3,0,0.0,0
103419,28356,Fashion,UPI,1130.03,4,3.9,4.0,3,1,0.333,1
103420,21947,Fashion,UPI,745.07,5,2.2,4.0,6,1,0.167,1
103421,24165,Beauty,Wallet,447.34,2,4.3,4.0,1,0,0.0,0
103422,26145,Home,UPI,535.64,6,3.1,5.0,5,0,0.0,0
103423,20020,Beauty,UPI,1765.06,5,11.7,10.0,5,0,0.0,0
103424,28442,Fashion,Debit Card,1839.25,3,10.6,4.0,6,0,0.0,0
103425,25150,Beauty,Wallet,5141.2,7,10.9,4.0,4,0,0.0,0
103426,27303,Home,COD,449.76,4,2.5,5.0,1,0,0.0,0
103427,20015,Home,Debit Card,1929.74,5,18.8,8.0,3,1,0.333,1
103428,23564,Home,COD,1795.52,4,6.8,8.0,5,0,0.0,0
103429,23748,Beauty,Debit Card,543.63,2,7.7,9.0,5,1,0.2,0
103430,23621,Home,COD,314.02,1,60.0,5.0,2,0,0.0,1
103431,21034,Home,COD,491.7,3,4.0,6.0,3,1,0.333,0
103432,26253,Books,Credit Card,396.86,1,6.0,3.0,5,0,0.0,0
103433,22944,Beauty,UPI,1065.16,3,13.5,4.0,4,0,0.0,0
103434,25440,Electronics,Debit Card,1741.74,2,25.5,3.0,3,0,0.0,0
103435,22100,Home,Debit Card,1494.84,2,1.6,,1,0,0.0,0
103436,28550,Electronics,Debit Card,413.19,4,15.9,5.0,4,0,0.0,1
103437,21717,Fashion,UPI,678.47,4,30.1,5.0,8,0,0.0,1
103438,28048,Home,Credit Card,2375.42,4,6.6,3.0,3,1,0.333,0
103439,28986,Books,Credit Card,608.29,3,4.1,7.0,1,0,0.0,0
103440,20078,Books,UPI,911.56,3,13.6,1.0,6,0,0.0,0
103441,20910,Electronics,Credit Card,391.5,4,3.4,4.0,2,0,0.0,0
103442,20525,Electronics,Credit Card,1087.7,1,5.8,5.0,6,2,0.333,1
103443,25756,Fashion,Credit Card,299.36,3,27.3,1.0,5,1,0.2,0
103444,21061,Books,Debit Card,203.22,1,10.7,6.0,2,0,0.0,0
103445,28823,Books,Debit Card,1446.73,2,1.2,5.0,2,1,0.5,1
103446,27423,Home,Credit Card,2984.96,3,4.8,6.0,5,0,0.0,0
103447,27930,Beauty,Wallet,646.91,2,11.8,9.0,1,1,1.0,1
103448,26999,Home,UPI,748.79,2,7.9,6.0,3,0,0.0,1
103449,26751,Home,Debit Card,1878.29,4,13.0,7.0,7,0,0.0,1
103450,25259,Fashion,Debit Card,1448.65,5,17.2,8.0,2,0,0.0,1
103451,20714,Electronics,Debit Card,1066.3,6,7.9,6.0,6,1,0.167,1
103452,24738,Home,UPI,910.0,5,52.1,3.0,1,0,0.0,1
103453,26723,Home,Credit Card,368.42,3,29.5,1.0,1,0,0.0,0
103454,24105,Electronics,Credit Card,1084.71,3,0.7,6.0,4,0,0.0,0
103455,25513,Books,COD,728.82,2,3.7,4.0,5,0,0.0,0
103456,23792,Fashion,Credit Card,592.21,2,4.3,8.0,4,0,0.0,1
103457,20910,Electronics,Debit Card,422.2,2,2.4,4.0,3,1,0.333,0
103458,21548,Home,COD,448.66,2,4.5,5.0,4,1,0.25,0
103459,24110,Home,UPI,1116.1,2,6.6,2.0,1,0,0.0,0
103460,21999,Home,Debit Card,1848.53,4,0.6,4.0,6,0,0.0,0
103461,24248,Fashion,UPI,775.13,3,1.6,3.0,7,0,0.0,0
103462,24470,Fashion,Credit Card,420.11,1,1.2,3.0,6,0,0.0,0
103463,22107,Home,UPI,565.16,3,0.6,5.0,5,4,0.8,1
103464,24157,Home,Debit Card,1654.74,3,7.9,4.0,4,1,0.25,0
103465,26184,Fashion,COD,1240.56,5,4.9,11.0,3,0,0.0,0
103466,21180,Home,Wallet,1518.47,5,32.9,7.0,4,1,0.25,1
103467,24251,Electronics,Wallet,1654.02,6,1.3,7.0,4,0,0.0,0
103468,22968,Home,Wallet,640.31,2,31.3,5.0,3,0,0.0,0
103469,27189,Beauty,UPI,270.64,1,1.1,5.0,2,0,0.0,0
103470,21688,Fashion,Debit Card,423.64,2,11.6,4.0,2,0,0.0,1
103471,20009,Fashion,Debit Card,2395.75,5,3.4,11.0,1,0,0.0,0
103472,28399,Beauty,UPI,610.27,3,21.0,5.0,3,0,0.0,0
103473,20962,Home,COD,602.06,2,0.8,4.0,3,0,0.0,0
103474,27725,Home,Credit Card,389.92,2,36.6,3.0,1,0,0.0,1
103475,25786,Beauty,Wallet,587.03,5,0.6,6.0,3,1,0.333,0
103476,26721,Beauty,COD,594.55,3,3.3,8.0,2,0,0.0,0
103477,24878,Books,Wallet,2120.95,2,7.5,7.0,5,2,0.4,0
103478,27166,Electronics,COD,1399.86,3,16.9,3.0,7,0,0.0,0
103479,21826,Electronics,Credit Card,687.62,3,36.2,3.0,4,0,0.0,1
103480,21061,Electronics,Credit Card,2554.48,6,6.7,8.0,6,0,0.0,1
103481,24608,Fashion,Credit Card,994.03,4,17.0,10.0,3,0,0.0,1
103482,23860,Home,Debit Card,2744.41,5,15.6,5.0,2,1,0.5,0
103483,20989,Fashion,UPI,2903.32,2,10.2,8.0,4,1,0.25,0
103484,23610,Books,COD,1747.96,3,14.1,2.0,6,0,0.0,1
103485,22944,Home,COD,998.28,3,0.5,3.0,4,0,0.0,0
103486,23667,Home,UPI,828.47,1,7.0,3.0,3,1,0.333,0
103487,24764,Electronics,Credit Card,777.14,2,18.5,6.0,4,1,0.25,1
103488,27861,Fashion,Credit Card,180.98,1,7.7,5.0,5,1,0.2,1
103489,27856,Fashion,Credit Card,735.37,4,24.8,6.0,2,0,0.0,1
103490,25222,Electronics,Debit Card,615.35,4,21.5,8.0,2,0,0.0,1
103491,21249,Fashion,UPI,513.11,2,23.9,4.0,8,5,0.625,1
103492,27489,Home,Credit Card,1597.51,1,1.7,5.0,2,1,0.5,1
103493,27579,Beauty,Debit Card,1510.0,2,3.4,2.0,3,0,0.0,0
103494,28881,Beauty,Credit Card,1418.96,4,0.4,8.0,4,0,0.0,0
103495,21439,Home,UPI,1253.86,2,48.8,7.0,2,0,0.0,1
103496,25551,Fashion,Debit Card,303.09,3,3.2,6.0,5,1,0.2,1
103497,27960,Beauty,Debit Card,2064.8,6,5.5,5.0,3,0,0.0,0
103498,24475,Beauty,Debit Card,1657.52,3,3.9,4.0,4,0,0.0,0
103499,20052,Fashion,Wallet,246.03,3,0.5,2.0,3,0,0.0,0
103500,23962,Home,Credit Card,1927.27,5,3.6,6.0,3,0,0.0,0
103501,23726,Fashion,UPI,401.36,3,1.2,7.0,1,0,0.0,0
103502,26628,Beauty,UPI,334.0,4,6.0,9.0,5,0,0.0,0
103503,21821,Books,UPI,2090.37,3,40.9,4.0,3,1,0.333,1
103504,22435,Fashion,Wallet,595.21,4,14.4,6.0,3,1,0.333,1
103505,28263,Beauty,Debit Card,868.1,6,14.7,7.0,5,0,0.0,0
103506,28926,Home,Debit Card,1972.21,4,7.2,8.0,5,0,0.0,0
103507,24442,Books,Credit Card,453.44,1,20.0,4.0,3,0,0.0,0
103508,20761,Electronics,UPI,1092.93,5,28.7,4.0,2,0,0.0,0
103509,20880,Beauty,Debit Card,682.2,2,39.1,4.0,3,1,0.333,0
103510,25772,Fashion,Credit Card,1161.96,3,1.3,3.0,1,0,0.0,0
103511,26839,Electronics,UPI,672.35,2,25.4,8.0,5,2,0.4,0
103512,26428,Fashion,UPI,1010.08,3,3.1,5.0,4,0,0.0,1
103513,24949,Books,Credit Card,569.32,2,6.1,5.0,4,0,0.0,0
103514,27474,Beauty,UPI,1902.29,8,5.1,6.0,7,0,0.0,0
103515,20210,Beauty,UPI,1138.67,3,13.5,5.0,1,0,0.0,0
103516,22477,Books,Credit Card,1700.59,1,10.9,5.0,3,1,0.333,0
103517,25876,Fashion,Debit Card,612.67,2,1.4,3.0,6,0,0.0,1
103518,26828,Electronics,UPI,1194.38,6,18.3,8.0,2,0,0.0,0
103519,22280,Fashion,UPI,1256.95,4,7.0,4.0,4,1,0.25,1
103520,21269,Fashion,Debit Card,1373.66,2,0.0,3.0,4,0,0.0,0
103521,26134,Fashion,Debit Card,282.89,1,6.4,5.0,1,0,0.0,0
103522,27896,Electronics,UPI,1158.98,4,8.7,10.0,4,2,0.5,1
103523,22198,Fashion,Wallet,270.43,5,0.9,3.0,4,1,0.25,0
103524,26626,Fashion,UPI,801.42,3,2.0,7.0,3,0,0.0,1
103525,26438,Fashion,Credit Card,1795.33,3,60.0,4.0,7,0,0.0,1
103526,22647,Fashion,Debit Card,704.48,4,24.6,6.0,6,0,0.0,0
103527,22151,Books,COD,1048.81,3,1.7,7.0,3,2,0.667,0
103528,26713,Beauty,Credit Card,1121.45,8,10.4,1.0,1,0,0.0,0
103529,25674,Books,Wallet,796.51,6,5.7,3.0,7,0,0.0,0
103530,26265,Electronics,Wallet,1689.52,3,9.4,7.0,5,0,0.0,0
103531,24301,Fashion,Credit Card,581.72,4,7.6,5.0,6,3,0.5,1
103532,21902,Beauty,Wallet,918.14,2,0.6,5.0,5,1,0.2,0
103533,26614,Electronics,Debit Card,1134.92,3,4.5,7.0,4,0,0.0,0
103534,22555,Fashion,COD,461.97,2,1.6,3.0,5,0,0.0,0
103535,24202,Fashion,Debit Card,1035.58,3,8.1,7.0,12,0,0.0,1
103536,24360,Fashion,Debit Card,694.89,5,28.5,7.0,1,0,0.0,1
103537,22967,Fashion,UPI,744.77,1,60.0,6.0,1,1,1.0,1
103538,28643,Electronics,COD,494.81,4,34.6,6.0,5,0,0.0,1
103539,24176,Home,Credit Card,628.17,2,51.0,8.0,0,0,0.0,1
103540,22367,Fashion,UPI,935.88,4,0.2,4.0,5,1,0.2,1
103541,25562,Fashion,Credit Card,1501.69,2,15.7,6.0,4,1,0.25,0
103542,22964,Beauty,Debit Card,837.65,2,3.8,9.0,3,0,0.0,0
103543,21816,Fashion,Debit Card,2555.4,7,24.1,6.0,4,0,0.0,1
103544,25098,Electronics,Debit Card,1860.67,6,20.2,5.0,2,0,0.0,0
103545,21996,Beauty,Debit Card,1070.15,2,6.6,10.0,3,1,0.333,1
103546,22332,Fashion,Credit Card,772.9,3,7.7,6.0,3,1,0.333,0
103547,22930,Fashion,Credit Card,1421.0,2,3.7,8.0,3,1,0.333,1
103548,21187,Electronics,Credit Card,1077.26,6,4.1,4.0,5,3,0.6,1
103549,24288,Electronics,Debit Card,431.31,5,47.7,7.0,3,1,0.333,1
103550,20582,Home,Wallet,957.45,4,26.4,4.0,0,0,0.0,0
103551,24031,Beauty,Credit Card,1429.72,4,2.6,6.0,6,1,0.167,0
103552,24062,Fashion,Wallet,359.72,3,3.9,4.0,2,0,0.0,0
103553,28741,Home,UPI,715.98,5,1.4,9.0,3,0,0.0,0
103554,28360,Electronics,UPI,581.94,5,54.0,5.0,8,1,0.125,0
103555,26507,Fashion,UPI,1512.22,3,28.5,3.0,2,0,0.0,0
103556,24060,Home,COD,2573.5,3,9.6,5.0,3,1,0.333,0
103557,28062,Fashion,Credit Card,480.19,1,14.2,6.0,4,3,0.75,1
103558,20884,Electronics,UPI,1059.44,2,16.5,5.0,2,0,0.0,1
103559,21806,Fashion,UPI,1277.45,3,2.7,3.0,2,1,0.5,1
103560,22365,Electronics,UPI,2396.07,3,32.7,7.0,5,1,0.2,1
103561,28130,Electronics,COD,823.19,5,9.0,8.0,2,0,0.0,0
103562,21651,Beauty,Credit Card,826.65,3,1.2,1.0,6,1,0.167,0
103563,26648,Fashion,UPI,768.81,3,6.1,3.0,4,0,0.0,0
103564,24126,Electronics,UPI,1274.03,5,11.0,5.0,4,2,0.5,0
103565,28316,Electronics,Debit Card,3460.48,2,5.2,4.0,4,0,0.0,0
103566,21634,Home,Debit Card,1240.42,5,14.4,6.0,5,2,0.4,1
103567,25789,Home,UPI,564.8,3,25.6,9.0,2,0,0.0,0
103568,28252,Home,COD,544.82,4,17.7,4.0,4,1,0.25,0
103569,25607,Beauty,Debit Card,2309.38,4,12.3,8.0,2,0,0.0,0
103570,26972,Beauty,COD,459.91,2,8.6,2.0,4,0,0.0,0
103571,27316,Electronics,Debit Card,810.91,1,3.5,6.0,1,0,0.0,0
103572,22742,Electronics,Credit Card,809.89,5,7.3,4.0,3,0,0.0,0
103573,22308,Beauty,Credit Card,509.35,4,4.2,6.0,2,2,1.0,1
103574,25784,Books,Credit Card,1750.82,5,32.6,1.0,6,0,0.0,0
103575,24975,Beauty,Debit Card,745.98,4,28.5,2.0,6,1,0.167,0
103576,25323,Electronics,Debit Card,702.93,1,2.0,6.0,9,1,0.111,0
103577,27519,Fashion,UPI,1799.83,6,20.8,4.0,6,2,0.333,1
103578,25790,Electronics,UPI,755.79,1,14.6,4.0,4,2,0.5,1
103579,22364,Home,Credit Card,1135.68,6,44.4,9.0,3,0,0.0,0
103580,20417,Electronics,Credit Card,1423.7,3,7.5,5.0,9,1,0.111,0
103581,20157,Electronics,Credit Card,442.77,2,15.4,7.0,5,0,0.0,0
103582,25365,Beauty,UPI,279.29,5,8.8,3.0,7,3,0.429,0
103583,20593,Electronics,Credit Card,1176.98,2,0.9,2.0,3,0,0.0,1
103584,27882,Beauty,Credit Card,850.59,2,0.6,5.0,4,2,0.5,1
103585,24561,Electronics,Wallet,654.1,3,1.6,2.0,6,1,0.167,0
103586,28640,Electronics,COD,551.8,6,4.2,3.0,1,0,0.0,0
103587,28097,Electronics,Credit Card,320.92,4,3.6,6.0,5,2,0.4,1
103588,20705,Beauty,Debit Card,1256.1,5,15.6,5.0,7,2,0.286,1
103589,24484,Fashion,Debit Card,2071.12,2,15.1,6.0,3,0,0.0,0
103590,28326,Fashion,COD,708.7,2,42.6,6.0,1,0,0.0,1
103591,26485,Books,UPI,1159.98,7,4.5,2.0,8,3,0.375,0
103592,25596,Fashion,Credit Card,758.96,2,33.5,3.0,7,0,0.0,1
103593,26574,Home,UPI,3487.11,3,11.4,1.0,1,0,0.0,0
103594,21243,Home,Debit Card,1710.07,4,8.2,4.0,3,1,0.333,0
103595,27031,Electronics,Credit Card,311.02,1,13.2,7.0,8,2,0.25,0
103596,25107,Home,Debit Card,1107.67,4,14.6,8.0,5,0,0.0,1
103597,27168,Fashion,Debit Card,1758.85,7,2.3,5.0,3,1,0.333,1
103598,20093,Home,Debit Card,577.87,4,16.7,8.0,1,0,0.0,0
103599,20050,Electronics,Credit Card,1214.46,2,15.5,6.0,6,2,0.333,0
103600,27943,Home,Debit Card,471.49,2,60.0,5.0,4,0,0.0,1
103601,22093,Fashion,Credit Card,491.84,5,29.2,4.0,5,2,0.4,1
103602,20227,Home,COD,987.31,3,13.8,1.0,7,1,0.143,0
103603,20899,Fashion,Credit Card,733.1,2,15.0,8.0,5,1,0.2,0
103604,28279,Fashion,Credit Card,544.24,1,35.0,5.0,5,0,0.0,1
103605,20328,Fashion,UPI,486.77,2,41.0,8.0,4,1,0.25,0
103606,25856,Fashion,COD,529.27,2,21.1,3.0,2,0,0.0,1
103607,20572,Beauty,COD,1856.36,3,17.5,10.0,2,1,0.5,0
103608,25852,Fashion,Debit Card,1586.63,5,1.4,4.0,4,1,0.25,1
103609,28248,Books,Credit Card,433.77,2,21.3,3.0,3,0,0.0,0
103610,22686,Books,UPI,337.89,4,3.5,5.0,4,3,0.75,0
103611,27231,Home,UPI,629.23,4,10.0,5.0,4,1,0.25,0
103612,23171,Fashion,Credit Card,1196.94,4,6.2,5.0,2,0,0.0,1
103613,26505,Electronics,Wallet,745.45,4,5.1,4.0,4,0,0.0,1
103614,26190,Beauty,Credit Card,503.1,2,4.5,1.0,9,4,0.444,0
103615,28008,Electronics,Wallet,540.82,2,23.2,3.0,3,0,0.0,0
103616,27394,Fashion,COD,902.96,3,17.6,7.0,5,0,0.0,0
103617,24543,Home,UPI,1743.98,4,8.9,3.0,4,1,0.25,0
103618,25155,Beauty,Wallet,942.99,3,13.1,1.0,8,2,0.25,0
103619,23694,Beauty,UPI,978.94,3,50.0,3.0,3,1,0.333,1
103620,23045,Fashion,Credit Card,824.18,3,6.1,5.0,5,2,0.4,1
103621,23950,Home,Debit Card,570.75,2,9.6,3.0,3,1,0.333,0
103622,22279,Fashion,Credit Card,1613.0,3,9.2,4.0,1,0,0.0,1
103623,21672,Fashion,Debit Card,1700.35,4,33.0,3.0,0,0,0.0,0
103624,26037,Beauty,UPI,3715.67,4,5.2,7.0,8,2,0.25,1
103625,21277,Fashion,Debit Card,1571.03,4,51.4,6.0,2,0,0.0,1
103626,22269,Fashion,Debit Card,1068.39,7,4.4,10.0,2,0,0.0,0
103627,24202,Fashion,UPI,447.55,2,1.4,4.0,3,0,0.0,0
103628,21788,Beauty,COD,1670.83,3,2.5,4.0,9,2,0.222,1
103629,27063,Beauty,Credit Card,746.75,5,6.7,8.0,2,0,0.0,1
103630,20091,Home,Debit Card,1770.45,4,12.6,6.0,2,0,0.0,0
103631,25647,Beauty,Credit Card,690.35,4,8.7,3.0,3,0,0.0,0
103632,27067,Fashion,UPI,949.63,2,5.7,6.0,2,0,0.0,0
103633,20899,Electronics,Credit Card,499.42,3,9.9,6.0,4,0,0.0,0
103634,26996,Electronics,UPI,1944.29,5,21.9,1.0,2,0,0.0,0
103635,24756,Fashion,Debit Card,259.77,1,21.9,4.0,2,0,0.0,0
103636,28068,Electronics,Credit Card,1111.07,3,15.5,5.0,5,3,0.6,1
103637,27222,Books,Wallet,837.65,3,36.6,8.0,6,0,0.0,0
103638,26923,Fashion,Credit Card,818.65,2,10.7,7.0,5,1,0.2,1
103639,27923,Fashion,Debit Card,607.34,2,0.1,4.0,2,0,0.0,0
103640,27367,Fashion,Credit Card,1037.25,6,4.1,3.0,4,2,0.5,0
103641,25470,Fashion,Debit Card,1463.74,6,4.8,7.0,5,2,0.4,1
103642,25772,Books,UPI,596.97,4,9.5,1.0,7,0,0.0,0
103643,22104,Electronics,Debit Card,420.63,2,28.2,3.0,6,1,0.167,0
103644,22428,Electronics,Credit Card,878.33,4,21.9,8.0,5,0,0.0,0
103645,28285,Beauty,Debit Card,606.73,2,3.2,6.0,7,0,0.0,0
103646,22501,Fashion,UPI,595.8,4,8.8,3.0,4,1,0.25,0
103647,22759,Electronics,COD,1896.33,4,12.9,2.0,3,1,0.333,1
103648,27950,Electronics,UPI,445.55,1,52.6,7.0,3,0,0.0,1
103649,26779,Home,UPI,672.21,2,0.4,5.0,6,0,0.0,0
103650,28286,Books,Credit Card,601.46,6,7.5,5.0,5,3,0.6,1
103651,22957,Beauty,Debit Card,2669.26,2,53.2,6.0,6,3,0.5,1
103652,27752,Electronics,Credit Card,3303.75,2,45.4,5.0,2,0,0.0,0
103653,21042,Beauty,Credit Card,590.56,3,4.8,5.0,3,1,0.333,0
103654,21711,Fashion,Credit Card,1968.36,3,0.0,2.0,6,1,0.167,0
103655,24045,Fashion,UPI,1030.77,4,10.6,3.0,3,0,0.0,0
103656,24152,Fashion,UPI,2015.93,2,24.2,7.0,3,0,0.0,1
103657,27970,Electronics,Wallet,666.3,1,4.7,6.0,1,1,1.0,1
103658,24578,Electronics,Credit Card,817.65,2,32.7,6.0,3,0,0.0,0
103659,24372,Home,UPI,171.92,2,4.9,4.0,0,0,0.0,1
103660,25570,Books,COD,454.6,2,11.3,7.0,4,1,0.25,1
103661,26096,Electronics,UPI,954.91,3,15.4,4.0,2,1,0.5,1
103662,22875,Electronics,Credit Card,867.64,2,5.1,8.0,4,0,0.0,0
103663,26426,Fashion,Credit Card,525.45,4,5.2,3.0,2,0,0.0,0
103664,21647,Fashion,Credit Card,351.69,1,7.6,4.0,3,0,0.0,0
103665,26046,Home,Debit Card,2146.92,8,21.6,5.0,5,4,0.8,0
103666,27969,Electronics,UPI,411.32,3,1.3,7.0,8,0,0.0,0
103667,20300,Beauty,Credit Card,1022.03,3,12.0,5.0,3,0,0.0,0
103668,24559,Fashion,Credit Card,1982.43,3,13.6,5.0,5,0,0.0,0
103669,27811,Fashion,UPI,970.54,2,9.8,4.0,2,0,0.0,0
103670,23202,Electronics,COD,1153.55,3,33.0,6.0,5,0,0.0,1
103671,23360,Fashion,Debit Card,162.05,1,11.1,5.0,3,0,0.0,0
103672,22311,Fashion,UPI,665.14,4,12.1,3.0,5,0,0.0,0
103673,24286,Home,Debit Card,3235.14,3,11.0,5.0,3,1,0.333,0
103674,27309,Fashion,Credit Card,931.11,6,15.4,5.0,10,0,0.0,0
103675,27853,Home,Debit Card,2325.83,4,1.7,10.0,7,0,0.0,1
103676,22782,Fashion,UPI,533.83,2,27.0,4.0,3,0,0.0,0
103677,23579,Fashion,Wallet,798.4,3,0.5,3.0,2,0,0.0,0
103678,24352,Electronics,Credit Card,1049.35,2,12.3,6.0,7,3,0.429,1
103679,23915,Beauty,UPI,1001.97,3,11.5,3.0,3,1,0.333,0
103680,20973,Electronics,Debit Card,1369.3,4,2.8,3.0,1,0,0.0,0
103681,26469,Beauty,UPI,666.55,4,0.5,2.0,6,0,0.0,0
103682,20955,Fashion,Credit Card,615.82,5,1.8,3.0,2,1,0.5,0
103683,21181,Beauty,Debit Card,452.62,2,3.8,3.0,3,0,0.0,0
103684,25881,Fashion,COD,685.34,3,25.7,2.0,4,0,0.0,1
103685,27184,Home,UPI,949.16,4,23.2,4.0,7,1,0.143,0
103686,28118,Home,Debit Card,1757.54,3,0.8,1.0,3,0,0.0,0
103687,21612,Books,Debit Card,1147.74,4,4.1,6.0,3,0,0.0,0
103688,20677,Electronics,Debit Card,1456.67,4,26.4,4.0,2,0,0.0,0
103689,21487,Fashion,Debit Card,1185.72,4,3.2,4.0,4,0,0.0,0
103690,27727,Fashion,COD,394.38,2,60.0,6.0,5,0,0.0,1
103691,21848,Beauty,Wallet,550.24,1,3.6,6.0,4,0,0.0,0
103692,20523,Electronics,Debit Card,833.01,2,16.1,4.0,4,2,0.5,0
103693,26080,Beauty,Debit Card,859.16,1,6.5,6.0,4,1,0.25,0
103694,23346,Fashion,COD,573.64,4,1.8,8.0,4,1,0.25,0
103695,20047,Electronics,Debit Card,320.19,4,3.5,3.0,8,1,0.125,0
103696,22587,Fashion,UPI,856.05,2,13.5,7.0,5,0,0.0,0
103697,24171,Books,Credit Card,1166.33,3,4.9,3.0,3,0,0.0,0
103698,26302,Home,UPI,846.98,3,11.1,8.0,6,0,0.0,0
103699,20109,Books,UPI,959.22,3,2.8,3.0,10,4,0.4,0
103700,24272,Fashion,COD,922.66,1,7.1,3.0,4,0,0.0,0
103701,21735,Home,COD,584.81,2,8.6,8.0,4,1,0.25,1
103702,28714,Home,Credit Card,1030.23,5,6.4,7.0,3,0,0.0,0
103703,27419,Electronics,UPI,807.54,2,2.6,4.0,7,2,0.286,1
103704,21877,Beauty,COD,585.71,5,7.4,5.0,1,0,0.0,0
103705,27443,Books,Debit Card,703.06,2,14.2,3.0,0,0,0.0,0
103706,27826,Beauty,Credit Card,741.24,2,40.2,1.0,5,0,0.0,0
103707,20001,Home,Credit Card,2056.58,2,18.7,5.0,2,0,0.0,0
103708,26640,Fashion,Debit Card,788.74,3,2.1,,4,0,0.0,1
103709,20492,Fashion,Debit Card,868.34,2,3.8,3.0,4,0,0.0,0
103710,26170,Books,UPI,1636.76,3,1.0,8.0,3,2,0.667,1
103711,23703,Fashion,Credit Card,329.48,1,1.7,3.0,5,1,0.2,1
103712,21432,Home,COD,2486.4,4,3.5,5.0,6,1,0.167,0
103713,21325,Home,Credit Card,2717.94,3,2.7,7.0,4,0,0.0,1
103714,27176,Home,Credit Card,1196.77,5,2.9,4.0,5,2,0.4,0
103715,21017,Books,Debit Card,682.42,3,3.1,3.0,6,0,0.0,0
103716,25342,Electronics,Debit Card,1445.59,1,4.3,6.0,3,0,0.0,0
103717,28168,Electronics,Credit Card,1962.74,5,1.6,6.0,2,1,0.5,0
103718,26896,Fashion,Credit Card,572.02,1,3.9,7.0,2,0,0.0,0
103719,24619,Electronics,Credit Card,2563.82,4,14.0,9.0,3,2,0.667,1
103720,24028,Fashion,UPI,2083.7,3,3.2,4.0,2,0,0.0,0
103721,20921,Electronics,COD,890.15,4,2.3,5.0,7,0,0.0,0
103722,28200,Beauty,Debit Card,1264.44,4,0.8,2.0,3,1,0.333,0
103723,26929,Books,UPI,1088.6,2,8.3,6.0,2,1,0.5,1
103724,25354,Fashion,UPI,783.53,2,22.1,5.0,6,0,0.0,1
103725,21787,Electronics,Credit Card,528.58,5,0.7,5.0,2,0,0.0,0
103726,20107,Books,Wallet,438.61,2,9.4,4.0,5,0,0.0,0
103727,26413,Fashion,COD,417.53,3,12.6,4.0,2,0,0.0,1
103728,25018,Fashion,Credit Card,1792.98,6,10.8,6.0,3,0,0.0,0
103729,20085,Fashion,Credit Card,378.4,2,25.2,3.0,2,0,0.0,1
103730,27075,Home,Credit Card,864.39,2,24.2,4.0,4,1,0.25,0
103731,26160,Fashion,Credit Card,2311.65,2,0.7,5.0,2,0,0.0,1
103732,24875,Books,UPI,2221.57,3,5.4,2.0,3,0,0.0,0
103733,22885,Electronics,Debit Card,361.66,4,13.3,3.0,3,1,0.333,1
103734,23455,Electronics,COD,252.85,1,36.6,4.0,3,2,0.667,1
103735,23157,Fashion,UPI,837.12,6,19.6,8.0,3,2,0.667,1
103736,21663,Electronics,UPI,381.9,2,2.3,3.0,6,0,0.0,0
103737,23839,Home,UPI,534.14,7,3.9,5.0,5,1,0.2,0
103738,24546,Beauty,Credit Card,1431.46,7,17.3,3.0,0,0,0.0,0
103739,28455,Beauty,Debit Card,1439.95,3,7.7,3.0,4,2,0.5,1
103740,21637,Home,UPI,965.28,1,9.5,2.0,4,1,0.25,0
103741,25876,Books,Credit Card,709.54,3,11.3,6.0,6,2,0.333,0
103742,24385,Beauty,Credit Card,1133.13,6,1.3,2.0,13,0,0.0,0
103743,20832,Beauty,COD,674.12,1,23.3,7.0,2,0,0.0,1
103744,26404,Fashion,UPI,1140.96,5,23.9,6.0,3,1,0.333,0
103745,24172,Fashion,Credit Card,1771.37,4,7.6,5.0,5,0,0.0,0
103746,24761,Fashion,UPI,1410.03,4,11.8,7.0,3,1,0.333,0
103747,23629,Home,COD,614.49,2,12.9,12.0,3,1,0.333,0
103748,21577,Electronics,Debit Card,399.71,5,2.5,6.0,4,0,0.0,0
103749,27914,Electronics,Credit Card,2677.31,4,1.4,3.0,1,1,1.0,1
103750,28997,Beauty,Wallet,954.61,7,0.3,8.0,8,0,0.0,0
103751,24507,Beauty,Debit Card,954.42,2,29.3,5.0,8,1,0.125,0
103752,28777,Books,Credit Card,298.67,3,5.1,10.0,5,2,0.4,0
103753,27278,Electronics,Debit Card,764.93,2,1.1,4.0,4,0,0.0,0
103754,26795,Home,COD,817.89,2,7.5,8.0,6,1,0.167,1
103755,23793,Fashion,Credit Card,1190.71,4,0.9,5.0,1,0,0.0,0
103756,22148,Fashion,Credit Card,7427.87,5,1.1,11.0,4,0,0.0,0
103757,24186,Fashion,Credit Card,527.37,2,8.1,4.0,1,0,0.0,0
103758,23883,Electronics,Wallet,1782.1,4,8.5,12.0,4,1,0.25,1
103759,20464,Electronics,Credit Card,1972.18,7,10.4,6.0,2,1,0.5,1
103760,20705,Beauty,UPI,512.55,2,12.8,7.0,2,0,0.0,1
103761,25824,Fashion,Wallet,1248.85,2,13.2,9.0,4,1,0.25,1
103762,28233,Home,Credit Card,854.67,3,6.8,3.0,2,0,0.0,0
103763,20556,Electronics,Wallet,2255.27,6,12.4,7.0,7,5,0.714,0
103764,24561,Fashion,Wallet,3059.12,3,4.4,4.0,4,3,0.75,1
103765,25719,Electronics,COD,843.07,2,7.0,5.0,4,1,0.25,1
103766,24832,Fashion,Credit Card,920.09,4,6.0,5.0,5,2,0.4,0
103767,26122,Home,UPI,1447.38,2,4.8,6.0,1,0,0.0,0
103768,21719,Electronics,COD,1258.9,1,3.3,6.0,2,0,0.0,0
103769,25049,Fashion,Wallet,555.21,3,1.0,4.0,4,1,0.25,1
103770,26691,Fashion,Credit Card,718.76,3,8.5,5.0,8,0,0.0,0
103771,26238,Electronics,COD,1414.54,3,9.2,1.0,7,1,0.143,1
103772,20083,Books,Debit Card,871.39,3,4.9,7.0,5,0,0.0,0
103773,23429,Electronics,Credit Card,614.34,4,44.7,9.0,4,1,0.25,1
103774,27067,Home,Debit Card,1992.95,7,9.8,5.0,0,0,0.0,0
103775,27626,Home,COD,1411.21,3,26.4,1.0,6,0,0.0,0
103776,26746,Books,Debit Card,891.15,4,10.1,7.0,3,0,0.0,0
103777,23911,Beauty,UPI,978.59,3,2.5,3.0,7,1,0.143,0
103778,23156,Home,Wallet,667.38,3,44.1,5.0,3,2,0.667,1
103779,22357,Home,Debit Card,399.19,2,26.0,7.0,2,0,0.0,0
103780,24772,Beauty,UPI,808.28,4,7.6,6.0,3,1,0.333,0
103781,20563,Electronics,Debit Card,1272.93,5,3.3,7.0,2,0,0.0,0
103782,25190,Electronics,Debit Card,389.26,3,3.0,5.0,3,0,0.0,0
103783,20053,Fashion,UPI,731.35,3,19.7,5.0,5,0,0.0,0
103784,27969,Beauty,Wallet,994.27,3,0.9,7.0,5,0,0.0,0
103785,24930,Beauty,UPI,2493.68,5,12.2,5.0,7,0,0.0,0
103786,25421,Fashion,COD,902.88,4,12.3,3.0,5,0,0.0,1
103787,24228,Home,Credit Card,515.74,4,2.4,6.0,5,1,0.2,0
103788,21874,Electronics,Credit Card,679.11,2,14.6,3.0,4,1,0.25,1
103789,25353,Fashion,UPI,671.4,3,14.7,5.0,2,0,0.0,0
103790,22945,Books,Credit Card,1516.95,4,5.2,2.0,9,2,0.222,0
103791,22757,Fashion,Credit Card,994.24,5,7.9,4.0,6,0,0.0,0
103792,28446,Fashion,UPI,151.45,2,21.5,4.0,5,0,0.0,1
103793,28294,Home,Credit Card,4988.92,1,8.9,3.0,4,0,0.0,0
103794,25581,Home,Credit Card,838.82,2,11.6,7.0,7,2,0.286,0
103795,20275,Fashion,UPI,1149.02,4,6.4,7.0,4,1,0.25,0
103796,24608,Home,UPI,482.93,5,1.9,8.0,5,0,0.0,0
103797,24454,Electronics,Wallet,226.16,1,60.0,5.0,3,0,0.0,0
103798,20947,Fashion,UPI,1030.68,4,9.1,4.0,3,1,0.333,1
103799,22164,Fashion,Debit Card,1998.83,9,4.9,7.0,3,0,0.0,1
103800,27581,Home,Wallet,1173.61,2,15.0,5.0,3,0,0.0,1
103801,22355,Fashion,COD,888.06,2,11.6,5.0,4,0,0.0,0
103802,21034,Books,Credit Card,378.04,2,3.2,1.0,3,0,0.0,0
103803,25999,Beauty,Credit Card,209.9,3,25.1,7.0,7,3,0.429,0
103804,27588,Books,UPI,512.79,1,0.9,6.0,2,0,0.0,0
103805,23003,Fashion,UPI,1045.83,7,11.2,5.0,6,2,0.333,1
103806,20596,Books,COD,442.2,3,7.8,7.0,3,0,0.0,0
103807,23736,Electronics,UPI,1790.02,4,4.6,6.0,7,1,0.143,0
103808,27555,Electronics,UPI,423.18,4,21.0,3.0,5,2,0.4,1
103809,26038,Fashion,Wallet,1931.52,6,12.8,5.0,5,1,0.2,1
103810,28837,Fashion,UPI,467.34,4,17.1,3.0,5,1,0.2,1
103811,23391,Home,Credit Card,1022.25,3,6.4,8.0,3,1,0.333,0
103812,28407,Electronics,COD,1651.92,3,34.3,7.0,7,5,0.714,1
103813,26713,Fashion,Credit Card,770.12,3,5.1,3.0,3,0,0.0,0
103814,27271,Home,COD,2122.87,2,9.1,6.0,3,0,0.0,1
103815,24464,Fashion,Wallet,1721.12,1,32.6,6.0,4,0,0.0,0
103816,27712,Home,UPI,887.92,2,1.0,3.0,4,2,0.5,0
103817,27129,Electronics,UPI,1305.23,3,1.4,5.0,5,0,0.0,1
103818,25784,Beauty,Debit Card,1455.35,2,60.0,7.0,9,5,0.556,1
103819,28611,Beauty,Debit Card,1307.62,3,42.6,7.0,2,0,0.0,0
103820,23939,Electronics,Debit Card,1001.16,2,17.7,10.0,2,1,0.5,0
103821,20543,Electronics,UPI,562.35,2,7.9,5.0,2,1,0.5,0
103822,20989,Electronics,COD,342.71,3,8.5,4.0,5,1,0.2,0
103823,20090,Beauty,UPI,473.0,4,3.6,6.0,3,0,0.0,0
103824,25363,Electronics,Credit Card,4548.57,4,6.8,5.0,3,0,0.0,0
103825,23151,Fashion,Debit Card,660.82,1,6.8,4.0,4,2,0.5,0
103826,26717,Fashion,COD,1151.1,6,0.4,3.0,4,0,0.0,0
103827,23145,Electronics,Debit Card,2846.59,6,7.2,1.0,3,0,0.0,0
103828,27890,Electronics,UPI,601.62,3,7.8,7.0,3,1,0.333,0
103829,28145,Beauty,COD,1545.36,4,13.2,1.0,1,0,0.0,0
103830,20757,Fashion,UPI,1275.42,5,8.7,3.0,4,0,0.0,0
103831,25966,Electronics,Debit Card,717.67,1,23.7,6.0,4,4,1.0,1
103832,28551,Beauty,COD,629.38,2,5.5,4.0,6,0,0.0,1
103833,27100,Beauty,Credit Card,610.53,4,6.3,10.0,5,1,0.2,0
103834,28114,Electronics,Wallet,664.76,4,10.2,2.0,3,0,0.0,0
103835,21817,Electronics,Credit Card,589.32,3,2.7,10.0,1,0,0.0,1
103836,22304,Electronics,Credit Card,543.6,1,6.0,8.0,5,1,0.2,1
103837,22460,Books,COD,478.68,5,13.9,7.0,5,0,0.0,0
103838,28863,Fashion,Credit Card,364.35,2,6.4,8.0,4,0,0.0,1
103839,28043,Books,UPI,835.38,2,28.5,6.0,3,0,0.0,0
103840,27395,Home,COD,1235.55,6,11.5,1.0,4,2,0.5,0
103841,21286,Electronics,COD,1364.93,5,2.0,6.0,4,0,0.0,0
103842,24412,Fashion,Wallet,530.05,1,8.0,2.0,4,0,0.0,0
103843,20435,Electronics,Debit Card,4275.59,3,17.4,4.0,3,0,0.0,0
103844,22032,Electronics,UPI,1175.2,4,12.4,5.0,7,0,0.0,1
103845,26251,Fashion,Credit Card,613.47,2,26.0,3.0,5,3,0.6,1
103846,20935,Home,Debit Card,818.32,2,16.6,7.0,6,1,0.167,1
103847,25696,Books,COD,2008.45,4,0.8,5.0,0,0,0.0,0
103848,23440,Home,Debit Card,1057.19,4,1.4,6.0,3,0,0.0,0
103849,27378,Home,UPI,1422.46,3,12.6,5.0,6,2,0.333,1
103850,24415,Fashion,UPI,690.65,1,3.3,5.0,9,3,0.333,1
103851,21622,Electronics,UPI,914.98,4,10.6,3.0,3,0,0.0,0
103852,27280,Fashion,Wallet,582.03,1,18.9,2.0,1,1,1.0,1
103853,21553,Home,Credit Card,2010.07,2,10.3,5.0,3,0,0.0,0
103854,23960,Books,UPI,1408.9,5,6.4,3.0,8,2,0.25,0
103855,20110,Home,COD,602.77,4,12.5,8.0,3,0,0.0,1
103856,22794,Fashion,Debit Card,899.14,4,1.9,2.0,3,1,0.333,0
103857,28195,Electronics,Credit Card,216.59,2,15.4,10.0,3,1,0.333,1
103858,23821,Home,UPI,1182.74,4,14.3,6.0,6,0,0.0,0
103859,26377,Electronics,Debit Card,1692.24,2,8.7,5.0,5,0,0.0,0
103860,23387,Beauty,Credit Card,243.51,1,3.9,4.0,3,3,1.0,1
103861,27348,Beauty,COD,842.53,2,19.2,6.0,4,1,0.25,0
103862,23606,Home,UPI,1703.71,3,8.6,5.0,3,0,0.0,1
103863,21883,Electronics,Wallet,1815.27,3,0.7,6.0,5,3,0.6,1
103864,24195,Fashion,COD,2624.38,5,30.1,7.0,4,0,0.0,1
103865,20391,Fashion,UPI,355.03,4,17.5,6.0,7,0,0.0,0
103866,23623,Electronics,Credit Card,1276.99,3,10.5,8.0,1,0,0.0,0
103867,23649,Electronics,Debit Card,540.52,6,6.9,6.0,4,1,0.25,1
103868,24171,Home,Credit Card,668.96,5,38.6,3.0,5,1,0.2,0
103869,27452,Home,Wallet,1543.76,3,17.9,,3,1,0.333,0
103870,20364,Fashion,Credit Card,1037.05,3,9.2,5.0,3,1,0.333,1
103871,22498,Electronics,Debit Card,842.02,1,12.7,5.0,2,0,0.0,0
103872,24717,Fashion,UPI,540.14,3,4.0,9.0,6,1,0.167,1
103873,27508,Fashion,Credit Card,2636.77,4,2.6,5.0,5,2,0.4,0
103874,27833,Beauty,Credit Card,823.04,1,3.8,6.0,6,1,0.167,0
103875,28154,Fashion,UPI,1313.11,2,4.2,7.0,3,0,0.0,0
103876,26202,Electronics,Credit Card,402.81,2,16.2,6.0,6,0,0.0,1
103877,21884,Fashion,Credit Card,2199.51,4,1.8,7.0,3,0,0.0,0
103878,28205,Beauty,Debit Card,780.25,3,18.0,3.0,4,0,0.0,0
103879,22770,Home,UPI,754.77,4,8.9,3.0,5,1,0.2,0
103880,22425,Fashion,UPI,1120.86,2,5.8,4.0,5,1,0.2,1
103881,23986,Electronics,Debit Card,1727.87,5,4.3,1.0,3,1,0.333,0
103882,26442,Home,UPI,463.35,2,8.6,5.0,9,3,0.333,0
103883,20195,Books,Debit Card,2644.81,2,4.6,4.0,6,2,0.333,0
103884,24183,Fashion,Wallet,2287.43,2,6.7,6.0,4,0,0.0,0
103885,25299,Beauty,Credit Card,1107.21,2,16.1,4.0,3,0,0.0,0
103886,27757,Books,UPI,1221.15,3,11.8,3.0,6,3,0.5,0
103887,21268,Books,COD,938.65,2,16.5,8.0,2,0,0.0,1
103888,20726,Home,COD,480.45,5,15.0,5.0,6,0,0.0,0
103889,26298,Home,Credit Card,1165.41,4,20.3,7.0,1,0,0.0,1
103890,23595,Electronics,Debit Card,578.09,1,2.7,5.0,6,3,0.5,1
103891,22864,Beauty,UPI,770.89,4,60.0,6.0,4,1,0.25,1
103892,28715,Electronics,Credit Card,904.64,4,7.7,2.0,3,0,0.0,0
103893,21636,Home,COD,291.76,5,15.2,8.0,5,1,0.2,0
103894,20308,Electronics,UPI,398.7,2,13.6,7.0,3,0,0.0,0
103895,27371,Home,UPI,2117.13,5,10.0,5.0,2,1,0.5,1
103896,20688,Beauty,Credit Card,2665.17,3,60.0,6.0,3,0,0.0,1
103897,23375,Fashion,UPI,437.27,2,2.9,7.0,4,2,0.5,1
103898,20764,Beauty,UPI,1215.43,4,6.6,4.0,2,1,0.5,0
103899,20344,Electronics,COD,2784.95,7,1.6,2.0,4,0,0.0,0
103900,23304,Beauty,Credit Card,891.22,5,2.4,4.0,4,3,0.75,1
103901,21283,Electronics,Credit Card,1415.24,3,15.0,5.0,4,1,0.25,0
103902,23776,Electronics,Debit Card,533.64,1,0.1,5.0,6,2,0.333,1
103903,22371,Books,Credit Card,2224.72,4,26.5,8.0,3,1,0.333,1
103904,21488,Fashion,UPI,436.96,3,12.0,3.0,3,1,0.333,0
103905,24104,Beauty,Wallet,486.17,3,7.0,3.0,4,1,0.25,0
103906,24432,Electronics,Debit Card,1288.03,4,4.8,3.0,0,0,0.0,0
103907,23730,Electronics,COD,815.9,2,1.6,6.0,2,0,0.0,1
103908,28084,Electronics,Credit Card,744.55,2,30.5,2.0,8,0,0.0,0
103909,24574,Home,Credit Card,1087.98,2,15.0,7.0,5,2,0.4,1
103910,22395,Electronics,Credit Card,696.68,5,4.9,3.0,4,0,0.0,0
103911,22799,Fashion,Debit Card,338.63,2,0.9,3.0,8,0,0.0,0
103912,26755,Fashion,Wallet,806.81,4,4.7,9.0,5,0,0.0,0
103913,23169,Fashion,Credit Card,964.64,5,2.4,8.0,3,1,0.333,0
103914,28697,Books,UPI,649.58,2,18.5,5.0,3,0,0.0,0
103915,24810,Books,Debit Card,2019.76,3,15.3,2.0,3,0,0.0,0
103916,20442,Electronics,Wallet,1222.71,2,8.3,9.0,1,0,0.0,0
103917,20276,Home,Credit Card,1298.87,3,26.0,5.0,4,0,0.0,0
103918,25322,Electronics,Credit Card,1077.62,3,2.4,6.0,2,0,0.0,0
103919,28006,Home,Credit Card,726.9,3,7.2,7.0,1,0,0.0,0
103920,28678,Beauty,Debit Card,565.06,3,14.9,1.0,3,2,0.667,0
103921,23118,Books,Credit Card,265.52,1,0.8,4.0,5,0,0.0,0
103922,26115,Electronics,COD,507.69,2,5.6,5.0,2,0,0.0,0
103923,23665,Beauty,UPI,530.73,1,10.2,5.0,8,5,0.625,0
103924,24253,Fashion,UPI,608.95,5,5.5,2.0,2,1,0.5,0
103925,27410,Books,UPI,1205.75,4,7.9,6.0,4,1,0.25,0
103926,27633,Fashion,Credit Card,839.36,3,11.2,5.0,6,2,0.333,1
103927,27615,Home,Debit Card,743.17,3,5.5,9.0,5,0,0.0,0
103928,20490,Home,Wallet,1546.1,2,1.3,7.0,5,1,0.2,0
103929,21673,Home,COD,248.83,4,1.8,4.0,3,0,0.0,0
103930,24839,Fashion,COD,1367.93,10,9.0,5.0,3,0,0.0,0
103931,24197,Books,COD,229.95,3,2.3,7.0,7,2,0.286,0
103932,27186,Fashion,Credit Card,888.66,2,26.5,6.0,5,2,0.4,0
103933,21740,Home,Credit Card,1490.12,3,21.6,2.0,3,0,0.0,0
103934,28307,Fashion,Credit Card,541.34,5,5.2,10.0,3,0,0.0,0
103935,23236,Electronics,Debit Card,452.81,3,21.3,3.0,1,0,0.0,0
103936,22712,Electronics,Credit Card,340.47,3,9.1,10.0,3,2,0.667,1
103937,24625,Electronics,Debit Card,979.94,3,2.1,,6,0,0.0,1
103938,22033,Fashion,UPI,768.8,3,11.4,4.0,0,0,0.0,1
103939,21168,Fashion,COD,1030.22,5,13.7,1.0,6,1,0.167,1
103940,22574,Electronics,UPI,976.46,5,1.1,7.0,4,1,0.25,0
103941,28397,Beauty,Wallet,607.28,4,4.5,2.0,4,2,0.5,1
103942,24896,Beauty,Credit Card,1860.18,3,0.1,6.0,4,0,0.0,0
103943,25311,Fashion,Credit Card,641.24,1,4.6,9.0,14,0,0.0,1
103944,28226,Electronics,UPI,598.2,5,4.9,2.0,1,0,0.0,0
103945,27758,Fashion,Debit Card,505.85,2,11.9,7.0,6,0,0.0,0
103946,24747,Fashion,Credit Card,456.38,2,2.7,3.0,6,0,0.0,0
103947,24532,Home,Debit Card,2192.64,3,0.4,7.0,4,0,0.0,0
103948,20938,Home,Credit Card,1668.83,4,4.6,5.0,3,0,0.0,0
103949,26532,Fashion,UPI,1009.54,4,21.0,5.0,8,0,0.0,0
103950,23150,Fashion,Debit Card,3033.52,4,6.1,8.0,6,0,0.0,1
103951,23244,Fashion,UPI,1840.51,2,6.4,6.0,2,1,0.5,0
103952,22024,Beauty,UPI,821.29,3,7.6,3.0,2,0,0.0,0
103953,28147,Books,Debit Card,601.99,2,16.7,9.0,4,1,0.25,1
103954,22241,Fashion,Credit Card,758.91,3,7.8,2.0,1,0,0.0,0
103955,23737,Fashion,Credit Card,532.54,3,1.1,6.0,3,1,0.333,0
103956,20128,Beauty,Debit Card,2179.73,2,2.8,3.0,2,1,0.5,0
103957,28452,Books,UPI,665.72,5,2.5,2.0,4,0,0.0,0
103958,26809,Electronics,COD,1296.67,2,8.5,3.0,3,0,0.0,1
103959,22988,Fashion,UPI,1648.26,4,0.4,5.0,4,1,0.25,0
103960,23415,Fashion,Credit Card,453.54,1,4.0,6.0,6,0,0.0,0
103961,28252,Home,UPI,2794.29,3,11.2,7.0,1,0,0.0,0
103962,22893,Electronics,UPI,370.13,3,5.3,8.0,5,2,0.4,1
103963,28362,Fashion,Debit Card,1038.29,4,14.8,6.0,2,0,0.0,0
103964,21756,Home,UPI,574.3,2,6.0,4.0,5,0,0.0,0
103965,23963,Fashion,Debit Card,1370.5,2,46.5,7.0,4,0,0.0,1
103966,24544,Beauty,UPI,1649.16,6,40.4,4.0,4,1,0.25,1
103967,21826,Electronics,UPI,334.6,3,19.3,1.0,2,0,0.0,0
103968,21294,Fashion,Credit Card,1620.13,2,37.1,7.0,3,0,0.0,1
103969,21105,Home,UPI,1262.16,3,2.7,8.0,1,0,0.0,0
103970,24131,Electronics,Credit Card,506.75,3,16.7,3.0,1,1,1.0,0
103971,25541,Books,Credit Card,764.71,3,4.7,9.0,2,1,0.5,1
103972,26931,Electronics,Wallet,558.24,5,15.5,6.0,5,0,0.0,0
103973,21001,Fashion,Wallet,491.52,1,5.6,6.0,4,0,0.0,0
103974,28098,Home,Credit Card,842.73,2,4.1,4.0,4,1,0.25,0
103975,22890,Fashion,Debit Card,996.18,5,38.3,7.0,4,0,0.0,1
103976,22196,Books,Credit Card,831.2,4,2.8,2.0,3,0,0.0,0
103977,22447,Electronics,Debit Card,358.4,3,17.1,4.0,5,2,0.4,0
103978,25601,Electronics,COD,1490.79,5,13.5,3.0,8,0,0.0,0
103979,23599,Fashion,Wallet,242.72,2,4.3,2.0,6,0,0.0,1
103980,21764,Electronics,UPI,1109.64,4,7.4,7.0,3,2,0.667,1
103981,27331,Beauty,Debit Card,320.48,3,1.9,6.0,5,0,0.0,0
103982,27931,Beauty,UPI,972.25,3,30.5,7.0,4,0,0.0,1
103983,22278,Fashion,Debit Card,542.58,1,41.3,4.0,2,0,0.0,0
103984,26192,Fashion,Wallet,981.01,2,15.8,7.0,7,2,0.286,0
103985,28305,Beauty,COD,1582.37,3,22.7,5.0,5,0,0.0,1
103986,26561,Books,UPI,2042.03,4,1.0,4.0,3,1,0.333,0
103987,21402,Fashion,Debit Card,358.98,3,5.8,4.0,7,0,0.0,0
103988,24324,Electronics,Debit Card,1051.76,4,4.8,1.0,8,1,0.125,0
103989,26906,Electronics,Credit Card,3639.9,4,10.0,8.0,3,0,0.0,0
103990,23505,Beauty,COD,1013.1,3,2.4,7.0,3,0,0.0,0
103991,28107,Fashion,Debit Card,810.03,6,9.9,11.0,5,2,0.4,1
103992,26676,Fashion,Debit Card,519.14,1,12.7,4.0,2,0,0.0,1
103993,22199,Beauty,Debit Card,865.19,4,1.7,4.0,6,0,0.0,0
103994,20651,Fashion,COD,380.2,2,1.7,1.0,1,0,0.0,0
103995,23631,Electronics,Credit Card,1297.29,2,0.4,7.0,2,0,0.0,0
103996,24306,Electronics,COD,1546.51,4,17.2,7.0,8,0,0.0,1
103997,27011,Electronics,COD,244.52,1,4.8,8.0,4,0,0.0,1
103998,24100,Electronics,Wallet,1261.32,6,3.1,3.0,2,1,0.5,0
103999,20714,Electronics,Debit Card,671.44,3,18.1,7.0,4,0,0.0,0
104000,23891,Fashion,Credit Card,360.81,3,1.9,4.0,4,1,0.25,1
104001,26391,Home,Debit Card,329.53,2,6.7,8.0,2,1,0.5,1
104002,26987,Beauty,Debit Card,441.3,3,16.4,6.0,4,0,0.0,0
104003,26479,Beauty,Credit Card,1175.75,5,10.2,2.0,2,0,0.0,0
104004,21614,Fashion,UPI,1013.44,6,9.7,5.0,2,0,0.0,0
104005,21449,Fashion,Debit Card,306.28,1,2.1,1.0,1,0,0.0,0
104006,28818,Fashion,COD,430.47,1,2.4,2.0,4,1,0.25,0
104007,25760,Electronics,Credit Card,1206.04,2,10.5,3.0,4,0,0.0,1
104008,23188,Electronics,UPI,1168.32,3,0.3,4.0,2,0,0.0,0
104009,21121,Home,COD,1986.78,4,24.4,4.0,2,2,1.0,1
104010,28993,Fashion,COD,671.55,2,5.2,5.0,8,1,0.125,0
104011,28044,Fashion,COD,2848.88,4,6.5,5.0,5,1,0.2,1
104012,26262,Electronics,UPI,671.05,1,3.6,5.0,3,0,0.0,0
104013,26503,Home,Wallet,703.42,3,25.1,6.0,4,1,0.25,1
104014,20222,Fashion,Debit Card,997.33,3,12.3,2.0,4,1,0.25,1
104015,21847,Home,UPI,515.07,4,7.2,5.0,3,0,0.0,0
104016,26970,Fashion,Credit Card,784.93,3,10.6,8.0,3,2,0.667,1
104017,21660,Beauty,Credit Card,1409.7,4,5.7,5.0,4,0,0.0,0
104018,23016,Beauty,Credit Card,2079.65,7,7.5,6.0,4,3,0.75,1
104019,24587,Fashion,Credit Card,952.05,5,5.3,6.0,2,0,0.0,0
104020,28886,Fashion,Credit Card,5616.6,4,6.3,7.0,6,1,0.167,0
104021,24677,Electronics,Credit Card,694.54,2,4.5,6.0,4,0,0.0,0
104022,21406,Fashion,Credit Card,444.83,5,1.0,7.0,4,0,0.0,1
104023,24628,Home,Wallet,1953.28,3,0.5,6.0,2,0,0.0,0
104024,21369,Beauty,Credit Card,1357.75,3,2.3,6.0,2,0,0.0,1
104025,21762,Home,UPI,1083.9,3,3.5,6.0,3,2,0.667,1
104026,21942,Beauty,Credit Card,713.62,3,26.5,3.0,7,0,0.0,1
104027,25103,Electronics,Wallet,975.14,2,11.3,2.0,3,0,0.0,0
104028,21560,Fashion,COD,2034.46,2,38.1,4.0,4,0,0.0,1
104029,22145,Home,UPI,1064.53,3,5.0,8.0,5,0,0.0,0
104030,24488,Electronics,UPI,504.06,5,6.2,5.0,2,1,0.5,0
104031,26387,Home,Credit Card,137.16,4,15.3,6.0,7,2,0.286,0
104032,27840,Fashion,Wallet,685.9,1,10.4,1.0,3,0,0.0,0
104033,22771,Fashion,COD,673.96,5,9.0,5.0,2,0,0.0,1
104034,22865,Books,COD,725.42,2,10.3,5.0,6,0,0.0,0
104035,24752,Fashion,UPI,670.28,4,10.5,1.0,2,0,0.0,0
104036,26073,Books,Debit Card,642.01,4,17.4,6.0,3,1,0.333,0
104037,24751,Books,COD,486.58,2,13.2,,7,2,0.286,0
104038,27052,Beauty,Debit Card,629.16,3,37.8,3.0,6,0,0.0,1
104039,25477,Home,UPI,2295.48,7,35.5,7.0,6,1,0.167,0
104040,23213,Home,Credit Card,1536.61,4,6.6,5.0,2,0,0.0,0
104041,21264,Beauty,Wallet,456.92,3,0.4,4.0,8,3,0.375,1
104042,22849,Fashion,Credit Card,572.55,4,0.1,4.0,2,2,1.0,0
104043,28399,Electronics,Credit Card,966.85,2,1.6,4.0,4,0,0.0,0
104044,22215,Home,UPI,1448.2,2,0.9,5.0,5,0,0.0,0
104045,26295,Electronics,COD,1014.64,1,5.6,2.0,6,0,0.0,0
104046,20366,Electronics,UPI,730.8,6,0.7,7.0,5,0,0.0,0
104047,21217,Electronics,Credit Card,2204.61,5,11.8,2.0,6,0,0.0,0
104048,26042,Home,Credit Card,375.17,4,2.5,1.0,2,0,0.0,0
104049,23329,Beauty,COD,1078.14,5,8.7,7.0,2,0,0.0,1
104050,27007,Fashion,Wallet,1263.35,3,1.3,4.0,3,0,0.0,0
104051,28793,Books,COD,156.45,1,21.1,5.0,4,0,0.0,0
104052,24389,Home,Debit Card,3823.27,4,18.2,6.0,3,0,0.0,0
104053,28651,Beauty,Wallet,2090.84,3,5.9,3.0,4,0,0.0,0
104054,20478,Home,Debit Card,1135.44,2,29.0,5.0,4,1,0.25,1
104055,23213,Beauty,UPI,528.63,3,2.5,6.0,4,2,0.5,0
104056,22793,Fashion,Debit Card,905.46,3,20.2,9.0,4,0,0.0,0
104057,22205,Beauty,Debit Card,1515.59,3,9.5,4.0,8,0,0.0,0
104058,23000,Fashion,COD,277.66,1,4.8,4.0,6,4,0.667,1
104059,23605,Beauty,UPI,977.37,4,1.1,6.0,5,1,0.2,1
104060,21340,Books,Debit Card,2487.88,7,2.3,5.0,6,0,0.0,0
104061,27968,Fashion,Credit Card,496.69,5,23.8,5.0,5,2,0.4,1
104062,21181,Fashion,Credit Card,940.14,2,11.2,9.0,4,0,0.0,0
104063,23627,Beauty,UPI,424.9,5,3.2,1.0,3,0,0.0,0
104064,21799,Fashion,Credit Card,618.22,4,8.2,2.0,7,3,0.429,1
104065,28832,Beauty,Credit Card,568.96,2,1.4,1.0,4,0,0.0,0
104066,23122,Fashion,UPI,1048.07,2,1.2,8.0,4,1,0.25,0
104067,25551,Fashion,UPI,619.45,3,28.6,6.0,3,0,0.0,0
104068,21647,Books,COD,1312.97,5,7.3,2.0,3,1,0.333,1
104069,21342,Home,UPI,721.12,4,5.4,5.0,4,0,0.0,1
104070,23660,Beauty,COD,686.04,3,35.7,5.0,7,4,0.571,0
104071,22136,Electronics,Wallet,1997.6,3,6.1,1.0,8,0,0.0,0
104072,28103,Home,COD,273.11,1,4.9,5.0,7,1,0.143,1
104073,22008,Home,UPI,1214.47,2,3.8,2.0,8,1,0.125,0
104074,20572,Home,Debit Card,769.65,2,10.0,7.0,8,0,0.0,0
104075,27405,Home,Wallet,667.79,3,9.8,2.0,5,0,0.0,1
104076,21267,Home,Credit Card,524.6,4,0.2,5.0,4,0,0.0,0
104077,23717,Electronics,Credit Card,474.17,3,12.7,8.0,3,0,0.0,0
104078,26543,Fashion,Debit Card,605.54,3,18.6,7.0,4,1,0.25,1
104079,26715,Beauty,Credit Card,703.83,2,11.5,6.0,5,0,0.0,0
104080,22940,Fashion,Wallet,1564.39,4,24.5,5.0,7,1,0.143,0
104081,20426,Home,UPI,643.18,2,3.9,2.0,5,2,0.4,0
104082,22484,Fashion,UPI,946.87,4,2.6,4.0,3,1,0.333,1
104083,26105,Home,UPI,896.87,3,14.3,5.0,5,0,0.0,0
104084,22133,Home,Debit Card,1449.85,4,2.5,4.0,9,4,0.444,0
104085,25978,Fashion,Credit Card,1603.64,4,1.1,2.0,3,0,0.0,1
104086,24879,Fashion,UPI,580.39,6,1.2,6.0,4,2,0.5,1
104087,23277,Fashion,UPI,919.57,4,17.6,2.0,6,0,0.0,0
104088,23798,Home,Debit Card,1608.43,2,0.3,8.0,2,0,0.0,0
104089,21304,Beauty,COD,247.23,1,4.1,5.0,5,0,0.0,1
104090,27955,Fashion,Credit Card,805.26,2,1.7,7.0,4,0,0.0,0
104091,27689,Home,Credit Card,695.11,2,16.9,,5,4,0.8,0
104092,27302,Electronics,Credit Card,775.22,4,8.4,10.0,3,1,0.333,0
104093,25709,Electronics,Debit Card,1414.41,1,2.8,5.0,2,1,0.5,1
104094,23144,Books,COD,556.74,1,16.7,4.0,3,2,0.667,1
104095,20512,Electronics,COD,1906.95,2,16.7,4.0,1,0,0.0,0
104096,25839,Electronics,Debit Card,1092.83,4,8.9,8.0,10,0,0.0,1
104097,27395,Fashion,UPI,1758.18,6,3.9,2.0,2,0,0.0,0
104098,26826,Fashion,UPI,770.33,4,10.6,3.0,4,0,0.0,1
104099,26002,Fashion,Credit Card,671.59,3,32.5,6.0,4,1,0.25,1
104100,25273,Fashion,Credit Card,984.55,2,0.6,5.0,3,1,0.333,0
104101,27465,Home,Wallet,1724.17,6,3.7,7.0,5,0,0.0,0
104102,24421,Electronics,UPI,779.61,1,4.0,2.0,2,1,0.5,0
104103,22685,Electronics,Wallet,1182.41,3,12.0,,5,1,0.2,0
104104,26417,Fashion,Debit Card,488.48,4,12.6,5.0,8,0,0.0,0
104105,22961,Fashion,UPI,750.62,5,2.8,3.0,5,3,0.6,1
104106,24342,Home,Credit Card,2027.76,5,2.9,7.0,3,0,0.0,0
104107,23298,Books,Credit Card,168.16,1,31.6,5.0,3,1,0.333,1
104108,27112,Fashion,UPI,1451.4,5,16.9,5.0,3,0,0.0,0
104109,28845,Beauty,Debit Card,509.22,1,32.7,3.0,3,0,0.0,0
104110,22873,Home,Credit Card,1570.35,3,21.2,4.0,3,1,0.333,0
104111,28579,Home,Credit Card,1398.45,4,6.2,3.0,6,1,0.167,0
104112,23032,Electronics,Credit Card,731.25,4,1.6,7.0,3,0,0.0,0
104113,22444,Fashion,UPI,711.62,4,11.9,7.0,9,0,0.0,0
104114,24146,Fashion,Debit Card,974.78,6,5.2,9.0,5,0,0.0,1
104115,21511,Home,Credit Card,771.27,1,6.6,6.0,6,0,0.0,0
104116,21997,Electronics,Credit Card,273.64,4,6.7,4.0,5,0,0.0,1
104117,28117,Books,Credit Card,1197.0,4,33.1,4.0,5,0,0.0,0
104118,23482,Electronics,UPI,641.19,4,0.9,6.0,6,0,0.0,0
104119,28859,Fashion,Credit Card,863.57,2,2.6,5.0,5,1,0.2,0
104120,21359,Home,COD,1771.63,7,11.2,5.0,1,0,0.0,0
104121,20520,Fashion,Credit Card,347.9,3,25.8,4.0,2,0,0.0,1
104122,26052,Electronics,Credit Card,475.27,1,30.0,8.0,4,1,0.25,1
104123,24857,Home,COD,1035.51,3,9.8,4.0,8,1,0.125,0
104124,20990,Books,UPI,574.08,1,0.4,8.0,3,0,0.0,0
104125,21860,Beauty,Credit Card,1012.14,4,5.4,5.0,2,0,0.0,0
104126,24397,Home,COD,370.2,2,30.1,4.0,4,0,0.0,0
104127,28404,Home,Debit Card,496.77,3,8.3,3.0,8,1,0.125,0
104128,22546,Books,COD,412.6,3,15.6,5.0,2,0,0.0,0
104129,24530,Fashion,UPI,1697.9,5,3.8,6.0,4,0,0.0,0
104130,28768,Fashion,UPI,1244.56,6,0.3,4.0,6,0,0.0,0
104131,23205,Fashion,Wallet,527.92,1,10.4,7.0,8,1,0.125,0
104132,28507,Fashion,Credit Card,391.45,4,21.6,4.0,4,1,0.25,1
104133,20477,Home,UPI,924.4,3,55.6,5.0,2,1,0.5,1
104134,24498,Home,Debit Card,1592.93,4,22.5,2.0,8,1,0.125,0
104135,23774,Home,Credit Card,360.7,4,9.7,,1,0,0.0,1
104136,21933,Fashion,Credit Card,789.9,4,11.3,4.0,3,1,0.333,0
104137,26124,Home,Credit Card,300.17,2,20.9,8.0,2,0,0.0,0
104138,25449,Electronics,UPI,732.99,3,0.2,7.0,4,2,0.5,1
104139,26133,Home,UPI,448.53,2,36.4,5.0,4,1,0.25,0
104140,21552,Home,UPI,684.4,1,9.1,8.0,5,0,0.0,0
104141,27609,Electronics,Credit Card,1205.55,4,36.5,6.0,9,1,0.111,0
104142,28445,Fashion,Debit Card,2363.86,4,17.4,7.0,2,0,0.0,1
104143,24262,Fashion,Wallet,913.11,3,2.0,3.0,3,0,0.0,0
104144,20589,Beauty,Debit Card,667.2,1,2.2,6.0,6,0,0.0,0
104145,24652,Books,UPI,674.98,3,5.2,6.0,5,0,0.0,0
104146,22428,Home,COD,688.17,6,3.7,2.0,3,1,0.333,1
104147,27546,Fashion,COD,1797.23,4,6.9,8.0,5,1,0.2,1
104148,26924,Electronics,UPI,1148.2,1,11.1,2.0,3,0,0.0,1
104149,28986,Home,COD,1663.27,4,6.9,2.0,3,1,0.333,0
104150,21694,Beauty,Debit Card,1020.49,3,0.7,1.0,4,3,0.75,1
104151,25143,Fashion,COD,678.76,5,44.6,6.0,8,2,0.25,1
104152,23822,Fashion,Credit Card,1527.75,2,6.6,1.0,3,0,0.0,1
104153,26322,Home,Debit Card,1335.43,3,22.9,4.0,5,1,0.2,0
104154,24955,Electronics,Credit Card,3178.72,3,0.9,7.0,2,0,0.0,0
104155,28521,Fashion,COD,471.85,3,19.9,5.0,4,0,0.0,0
104156,21697,Fashion,Debit Card,1292.22,2,2.3,4.0,2,0,0.0,0
104157,20530,Electronics,Credit Card,1692.87,5,13.7,2.0,4,0,0.0,1
104158,21421,Beauty,Credit Card,991.78,5,13.0,5.0,3,0,0.0,0
104159,26773,Books,Wallet,1745.64,2,28.9,7.0,3,0,0.0,0
104160,26631,Home,COD,1386.52,4,4.6,7.0,4,0,0.0,0
104161,21845,Electronics,UPI,438.97,2,1.4,9.0,3,0,0.0,0
104162,24486,Fashion,UPI,878.58,3,24.0,4.0,3,0,0.0,0
104163,24241,Electronics,Debit Card,616.36,4,4.8,2.0,5,0,0.0,0
104164,28714,Electronics,Debit Card,712.08,3,3.2,6.0,6,0,0.0,1
104165,21712,Home,Wallet,1174.82,2,8.0,5.0,7,1,0.143,0
104166,24841,Electronics,Credit Card,1707.65,3,1.9,5.0,3,2,0.667,1
104167,26505,Fashion,Debit Card,1243.74,4,4.2,3.0,3,0,0.0,0
104168,25681,Fashion,Debit Card,601.4,3,5.8,1.0,1,0,0.0,0
104169,27359,Electronics,Debit Card,684.69,1,3.9,3.0,3,0,0.0,0
104170,21126,Fashion,Debit Card,840.54,1,7.2,6.0,2,0,0.0,1
104171,23454,Fashion,UPI,235.88,2,5.8,6.0,4,0,0.0,0
104172,24477,Books,Credit Card,1011.5,3,17.9,7.0,8,0,0.0,0
104173,27978,Electronics,UPI,687.09,2,30.1,6.0,4,2,0.5,1
104174,27077,Electronics,Credit Card,1930.19,4,1.3,7.0,1,0,0.0,0
104175,23799,Beauty,Credit Card,970.67,2,20.8,7.0,3,0,0.0,0
104176,28568,Books,Credit Card,1783.78,6,32.2,5.0,3,1,0.333,0
104177,25828,Home,COD,576.76,2,13.9,5.0,4,0,0.0,1
104178,27434,Beauty,Debit Card,944.16,3,60.0,1.0,1,0,0.0,1
104179,28008,Electronics,UPI,1356.66,2,4.9,4.0,3,1,0.333,0
104180,21919,Electronics,UPI,1047.56,4,21.3,4.0,3,1,0.333,0
104181,27355,Electronics,UPI,1352.24,5,13.4,5.0,5,0,0.0,0
104182,21168,Home,Debit Card,375.3,3,4.7,3.0,5,0,0.0,0
104183,21386,Home,Debit Card,905.22,3,14.6,7.0,4,0,0.0,0
104184,26258,Electronics,Debit Card,230.3,2,8.6,3.0,4,0,0.0,1
104185,27898,Fashion,UPI,893.4,5,2.5,7.0,2,0,0.0,1
104186,28833,Home,Debit Card,800.06,2,2.3,3.0,7,0,0.0,0
104187,21766,Fashion,COD,1929.35,5,15.0,4.0,1,0,0.0,0
104188,25938,Home,COD,517.91,3,14.9,4.0,1,0,0.0,0
104189,26677,Home,Credit Card,1523.75,5,9.1,4.0,3,2,0.667,1
104190,27629,Home,Credit Card,1858.77,2,8.4,8.0,2,0,0.0,1
104191,21501,Beauty,UPI,642.17,3,2.4,4.0,5,3,0.6,0
104192,26497,Beauty,Debit Card,430.49,4,6.7,4.0,1,0,0.0,0
104193,25365,Electronics,Credit Card,1448.99,5,24.6,3.0,5,3,0.6,1
104194,23427,Home,COD,652.42,6,23.1,4.0,4,0,0.0,0
104195,21369,Home,Credit Card,471.15,2,13.0,5.0,5,0,0.0,1
104196,24299,Fashion,Wallet,947.67,1,60.0,5.0,1,0,0.0,1
104197,23444,Fashion,UPI,3755.06,5,26.8,,3,2,0.667,1
104198,26799,Fashion,COD,517.44,3,1.9,7.0,9,1,0.111,0
104199,27134,Electronics,Credit Card,494.78,2,6.1,6.0,4,0,0.0,0
104200,23569,Home,Credit Card,935.23,5,1.7,2.0,4,0,0.0,0
104201,28888,Beauty,UPI,392.02,1,7.5,5.0,5,1,0.2,1
104202,26310,Fashion,Credit Card,3474.21,4,18.0,4.0,5,1,0.2,1
104203,27398,Fashion,Debit Card,560.17,2,2.0,6.0,5,2,0.4,1
104204,28864,Books,Debit Card,747.44,3,25.5,5.0,4,1,0.25,0
104205,25341,Fashion,Credit Card,2030.99,2,10.1,7.0,4,0,0.0,0
104206,23580,Electronics,Credit Card,1721.11,5,16.6,3.0,2,0,0.0,0
104207,21142,Home,COD,1391.47,2,0.6,5.0,4,0,0.0,1
104208,26565,Electronics,Credit Card,774.5,6,1.2,3.0,6,1,0.167,1
104209,25987,Fashion,Credit Card,792.38,4,11.6,5.0,5,0,0.0,0
104210,24775,Fashion,UPI,412.71,2,21.9,2.0,4,0,0.0,0
104211,21596,Fashion,Wallet,1525.48,3,24.8,6.0,3,0,0.0,0
104212,28953,Home,Debit Card,1135.86,1,14.0,5.0,5,3,0.6,1
104213,27658,Electronics,Credit Card,537.38,2,2.7,5.0,8,1,0.125,0
104214,26225,Fashion,UPI,758.06,3,2.6,7.0,2,0,0.0,0
104215,20486,Home,Wallet,778.22,3,25.6,5.0,1,0,0.0,1
104216,20505,Beauty,COD,215.22,1,1.4,2.0,6,0,0.0,0
104217,27183,Fashion,UPI,514.03,2,13.9,4.0,4,1,0.25,0
104218,24883,Electronics,Debit Card,1500.07,3,9.2,5.0,6,1,0.167,0
104219,20098,Home,UPI,455.47,2,6.6,4.0,4,0,0.0,0
104220,28403,Fashion,Credit Card,814.33,2,7.0,5.0,6,1,0.167,0
104221,21211,Electronics,UPI,430.31,3,34.9,9.0,1,0,0.0,0
104222,25671,Home,UPI,865.15,3,23.7,5.0,4,1,0.25,1
104223,25868,Beauty,Wallet,549.26,2,24.0,6.0,4,1,0.25,0
104224,27396,Beauty,Credit Card,453.19,3,6.3,1.0,4,1,0.25,0
104225,22073,Home,Credit Card,1237.45,2,1.4,7.0,7,2,0.286,0
104226,21966,Home,UPI,1810.08,4,60.0,11.0,3,0,0.0,1
104227,24143,Electronics,UPI,680.61,5,1.9,8.0,4,1,0.25,0
104228,22109,Home,COD,956.65,4,8.7,4.0,1,0,0.0,0
104229,26031,Electronics,Credit Card,1118.49,4,3.7,10.0,5,1,0.2,1
104230,26558,Fashion,Credit Card,366.61,4,8.6,5.0,2,0,0.0,0
104231,25338,Home,UPI,407.91,3,4.4,6.0,6,0,0.0,1
104232,28155,Home,Debit Card,2356.46,4,27.3,4.0,5,3,0.6,0
104233,23261,Electronics,COD,574.83,4,41.4,4.0,1,1,1.0,1
104234,26907,Books,Debit Card,1158.53,1,6.3,1.0,4,0,0.0,0
104235,24723,Fashion,COD,485.85,4,0.9,7.0,3,1,0.333,0
104236,21553,Electronics,UPI,1400.53,3,13.1,4.0,3,0,0.0,0
104237,25356,Fashion,COD,638.93,2,5.7,5.0,4,0,0.0,0
104238,27934,Beauty,Debit Card,851.37,3,51.2,6.0,4,0,0.0,0
104239,28669,Home,COD,3316.64,4,1.1,4.0,5,1,0.2,1
104240,26022,Electronics,Credit Card,444.43,3,1.5,6.0,7,0,0.0,0
104241,21994,Home,UPI,1347.74,3,14.4,8.0,3,1,0.333,1
104242,26364,Electronics,Credit Card,1518.14,4,17.1,6.0,5,3,0.6,0
104243,27906,Beauty,Debit Card,8150.96,4,7.6,5.0,7,4,0.571,0
104244,24070,Electronics,Debit Card,494.24,3,3.9,5.0,5,2,0.4,0
104245,28204,Electronics,Credit Card,836.42,5,4.4,5.0,2,0,0.0,0
104246,25021,Books,Wallet,1777.03,4,4.9,3.0,5,0,0.0,0
104247,26403,Fashion,Credit Card,965.83,4,3.1,5.0,5,2,0.4,0
104248,26303,Fashion,COD,583.32,2,22.8,7.0,4,1,0.25,1
104249,20073,Home,Wallet,1675.41,3,0.8,5.0,2,1,0.5,0
104250,21770,Books,Credit Card,803.81,3,6.3,4.0,4,0,0.0,0
104251,28157,Electronics,UPI,637.8,4,16.5,4.0,3,1,0.333,1
104252,20300,Fashion,Credit Card,1190.7,2,0.0,6.0,4,1,0.25,1
104253,26430,Electronics,Credit Card,1364.2,4,25.2,3.0,1,0,0.0,0
104254,23304,Electronics,Debit Card,902.74,4,14.7,3.0,5,1,0.2,1
104255,20086,Fashion,Wallet,877.4,4,0.9,1.0,4,0,0.0,0
104256,21021,Home,Credit Card,544.77,3,27.0,5.0,3,0,0.0,0
104257,25194,Books,UPI,1682.78,4,8.0,7.0,2,0,0.0,0
104258,23084,Electronics,UPI,759.94,3,12.7,8.0,3,0,0.0,1
104259,28244,Electronics,COD,686.25,4,25.6,8.0,2,0,0.0,1
104260,27279,Electronics,Credit Card,436.14,3,25.6,3.0,5,0,0.0,1
104261,26442,Fashion,UPI,974.44,2,6.3,6.0,2,0,0.0,1
104262,27019,Beauty,UPI,802.71,4,3.3,4.0,6,2,0.333,1
104263,20146,Electronics,UPI,363.99,5,3.6,,3,0,0.0,0
104264,21428,Electronics,Wallet,529.1,4,17.4,8.0,5,0,0.0,0
104265,20137,Home,COD,946.71,4,31.8,5.0,2,0,0.0,0
104266,28250,Electronics,Credit Card,833.79,3,0.9,4.0,0,0,0.0,0
104267,22908,Home,Debit Card,665.44,2,0.2,1.0,7,1,0.143,1
104268,21826,Fashion,Debit Card,865.66,4,20.8,2.0,5,1,0.2,0
104269,25409,Beauty,Debit Card,317.69,2,5.9,1.0,4,2,0.5,1
104270,25025,Books,Debit Card,644.46,4,3.9,2.0,6,0,0.0,0
104271,24139,Home,Debit Card,1566.88,2,2.5,9.0,11,2,0.182,0
104272,20248,Books,Debit Card,1756.44,3,5.1,2.0,7,1,0.143,0
104273,22181,Fashion,Wallet,1089.36,2,42.7,3.0,5,0,0.0,1
104274,27956,Electronics,Credit Card,1460.96,4,45.3,3.0,5,1,0.2,1
104275,24689,Home,Wallet,1325.34,2,4.8,11.0,4,1,0.25,1
104276,26455,Home,Debit Card,555.95,4,39.8,5.0,3,1,0.333,0
104277,21893,Electronics,UPI,1242.0,5,4.3,7.0,3,0,0.0,0
104278,24562,Electronics,COD,481.62,3,23.1,5.0,4,1,0.25,0
104279,23678,Fashion,Debit Card,397.35,2,2.9,1.0,10,3,0.3,0
104280,26963,Electronics,Debit Card,1176.32,3,21.0,8.0,2,1,0.5,0
104281,24029,Fashion,Debit Card,1664.63,3,5.2,6.0,3,0,0.0,1
104282,26390,Home,Debit Card,685.58,2,2.6,5.0,5,1,0.2,1
104283,20599,Fashion,Wallet,2536.92,3,32.8,9.0,3,0,0.0,1
104284,27390,Fashion,COD,1071.03,3,2.9,4.0,5,1,0.2,0
104285,22303,Home,Credit Card,764.06,5,57.7,5.0,0,0,0.0,1
104286,28929,Home,Credit Card,567.43,4,1.4,4.0,2,0,0.0,0
104287,21963,Beauty,Debit Card,2006.26,4,0.1,7.0,2,0,0.0,0
104288,25544,Home,Credit Card,831.85,2,24.6,7.0,4,1,0.25,0
104289,23073,Electronics,UPI,1155.4,2,10.6,6.0,0,0,0.0,0
104290,21333,Beauty,Credit Card,270.72,6,6.6,3.0,8,0,0.0,0
104291,21167,Electronics,UPI,891.92,2,1.0,4.0,7,2,0.286,0
104292,26917,Fashion,Credit Card,566.52,2,10.3,3.0,4,0,0.0,0
104293,27037,Home,Debit Card,527.67,5,6.0,8.0,2,1,0.5,1
104294,23408,Books,UPI,741.71,2,7.9,2.0,6,0,0.0,0
104295,22320,Electronics,Debit Card,2773.99,7,11.9,9.0,3,3,1.0,1
104296,27171,Fashion,Wallet,2999.83,2,12.3,8.0,1,0,0.0,1
104297,24822,Fashion,COD,1408.12,5,38.8,3.0,3,0,0.0,1
104298,22005,Fashion,Debit Card,503.25,2,12.8,4.0,6,2,0.333,1
104299,26068,Electronics,Credit Card,686.39,4,5.0,3.0,1,0,0.0,0
104300,24402,Home,COD,970.57,1,4.8,6.0,2,0,0.0,0
104301,20855,Fashion,Wallet,733.45,6,7.8,8.0,2,0,0.0,0
104302,25956,Books,COD,1118.82,2,3.6,8.0,6,0,0.0,0
104303,24771,Beauty,Credit Card,1299.01,4,5.7,4.0,3,0,0.0,0
104304,24482,Home,Wallet,859.57,2,22.2,8.0,1,0,0.0,0
104305,27991,Beauty,Credit Card,212.54,1,23.6,8.0,1,1,1.0,1
104306,26380,Fashion,UPI,761.38,3,11.9,5.0,3,0,0.0,0
104307,23130,Electronics,Wallet,393.24,3,10.5,5.0,7,0,0.0,1
104308,27612,Home,Credit Card,765.25,4,6.7,8.0,2,1,0.5,0
104309,23393,Beauty,Wallet,1635.31,3,12.1,7.0,5,0,0.0,0
104310,28696,Beauty,Debit Card,1139.83,1,19.7,8.0,5,0,0.0,1
104311,27895,Fashion,Wallet,875.63,2,16.1,11.0,1,0,0.0,1
104312,28121,Books,Debit Card,669.88,3,0.4,6.0,5,2,0.4,0
104313,23960,Fashion,Wallet,3157.63,5,15.8,6.0,4,0,0.0,1
104314,26067,Beauty,Credit Card,664.58,3,15.3,8.0,5,2,0.4,1
104315,20545,Books,UPI,275.5,1,1.3,9.0,3,0,0.0,0
104316,23114,Fashion,UPI,1432.53,3,2.0,4.0,6,1,0.167,0
104317,25243,Home,Debit Card,1013.55,2,18.6,5.0,2,0,0.0,0
104318,20845,Fashion,Credit Card,786.51,4,9.8,3.0,4,0,0.0,0
104319,22454,Electronics,UPI,1001.69,3,20.7,,4,1,0.25,1
104320,24981,Electronics,Credit Card,710.02,1,2.5,7.0,7,0,0.0,1
104321,27360,Home,UPI,1065.83,3,0.4,3.0,8,1,0.125,0
104322,20100,Books,Credit Card,1014.28,2,2.1,7.0,2,0,0.0,0
104323,21131,Home,Wallet,402.05,1,7.2,4.0,6,2,0.333,1
104324,25347,Electronics,Credit Card,1493.52,4,8.9,4.0,2,1,0.5,1
104325,28895,Beauty,Credit Card,1456.06,7,23.4,7.0,3,0,0.0,0
104326,26746,Books,Credit Card,917.48,5,15.1,4.0,5,2,0.4,0
104327,24123,Fashion,Debit Card,1050.68,5,55.7,2.0,1,0,0.0,0
104328,22950,Books,Credit Card,1027.01,4,1.0,7.0,7,0,0.0,0
104329,25760,Fashion,Debit Card,228.78,1,1.7,5.0,5,0,0.0,0
104330,22465,Beauty,COD,643.75,3,1.1,8.0,9,1,0.111,0
104331,26047,Fashion,UPI,566.2,1,9.3,7.0,3,0,0.0,1
104332,20531,Fashion,UPI,419.35,3,3.7,1.0,5,1,0.2,0
104333,20776,Electronics,Credit Card,839.46,5,13.8,8.0,1,0,0.0,0
104334,23397,Home,UPI,5092.41,5,1.7,9.0,3,0,0.0,0
104335,22419,Electronics,Credit Card,553.13,4,1.3,7.0,5,2,0.4,1
104336,21394,Fashion,COD,611.73,2,7.4,7.0,4,0,0.0,0
104337,28360,Home,Credit Card,330.22,1,5.7,4.0,3,0,0.0,0
104338,28468,Books,Debit Card,1015.39,4,21.2,4.0,1,1,1.0,1
104339,26247,Electronics,Debit Card,667.94,4,21.8,5.0,3,2,0.667,1
104340,23055,Fashion,COD,470.62,1,1.5,7.0,3,1,0.333,0
104341,26161,Electronics,Credit Card,500.42,2,20.1,7.0,3,2,0.667,1
104342,22919,Fashion,UPI,1450.48,2,10.0,4.0,1,0,0.0,0
104343,28942,Beauty,Credit Card,1143.82,4,8.4,4.0,8,1,0.125,1
104344,20468,Beauty,UPI,421.91,2,1.2,2.0,8,1,0.125,0
104345,22824,Home,Wallet,1275.45,2,16.1,6.0,6,1,0.167,0
104346,23659,Electronics,Debit Card,612.89,4,0.7,4.0,3,0,0.0,0
104347,20123,Beauty,Debit Card,369.02,3,3.9,4.0,6,0,0.0,0
104348,25538,Home,Wallet,1215.48,5,1.2,9.0,4,0,0.0,0
104349,22550,Beauty,UPI,2418.57,2,9.1,6.0,4,0,0.0,0
104350,22558,Home,Debit Card,363.78,4,12.4,6.0,2,0,0.0,0
104351,28112,Beauty,UPI,346.53,2,26.6,7.0,3,1,0.333,0
104352,23633,Home,UPI,1710.71,4,15.9,8.0,3,0,0.0,0
104353,23934,Electronics,Credit Card,523.84,2,39.0,1.0,2,0,0.0,0
104354,20150,Books,COD,1111.81,2,17.2,4.0,5,3,0.6,1
104355,20138,Electronics,Debit Card,465.95,2,4.2,4.0,4,1,0.25,0
104356,24787,Home,Credit Card,1185.98,4,9.5,3.0,3,0,0.0,0
104357,25295,Fashion,COD,2686.49,3,7.3,4.0,5,3,0.6,1
104358,22452,Home,Debit Card,460.61,3,10.0,2.0,5,1,0.2,1
104359,20989,Home,Credit Card,1743.35,3,10.2,7.0,3,0,0.0,0
104360,28567,Fashion,UPI,1157.94,2,14.5,4.0,8,2,0.25,1
104361,21556,Fashion,COD,498.29,5,1.0,5.0,2,0,0.0,0
104362,26078,Home,COD,1865.38,6,16.5,5.0,1,1,1.0,1
104363,25594,Beauty,Wallet,1137.78,4,1.9,6.0,5,3,0.6,0
104364,25134,Electronics,COD,1521.74,7,0.3,1.0,3,0,0.0,1
104365,23256,Fashion,Credit Card,1490.15,5,8.8,6.0,6,2,0.333,1
104366,21708,Home,Debit Card,764.4,3,10.5,4.0,3,1,0.333,1
104367,25468,Fashion,COD,1135.93,4,0.4,6.0,0,0,0.0,1
104368,22743,Electronics,Debit Card,1090.27,3,8.7,2.0,5,0,0.0,0
104369,23868,Fashion,UPI,1704.08,4,9.2,6.0,2,0,0.0,0
104370,20902,Fashion,UPI,377.29,3,0.6,8.0,2,0,0.0,1
104371,22747,Fashion,Debit Card,2362.98,4,14.9,5.0,3,2,0.667,1
104372,26292,Electronics,Wallet,544.56,4,2.8,3.0,6,3,0.5,0
104373,26529,Fashion,UPI,860.04,1,19.0,4.0,3,0,0.0,0
104374,24749,Electronics,Debit Card,1142.32,4,4.5,6.0,5,0,0.0,0
104375,26385,Electronics,Wallet,667.98,7,7.8,6.0,5,1,0.2,0
104376,20323,Electronics,Debit Card,1057.29,2,26.7,6.0,8,2,0.25,1
104377,25028,Electronics,Credit Card,617.64,4,19.7,5.0,3,1,0.333,1
104378,27402,Beauty,UPI,1462.42,2,18.3,5.0,3,2,0.667,1
104379,26995,Fashion,COD,710.98,4,2.1,5.0,1,0,0.0,0
104380,23473,Electronics,COD,314.06,2,0.6,4.0,7,0,0.0,0
104381,21182,Fashion,COD,2733.82,4,11.2,7.0,6,1,0.167,1
104382,23460,Fashion,UPI,1051.63,3,6.3,6.0,3,2,0.667,1
104383,21996,Home,Credit Card,2048.85,5,28.8,8.0,4,0,0.0,0
104384,21088,Home,COD,565.9,3,5.2,7.0,2,1,0.5,1
104385,21231,Beauty,COD,303.15,3,6.3,6.0,5,0,0.0,1
104386,28969,Home,Credit Card,2104.21,2,9.0,6.0,4,3,0.75,0
104387,25129,Books,Credit Card,542.48,1,19.1,3.0,5,0,0.0,0
104388,28877,Fashion,Wallet,1034.2,2,3.7,5.0,4,1,0.25,0
104389,27706,Fashion,COD,1805.65,5,34.1,6.0,5,1,0.2,1
104390,27438,Fashion,COD,771.3,3,9.3,2.0,6,0,0.0,0
104391,20218,Fashion,COD,1080.35,3,22.1,6.0,5,1,0.2,0
104392,27534,Electronics,UPI,2834.21,4,8.9,3.0,2,0,0.0,0
104393,23625,Home,UPI,1194.23,5,17.7,3.0,6,1,0.167,1
104394,21757,Fashion,UPI,1916.79,4,0.6,4.0,4,0,0.0,0
104395,22487,Books,Credit Card,368.7,5,19.3,5.0,4,0,0.0,0
104396,28694,Beauty,UPI,1511.46,2,8.9,2.0,2,0,0.0,0
104397,23483,Fashion,UPI,218.5,1,7.2,7.0,3,0,0.0,0
104398,23651,Fashion,UPI,1728.4,3,1.4,5.0,6,0,0.0,0
104399,28150,Fashion,UPI,973.55,2,16.2,9.0,5,0,0.0,1
104400,22294,Fashion,Debit Card,1259.32,6,1.7,6.0,3,1,0.333,1
104401,22757,Fashion,Credit Card,1025.97,4,2.6,6.0,1,0,0.0,1
104402,22064,Electronics,Credit Card,810.51,3,1.6,3.0,3,1,0.333,0
104403,27904,Fashion,Credit Card,665.64,4,0.1,2.0,1,0,0.0,0
104404,21019,Electronics,Credit Card,680.61,2,13.0,6.0,5,0,0.0,0
104405,22374,Books,Wallet,3548.01,3,3.8,3.0,5,2,0.4,0
104406,26756,Home,Credit Card,1189.61,1,1.9,6.0,4,0,0.0,0
104407,26082,Books,Credit Card,645.84,4,4.6,9.0,2,0,0.0,0
104408,27826,Fashion,UPI,1566.33,6,8.3,7.0,5,0,0.0,0
104409,28311,Electronics,UPI,815.79,2,8.4,6.0,4,0,0.0,0
104410,24654,Home,Credit Card,1000.02,4,5.5,6.0,5,0,0.0,0
104411,20029,Fashion,COD,596.74,4,8.2,4.0,5,0,0.0,0
104412,21128,Fashion,COD,1232.56,3,6.7,5.0,3,1,0.333,0
104413,26084,Home,Credit Card,904.74,1,20.8,4.0,5,1,0.2,0
104414,22385,Home,Debit Card,571.9,3,0.4,2.0,3,0,0.0,0
104415,26255,Electronics,Wallet,3520.9,4,24.3,5.0,3,0,0.0,0
104416,24785,Electronics,COD,2714.46,4,3.4,7.0,1,0,0.0,1
104417,23857,Electronics,UPI,1070.06,2,15.4,2.0,5,0,0.0,0
104418,24416,Fashion,Credit Card,450.46,3,6.2,8.0,2,1,0.5,1
104419,26796,Electronics,Debit Card,979.87,2,4.2,8.0,3,0,0.0,1
104420,24583,Fashion,UPI,1289.92,4,11.5,6.0,4,0,0.0,0
104421,21227,Fashion,Credit Card,1283.31,3,17.6,6.0,4,2,0.5,1
104422,28680,Books,Debit Card,1999.9,2,7.2,5.0,5,0,0.0,0
104423,23747,Home,UPI,848.71,3,7.5,5.0,5,1,0.2,0
104424,28531,Home,Debit Card,2631.4,2,0.7,4.0,4,0,0.0,1
104425,21391,Electronics,COD,1702.38,6,30.9,5.0,6,1,0.167,1
104426,20569,Electronics,COD,914.95,4,22.5,5.0,3,0,0.0,1
104427,22560,Fashion,Debit Card,3979.58,3,6.1,9.0,3,0,0.0,1
104428,22508,Fashion,COD,2003.51,5,17.4,6.0,10,0,0.0,1
104429,22520,Fashion,Credit Card,829.07,4,4.5,5.0,5,0,0.0,0
104430,20906,Beauty,COD,810.06,2,15.7,5.0,5,2,0.4,1
104431,22480,Home,Credit Card,1127.45,2,8.7,3.0,5,0,0.0,0
104432,21946,Electronics,Credit Card,497.44,1,7.4,4.0,4,2,0.5,0
104433,28049,Electronics,UPI,1180.26,4,0.7,7.0,2,0,0.0,1
104434,27765,Books,Debit Card,471.66,2,40.4,4.0,4,0,0.0,0
104435,21269,Fashion,Wallet,396.24,4,21.8,4.0,6,1,0.167,0
104436,22021,Fashion,Debit Card,1005.42,3,18.9,4.0,5,0,0.0,1
104437,22748,Electronics,Debit Card,837.64,2,4.4,3.0,6,0,0.0,0
104438,27915,Beauty,UPI,1056.64,2,4.1,7.0,5,0,0.0,0
104439,24204,Books,Debit Card,944.04,6,10.2,5.0,5,0,0.0,0
104440,25535,Fashion,Debit Card,344.55,2,22.5,4.0,4,1,0.25,1
104441,20651,Beauty,UPI,747.46,6,32.7,5.0,2,0,0.0,1
104442,21473,Beauty,COD,1777.01,3,3.8,5.0,6,1,0.167,0
104443,20047,Fashion,COD,632.28,3,11.2,3.0,0,0,0.0,0
104444,25301,Electronics,Wallet,723.47,3,15.4,2.0,6,0,0.0,0
104445,27666,Electronics,Credit Card,638.5,2,3.1,8.0,5,1,0.2,0
104446,20547,Books,UPI,650.5,3,6.3,7.0,4,1,0.25,0
104447,24085,Fashion,Debit Card,622.27,3,2.5,6.0,5,0,0.0,0
104448,27850,Beauty,UPI,456.64,2,14.4,7.0,8,0,0.0,1
104449,27041,Electronics,Debit Card,2523.85,4,23.9,,5,1,0.2,1
104450,21253,Home,Wallet,1831.3,5,25.2,4.0,7,1,0.143,1
104451,26183,Electronics,UPI,3046.19,7,13.3,3.0,1,0,0.0,1
104452,24309,Home,Wallet,2250.51,3,5.1,6.0,6,3,0.5,1
104453,24090,Beauty,COD,297.31,5,13.0,2.0,3,0,0.0,0
104454,25245,Beauty,Wallet,946.38,2,24.0,5.0,6,0,0.0,0
104455,27607,Beauty,COD,856.63,5,11.8,4.0,3,0,0.0,0
104456,27419,Fashion,Debit Card,2379.88,5,6.4,6.0,3,0,0.0,1
104457,27477,Home,Credit Card,604.51,3,30.3,4.0,4,2,0.5,1
104458,21488,Fashion,Debit Card,501.11,3,21.6,8.0,3,0,0.0,1
104459,20979,Electronics,Credit Card,325.76,2,25.7,3.0,3,1,0.333,1
104460,28809,Electronics,UPI,908.27,4,28.0,7.0,3,1,0.333,1
104461,27224,Electronics,UPI,2309.64,6,6.0,4.0,7,3,0.429,0
104462,21562,Electronics,UPI,1099.94,3,23.6,6.0,2,2,1.0,1
104463,23764,Books,Wallet,374.27,2,10.1,3.0,5,0,0.0,0
104464,23703,Fashion,Wallet,3962.94,4,0.5,5.0,3,1,0.333,0
104465,26533,Home,Credit Card,804.1,1,12.1,8.0,9,6,0.667,1
104466,23905,Electronics,Debit Card,1941.4,5,7.6,5.0,3,2,0.667,1
104467,20167,Fashion,Debit Card,2039.22,3,3.9,8.0,4,0,0.0,0
104468,25116,Fashion,Debit Card,455.13,5,42.2,5.0,3,0,0.0,0
104469,20841,Books,COD,772.03,6,0.7,4.0,3,0,0.0,0
104470,22773,Beauty,UPI,1545.52,3,35.0,5.0,1,0,0.0,0
104471,28477,Books,UPI,334.81,1,2.1,6.0,8,1,0.125,0
104472,27893,Books,COD,1032.47,5,5.7,1.0,1,0,0.0,0
104473,28033,Fashion,COD,900.24,3,6.5,6.0,7,1,0.143,1
104474,26083,Electronics,Credit Card,619.82,6,15.8,3.0,3,0,0.0,0
104475,25691,Home,UPI,759.62,3,2.9,2.0,3,1,0.333,0
104476,25042,Electronics,Debit Card,2107.84,5,51.3,6.0,1,0,0.0,1
104477,24592,Electronics,Debit Card,1687.19,4,16.6,8.0,2,0,0.0,0
104478,23180,Electronics,Credit Card,1839.25,3,18.7,5.0,10,4,0.4,0
104479,23152,Home,Debit Card,998.17,1,1.4,2.0,3,0,0.0,1
104480,22344,Home,Debit Card,1701.74,6,7.8,4.0,7,4,0.571,0
104481,22643,Fashion,Credit Card,1324.98,4,34.9,4.0,6,0,0.0,0
104482,22731,Electronics,UPI,633.97,1,3.8,5.0,4,1,0.25,0
104483,22143,Home,COD,528.66,2,1.9,5.0,3,2,0.667,1
104484,20554,Home,Credit Card,656.39,5,8.0,6.0,2,0,0.0,0
104485,26064,Fashion,Credit Card,720.1,4,32.0,7.0,5,1,0.2,0
104486,24354,Home,COD,633.31,2,8.0,6.0,4,0,0.0,0
104487,24845,Fashion,Credit Card,734.84,4,6.2,7.0,6,0,0.0,1
104488,24774,Electronics,Wallet,1209.07,3,12.6,4.0,2,0,0.0,0
104489,22037,Beauty,UPI,1064.69,3,33.2,12.0,7,1,0.143,1
104490,20191,Home,Debit Card,1311.26,4,0.6,6.0,4,0,0.0,0
104491,21251,Fashion,Credit Card,950.91,2,2.0,7.0,5,0,0.0,0
104492,22091,Home,Credit Card,1578.09,2,1.7,9.0,2,0,0.0,1
104493,23867,Home,Credit Card,938.39,3,1.1,5.0,5,2,0.4,0
104494,23150,Beauty,Credit Card,997.27,1,4.3,4.0,5,0,0.0,0
104495,28631,Home,UPI,1049.98,2,3.1,8.0,2,0,0.0,0
104496,20817,Home,Credit Card,2627.16,6,9.5,8.0,6,0,0.0,0
104497,22909,Electronics,UPI,2485.14,3,4.8,5.0,6,0,0.0,0
104498,25530,Fashion,UPI,1539.38,4,6.2,9.0,3,1,0.333,1
104499,28016,Fashion,Debit Card,1159.11,4,34.1,5.0,8,1,0.125,1
104500,20107,Electronics,Credit Card,1154.63,4,2.0,7.0,3,0,0.0,0
104501,24796,Home,Credit Card,711.38,3,5.9,8.0,3,2,0.667,0
104502,23285,Electronics,Credit Card,805.03,4,3.6,5.0,3,0,0.0,0
104503,28156,Fashion,UPI,1620.64,3,9.6,6.0,3,0,0.0,1
104504,22595,Fashion,Debit Card,683.01,5,16.0,7.0,4,0,0.0,0
104505,24119,Electronics,COD,2029.28,2,20.4,4.0,7,0,0.0,1
104506,28037,Fashion,Debit Card,497.19,1,8.7,3.0,4,0,0.0,0
104507,25807,Home,Debit Card,5252.99,3,23.2,8.0,2,0,0.0,0
104508,24171,Fashion,UPI,508.11,2,18.4,6.0,3,0,0.0,1
104509,28254,Home,UPI,894.88,2,2.0,4.0,6,1,0.167,0
104510,23027,Books,Credit Card,763.72,3,3.4,5.0,4,0,0.0,0
104511,23893,Fashion,Credit Card,586.08,3,13.4,6.0,4,1,0.25,1
104512,27363,Electronics,UPI,2305.38,5,44.2,2.0,6,0,0.0,1
104513,21256,Fashion,Debit Card,485.89,3,5.7,7.0,6,2,0.333,0
104514,25097,Home,Debit Card,513.34,2,3.1,6.0,2,0,0.0,1
104515,23954,Home,UPI,1094.84,2,24.4,9.0,1,0,0.0,0
104516,20933,Electronics,Debit Card,851.48,1,2.7,5.0,2,1,0.5,1
104517,25277,Electronics,UPI,236.24,1,14.3,8.0,4,1,0.25,1
104518,26163,Beauty,UPI,772.02,1,0.4,5.0,1,1,1.0,1
104519,22105,Fashion,UPI,1019.07,3,0.2,5.0,3,1,0.333,0
104520,28541,Fashion,UPI,543.85,3,7.2,6.0,2,1,0.5,1
104521,26754,Beauty,UPI,587.56,3,12.8,10.0,2,1,0.5,0
104522,23913,Home,UPI,359.48,5,1.8,2.0,6,5,0.833,0
104523,20524,Beauty,COD,2158.22,2,17.3,6.0,7,2,0.286,1
104524,28810,Home,Debit Card,1416.33,2,1.7,5.0,4,0,0.0,0
104525,24426,Beauty,Debit Card,615.47,6,9.2,5.0,4,0,0.0,0
104526,23209,Electronics,COD,1523.33,3,4.4,6.0,5,1,0.2,0
104527,25662,Home,UPI,862.91,5,16.7,7.0,3,0,0.0,0
104528,28569,Books,Credit Card,2108.23,5,19.6,6.0,2,0,0.0,0
104529,27162,Home,COD,904.22,5,0.8,8.0,4,0,0.0,0
104530,22332,Fashion,Credit Card,437.9,1,2.6,4.0,5,0,0.0,0
104531,28146,Fashion,UPI,1024.24,5,26.8,5.0,2,0,0.0,0
104532,27653,Fashion,COD,635.81,3,6.4,3.0,5,0,0.0,0
104533,25656,Fashion,Wallet,2183.9,3,7.8,9.0,6,0,0.0,0
104534,21685,Electronics,Credit Card,1617.15,3,2.2,5.0,1,0,0.0,0
104535,20766,Home,UPI,1300.74,5,60.0,4.0,3,0,0.0,0
104536,26528,Home,Debit Card,2251.74,5,30.8,6.0,8,3,0.375,1
104537,22567,Electronics,Debit Card,290.13,2,0.0,7.0,5,0,0.0,0
104538,27080,Home,Credit Card,521.17,4,9.6,3.0,1,0,0.0,1
104539,20227,Fashion,UPI,1253.93,3,24.7,8.0,3,1,0.333,1
104540,22440,Fashion,Debit Card,1693.36,4,6.8,4.0,8,0,0.0,0
104541,20436,Fashion,Credit Card,1287.93,4,6.9,8.0,3,1,0.333,1
104542,26022,Electronics,UPI,175.98,1,5.7,4.0,3,0,0.0,0
104543,20958,Fashion,UPI,407.15,2,0.4,7.0,4,1,0.25,1
104544,27655,Fashion,COD,1211.07,3,18.7,5.0,3,2,0.667,0
104545,21055,Electronics,Wallet,4670.54,4,7.3,3.0,3,1,0.333,1
104546,26912,Beauty,Debit Card,1599.3,2,9.1,2.0,6,1,0.167,0
104547,25095,Fashion,Wallet,2430.1,3,3.5,3.0,7,1,0.143,1
104548,23594,Home,COD,1335.4,4,18.4,7.0,2,0,0.0,0
104549,24831,Home,Debit Card,1486.55,5,18.9,1.0,3,0,0.0,0
104550,24337,Beauty,Credit Card,414.26,2,9.7,6.0,5,1,0.2,1
104551,24152,Books,Debit Card,1669.7,3,28.2,6.0,3,1,0.333,0
104552,28260,Fashion,Debit Card,737.06,2,1.5,1.0,5,0,0.0,0
104553,22146,Fashion,UPI,1167.02,2,18.5,3.0,1,0,0.0,0
104554,20853,Beauty,UPI,784.45,2,9.8,3.0,1,0,0.0,0
104555,26729,Electronics,UPI,1115.19,3,3.2,5.0,3,0,0.0,0
104556,22501,Home,UPI,894.86,3,1.7,8.0,3,1,0.333,0
104557,26860,Home,Credit Card,881.26,2,4.3,7.0,7,0,0.0,0
104558,27051,Home,COD,1403.35,2,23.3,4.0,3,0,0.0,0
104559,23782,Books,Debit Card,569.63,5,18.6,3.0,6,1,0.167,0
104560,26354,Books,Wallet,444.7,4,12.4,2.0,3,0,0.0,0
104561,24587,Home,Credit Card,1406.23,4,1.1,4.0,5,2,0.4,0
104562,26404,Fashion,Wallet,2238.7,3,37.2,3.0,7,1,0.143,1
104563,26379,Beauty,Credit Card,2126.47,2,4.4,5.0,4,1,0.25,1
104564,21223,Fashion,Credit Card,522.44,4,11.2,5.0,4,1,0.25,0
104565,20332,Fashion,Credit Card,740.69,3,19.5,4.0,2,0,0.0,1
104566,21170,Beauty,UPI,388.3,3,1.7,4.0,3,0,0.0,0
104567,26145,Fashion,COD,782.72,4,12.7,3.0,3,1,0.333,1
104568,21793,Fashion,Debit Card,1850.14,3,0.4,4.0,12,2,0.167,1
104569,25997,Fashion,Wallet,540.38,1,1.3,8.0,2,0,0.0,0
104570,27713,Beauty,UPI,870.29,4,15.4,6.0,3,0,0.0,0
104571,21102,Electronics,UPI,1510.5,4,2.0,6.0,3,0,0.0,1
104572,23844,Home,COD,585.39,3,7.0,7.0,8,1,0.125,0
104573,25693,Fashion,Debit Card,3166.89,5,3.4,7.0,5,2,0.4,1
104574,25984,Beauty,Debit Card,773.51,2,6.6,8.0,5,0,0.0,0
104575,26793,Beauty,Wallet,605.16,2,1.0,6.0,4,0,0.0,0
104576,23163,Electronics,Wallet,1341.33,3,16.9,5.0,4,0,0.0,0
104577,25681,Electronics,Wallet,1657.19,3,1.0,4.0,0,0,0.0,0
104578,20357,Fashion,Wallet,3172.59,5,21.8,3.0,4,3,0.75,1
104579,25231,Books,Credit Card,480.11,1,13.0,7.0,4,1,0.25,0
104580,26397,Home,COD,1044.86,1,6.5,5.0,0,0,0.0,0
104581,28735,Books,Debit Card,1002.28,3,24.2,2.0,4,0,0.0,0
104582,27939,Electronics,Wallet,653.59,3,2.5,1.0,5,1,0.2,0
104583,22761,Beauty,Debit Card,591.83,3,3.7,10.0,4,0,0.0,0
104584,27945,Beauty,UPI,563.95,4,1.8,3.0,4,1,0.25,0
104585,24804,Home,UPI,923.29,7,5.8,3.0,6,2,0.333,1
104586,23576,Books,Debit Card,1504.17,2,51.9,8.0,4,3,0.75,1
104587,26073,Electronics,Credit Card,1664.32,4,2.1,2.0,2,1,0.5,0
104588,20585,Fashion,COD,447.9,3,21.3,6.0,5,0,0.0,1
104589,20820,Home,COD,270.09,2,12.7,9.0,1,1,1.0,1
104590,28687,Home,Credit Card,558.79,4,0.2,10.0,3,0,0.0,0
104591,21058,Home,COD,483.25,2,34.8,4.0,2,0,0.0,0
104592,23047,Fashion,UPI,453.97,1,42.5,5.0,1,0,0.0,0
104593,24695,Electronics,Debit Card,2696.2,6,31.1,4.0,3,0,0.0,0
104594,25523,Electronics,Credit Card,554.43,2,8.4,5.0,5,0,0.0,0
104595,21220,Electronics,COD,2585.32,3,3.0,8.0,4,1,0.25,1
104596,23639,Home,UPI,281.03,2,6.0,2.0,5,0,0.0,0
104597,23895,Home,UPI,441.78,1,11.4,6.0,4,2,0.5,1
104598,26724,Fashion,UPI,872.47,1,5.7,5.0,2,0,0.0,0
104599,22276,Electronics,Credit Card,905.35,1,14.8,8.0,4,0,0.0,0
104600,22417,Fashion,Debit Card,771.15,3,19.1,8.0,3,0,0.0,1
104601,22781,Fashion,Credit Card,1720.48,3,2.8,4.0,10,1,0.1,1
104602,21568,Beauty,Credit Card,1535.52,3,6.2,5.0,2,1,0.5,1
104603,25021,Books,UPI,626.43,3,38.0,7.0,5,3,0.6,0
104604,27485,Electronics,Wallet,1139.41,3,3.4,7.0,8,0,0.0,0
104605,23515,Beauty,Debit Card,1661.23,4,5.1,1.0,4,2,0.5,0
104606,24502,Beauty,Credit Card,653.92,3,0.4,7.0,5,1,0.2,0
104607,21634,Beauty,UPI,3686.66,6,4.8,9.0,1,0,0.0,0
104608,26570,Fashion,COD,466.55,2,5.6,6.0,1,1,1.0,0
104609,28952,Books,UPI,839.69,2,1.3,7.0,6,0,0.0,0
104610,22502,Electronics,COD,363.84,2,0.0,8.0,2,1,0.5,1
104611,21477,Electronics,UPI,1003.57,3,10.3,5.0,3,0,0.0,0
104612,22567,Fashion,COD,574.16,4,4.3,7.0,5,1,0.2,0
104613,21340,Electronics,Credit Card,912.94,4,0.2,5.0,6,0,0.0,0
104614,27511,Fashion,Debit Card,364.07,3,23.6,5.0,6,0,0.0,1
104615,26037,Fashion,Debit Card,879.97,1,10.5,4.0,4,1,0.25,0
104616,21128,Electronics,UPI,953.69,2,2.3,5.0,4,1,0.25,0
104617,21365,Beauty,Wallet,2091.41,4,24.1,9.0,5,0,0.0,0
104618,25679,Beauty,COD,988.35,5,3.5,3.0,2,0,0.0,1
104619,21556,Electronics,Credit Card,1862.39,3,3.1,6.0,5,0,0.0,1
104620,24668,Beauty,Credit Card,1246.74,5,27.0,6.0,5,0,0.0,0
104621,23765,Beauty,Debit Card,1165.67,4,2.4,8.0,0,0,0.0,0
104622,23386,Beauty,Debit Card,2738.06,2,25.3,9.0,5,1,0.2,0
104623,24869,Fashion,UPI,705.21,3,19.5,3.0,5,0,0.0,0
104624,26168,Home,Wallet,2274.74,4,4.4,4.0,3,0,0.0,0
104625,24214,Books,Wallet,1257.8,3,0.4,4.0,1,0,0.0,0
104626,21786,Home,UPI,669.25,3,1.0,4.0,2,0,0.0,0
104627,22376,Electronics,COD,428.33,3,1.4,4.0,5,4,0.8,0
104628,27704,Electronics,UPI,507.48,3,26.6,6.0,3,0,0.0,0
104629,20903,Home,Credit Card,1858.85,3,6.2,3.0,6,1,0.167,0
104630,25414,Electronics,UPI,3447.34,5,0.4,3.0,5,0,0.0,0
104631,23868,Fashion,UPI,813.57,2,9.8,3.0,3,0,0.0,1
104632,20187,Electronics,UPI,839.58,2,2.8,6.0,2,2,1.0,1
104633,26061,Beauty,Credit Card,1227.15,2,3.2,5.0,1,0,0.0,0
104634,28630,Beauty,Debit Card,985.64,3,2.1,4.0,6,0,0.0,0
104635,28619,Fashion,Debit Card,2106.89,4,17.2,3.0,1,0,0.0,1
104636,22802,Books,Wallet,1123.58,3,0.0,1.0,3,2,0.667,0
104637,20488,Electronics,Debit Card,1320.87,5,6.9,9.0,4,0,0.0,0
104638,22243,Home,COD,620.04,3,1.1,4.0,6,0,0.0,0
104639,22347,Beauty,COD,436.77,2,9.6,11.0,7,1,0.143,0
104640,27856,Beauty,Credit Card,182.96,5,5.1,7.0,5,0,0.0,0
104641,22440,Books,UPI,1614.92,2,0.3,9.0,7,2,0.286,1
104642,23678,Electronics,COD,863.8,3,7.4,7.0,4,0,0.0,0
104643,22123,Beauty,Debit Card,1049.05,6,10.1,5.0,5,1,0.2,1
104644,25212,Fashion,Wallet,238.78,2,3.4,4.0,6,1,0.167,0
104645,28338,Home,Credit Card,741.8,4,17.4,3.0,6,0,0.0,0
104646,25695,Home,Credit Card,342.75,1,5.6,7.0,3,3,1.0,1
104647,22101,Home,COD,478.05,2,16.6,6.0,8,2,0.25,1
104648,24612,Fashion,COD,1486.86,5,10.4,6.0,3,0,0.0,0
104649,20027,Beauty,Wallet,1657.51,8,24.4,7.0,8,1,0.125,0
104650,22226,Fashion,UPI,589.4,6,9.5,6.0,7,0,0.0,0
104651,28842,Fashion,Wallet,432.94,3,2.5,4.0,2,0,0.0,0
104652,21355,Home,COD,558.31,5,20.8,7.0,2,0,0.0,0
104653,28902,Electronics,COD,3227.5,4,18.3,5.0,3,0,0.0,0
104654,27831,Beauty,UPI,2667.19,4,43.1,5.0,2,0,0.0,0
104655,22884,Electronics,Debit Card,565.62,3,1.2,7.0,4,0,0.0,0
104656,23158,Fashion,Wallet,235.24,2,10.7,5.0,3,0,0.0,0
104657,22311,Beauty,Debit Card,1314.94,5,8.1,1.0,3,1,0.333,0
104658,24001,Electronics,UPI,1120.25,4,13.3,7.0,2,2,1.0,1
104659,25477,Fashion,Debit Card,931.43,2,47.1,8.0,5,2,0.4,1
104660,20561,Home,UPI,2081.21,6,9.1,1.0,4,0,0.0,0
104661,20685,Electronics,Debit Card,1236.86,3,13.9,3.0,1,0,0.0,1
104662,27297,Home,Credit Card,623.19,5,5.1,9.0,5,0,0.0,0
104663,22729,Electronics,COD,1125.22,3,4.3,6.0,4,1,0.25,1
104664,24545,Beauty,Debit Card,1285.45,2,4.9,5.0,10,0,0.0,0
104665,20641,Beauty,UPI,863.92,6,0.5,4.0,10,4,0.4,0
104666,23068,Home,Credit Card,1303.91,4,4.0,3.0,1,0,0.0,0
104667,21198,Fashion,Credit Card,552.75,2,2.3,5.0,6,3,0.5,1
104668,24451,Beauty,Credit Card,3607.78,4,7.3,7.0,4,0,0.0,0
104669,23644,Home,UPI,425.48,3,7.4,5.0,5,1,0.2,0
104670,25869,Home,Credit Card,1887.25,3,17.4,6.0,7,2,0.286,0
104671,20839,Electronics,Wallet,346.13,3,8.4,9.0,6,0,0.0,1
104672,24500,Beauty,Credit Card,3193.84,4,7.5,4.0,2,2,1.0,0
104673,27807,Home,Credit Card,475.5,3,3.2,6.0,3,2,0.667,1
104674,20441,Fashion,Credit Card,1056.91,3,23.0,7.0,3,0,0.0,1
104675,23955,Electronics,Credit Card,354.88,3,1.1,3.0,3,2,0.667,0
104676,25700,Beauty,COD,242.26,1,48.4,5.0,7,4,0.571,1
104677,25388,Fashion,COD,1616.4,3,7.8,9.0,2,1,0.5,1
104678,28847,Books,UPI,2018.37,4,2.5,4.0,3,1,0.333,0
104679,21142,Home,Credit Card,1088.9,3,5.2,7.0,6,0,0.0,0
104680,22085,Home,Debit Card,1201.38,2,0.2,5.0,1,1,1.0,1
104681,22490,Fashion,Debit Card,1019.36,1,2.2,9.0,7,0,0.0,1
104682,28494,Fashion,Wallet,361.22,1,4.9,1.0,0,0,0.0,1
104683,20197,Books,Credit Card,332.69,2,9.7,5.0,5,1,0.2,1
104684,24914,Fashion,UPI,935.5,3,1.7,2.0,5,2,0.4,1
104685,27217,Beauty,Debit Card,544.71,2,13.5,3.0,3,0,0.0,0
104686,24480,Electronics,Debit Card,972.38,2,22.3,3.0,3,1,0.333,0
104687,22455,Fashion,Debit Card,1513.17,4,10.2,4.0,1,1,1.0,0
104688,28371,Fashion,Credit Card,511.62,2,4.2,2.0,9,0,0.0,0
104689,21787,Electronics,COD,1175.02,2,1.6,5.0,5,0,0.0,0
104690,21564,Books,Credit Card,1396.59,3,0.2,6.0,4,1,0.25,0
104691,28537,Electronics,UPI,1455.78,3,15.8,2.0,4,1,0.25,1
104692,27239,Electronics,Credit Card,602.99,2,11.9,4.0,4,0,0.0,0
104693,22020,Electronics,Wallet,1229.7,2,7.8,11.0,3,1,0.333,1
104694,28829,Electronics,Credit Card,1052.13,2,1.3,6.0,4,1,0.25,0
104695,26049,Electronics,COD,1384.95,3,2.8,1.0,2,1,0.5,1
104696,22493,Beauty,COD,2581.12,3,20.3,2.0,0,0,0.0,0
104697,27745,Electronics,Wallet,937.52,2,7.8,5.0,4,0,0.0,0
104698,24324,Electronics,Debit Card,655.32,3,39.5,5.0,2,0,0.0,0
104699,26844,Fashion,UPI,559.41,4,60.0,4.0,3,1,0.333,1
104700,22861,Books,Debit Card,2142.89,4,19.4,10.0,5,1,0.2,0
104701,20716,Fashion,Credit Card,954.28,2,3.6,11.0,6,1,0.167,1
104702,27635,Fashion,Debit Card,2966.57,4,3.2,4.0,3,0,0.0,0
104703,21161,Home,Credit Card,360.32,5,3.5,7.0,5,0,0.0,0
104704,21623,Home,Wallet,1330.05,2,51.9,7.0,5,0,0.0,0
104705,27827,Electronics,Credit Card,806.44,3,4.9,7.0,4,0,0.0,0
104706,20505,Electronics,UPI,984.97,5,14.7,4.0,4,2,0.5,0
104707,20504,Beauty,UPI,769.57,5,38.3,9.0,6,0,0.0,1
104708,20314,Fashion,UPI,934.25,1,20.6,5.0,3,0,0.0,0
104709,23641,Beauty,UPI,2488.45,10,10.9,6.0,2,0,0.0,1
104710,25952,Home,Credit Card,274.4,1,2.2,5.0,2,0,0.0,0
104711,21759,Electronics,UPI,850.25,2,2.3,5.0,4,0,0.0,1
104712,26646,Electronics,Debit Card,831.86,1,8.1,6.0,4,1,0.25,0
104713,25853,Fashion,Wallet,856.95,2,36.4,2.0,2,0,0.0,0
104714,25412,Beauty,COD,2117.2,4,28.2,1.0,5,1,0.2,0
104715,23692,Electronics,Wallet,792.57,3,2.2,5.0,1,0,0.0,0
104716,27575,Electronics,Credit Card,243.88,3,4.1,3.0,6,3,0.5,0
104717,27039,Home,Debit Card,1218.26,4,10.7,6.0,2,0,0.0,0
104718,24502,Books,Credit Card,1213.81,4,7.8,6.0,7,0,0.0,0
104719,24809,Electronics,Credit Card,928.24,2,1.5,5.0,3,0,0.0,0
104720,25967,Books,Credit Card,1058.05,1,5.5,8.0,7,2,0.286,1
104721,21664,Electronics,UPI,337.54,4,37.1,5.0,3,0,0.0,0
104722,24998,Fashion,Credit Card,1055.35,5,36.3,2.0,3,2,0.667,1
104723,27820,Fashion,UPI,442.74,2,9.8,5.0,6,0,0.0,0
104724,25692,Electronics,COD,456.91,3,12.1,8.0,4,0,0.0,0
104725,21955,Fashion,UPI,903.18,3,3.0,1.0,6,0,0.0,0
104726,20019,Fashion,Debit Card,1437.12,3,16.3,5.0,4,0,0.0,0
104727,20191,Books,Debit Card,652.34,1,0.6,6.0,1,1,1.0,0
104728,26784,Beauty,Debit Card,624.4,3,3.0,11.0,3,0,0.0,0
104729,21019,Home,Credit Card,499.06,1,0.1,8.0,7,1,0.143,1
104730,26132,Fashion,UPI,1902.81,4,5.8,5.0,4,1,0.25,1
104731,20318,Fashion,Debit Card,1834.63,5,22.8,6.0,3,0,0.0,1
104732,25664,Fashion,COD,552.75,2,48.6,1.0,4,1,0.25,1
104733,20589,Home,COD,375.97,1,13.2,3.0,1,0,0.0,0
104734,22937,Books,UPI,274.98,2,16.4,6.0,5,3,0.6,1
104735,22906,Electronics,Debit Card,841.76,4,3.7,5.0,3,0,0.0,1
104736,23223,Fashion,Credit Card,332.9,3,8.8,6.0,6,0,0.0,0
104737,20822,Electronics,COD,2661.95,2,16.0,5.0,3,0,0.0,0
104738,20734,Electronics,Debit Card,652.02,4,8.3,5.0,6,1,0.167,1
104739,24961,Electronics,Credit Card,2368.73,5,1.1,5.0,2,0,0.0,1
104740,21701,Home,Credit Card,2292.59,2,16.2,3.0,4,0,0.0,0
104741,27716,Home,Credit Card,1386.36,5,3.0,4.0,4,0,0.0,0
104742,27128,Fashion,COD,725.29,2,1.2,2.0,6,1,0.167,0
104743,23502,Fashion,Credit Card,492.62,4,7.8,4.0,4,0,0.0,0
104744,21285,Books,UPI,402.32,1,0.9,8.0,7,2,0.286,0
104745,27147,Fashion,Debit Card,2469.29,3,11.9,5.0,3,1,0.333,1
104746,21366,Fashion,UPI,1344.66,4,12.3,6.0,8,2,0.25,1
104747,26371,Fashion,COD,1238.59,5,3.6,5.0,6,0,0.0,0
104748,25970,Fashion,COD,2072.64,3,40.1,4.0,4,1,0.25,1
104749,27146,Electronics,Debit Card,1169.52,2,20.9,3.0,5,1,0.2,0
104750,26244,Beauty,Credit Card,996.67,4,1.4,4.0,4,1,0.25,0
104751,26225,Electronics,Debit Card,1073.91,3,16.6,5.0,7,2,0.286,0
104752,27967,Electronics,UPI,485.77,2,5.2,6.0,1,0,0.0,0
104753,20278,Home,UPI,952.66,6,16.6,5.0,7,1,0.143,0
104754,25030,Electronics,UPI,1075.93,5,19.4,6.0,4,1,0.25,1
104755,28527,Beauty,Credit Card,1317.89,3,2.0,2.0,6,0,0.0,0
104756,21601,Beauty,UPI,364.36,2,13.0,7.0,2,0,0.0,0
104757,26579,Fashion,Credit Card,1140.12,4,23.8,3.0,7,0,0.0,0
104758,23203,Beauty,COD,861.98,4,4.7,7.0,2,0,0.0,0
104759,27932,Electronics,Debit Card,549.36,3,1.0,6.0,2,1,0.5,1
104760,22355,Books,UPI,864.76,4,0.3,1.0,3,0,0.0,0
104761,20624,Electronics,Credit Card,191.28,2,1.4,7.0,3,0,0.0,1
104762,25038,Books,Debit Card,772.91,5,0.1,7.0,5,0,0.0,0
104763,26630,Beauty,UPI,398.17,2,4.8,8.0,8,1,0.125,1
104764,28576,Fashion,Credit Card,797.4,3,4.3,3.0,4,0,0.0,0
104765,28378,Electronics,COD,240.19,3,1.4,5.0,5,0,0.0,0
104766,22969,Books,UPI,610.66,1,12.6,7.0,2,0,0.0,0
104767,24415,Beauty,UPI,1879.58,4,57.8,7.0,6,1,0.167,1
104768,27707,Fashion,Debit Card,1134.95,5,27.7,6.0,4,0,0.0,0
104769,28284,Home,Debit Card,1272.3,3,3.5,4.0,4,0,0.0,1
104770,23811,Electronics,UPI,566.19,2,17.6,7.0,4,1,0.25,1
104771,27106,Fashion,Debit Card,524.85,6,33.1,7.0,5,0,0.0,0
104772,20102,Electronics,UPI,944.18,3,28.4,5.0,2,0,0.0,0
104773,26443,Fashion,Debit Card,1418.75,3,25.9,3.0,4,0,0.0,1
104774,20136,Beauty,Credit Card,492.02,4,18.5,3.0,10,1,0.1,0
104775,25185,Electronics,Credit Card,713.49,3,4.2,8.0,3,1,0.333,0
104776,24932,Beauty,Credit Card,813.25,3,1.0,7.0,2,1,0.5,1
104777,24597,Fashion,Debit Card,3013.46,1,8.0,5.0,7,2,0.286,1
104778,24624,Electronics,UPI,1245.35,4,0.7,5.0,5,0,0.0,0
104779,27417,Fashion,COD,245.48,2,60.0,1.0,5,1,0.2,1
104780,24449,Fashion,Credit Card,334.62,5,5.3,5.0,3,1,0.333,0
104781,23027,Fashion,Wallet,1688.25,4,38.1,2.0,4,0,0.0,0
104782,20117,Fashion,UPI,4837.56,4,17.8,5.0,0,0,0.0,0
104783,21769,Home,Wallet,920.17,4,6.4,8.0,3,0,0.0,0
104784,27305,Fashion,UPI,768.79,3,1.5,3.0,3,0,0.0,1
104785,23272,Electronics,UPI,997.29,2,3.2,6.0,5,0,0.0,0
104786,27817,Electronics,Credit Card,754.26,5,13.4,7.0,4,1,0.25,1
104787,28708,Beauty,Credit Card,167.35,2,21.3,5.0,3,0,0.0,0
104788,24827,Books,Credit Card,1435.02,2,46.6,4.0,6,1,0.167,0
104789,22313,Electronics,UPI,842.87,5,1.7,5.0,0,0,0.0,0
104790,28675,Electronics,Debit Card,2045.13,4,2.0,7.0,3,1,0.333,0
104791,26445,Fashion,COD,597.48,3,0.5,6.0,3,0,0.0,0
104792,23130,Books,Debit Card,1171.7,4,3.6,5.0,3,2,0.667,0
104793,23891,Fashion,COD,1286.23,2,20.6,8.0,3,0,0.0,1
104794,26910,Fashion,Credit Card,2070.11,4,2.7,6.0,3,0,0.0,0
104795,27238,Fashion,Credit Card,885.69,2,9.5,2.0,3,1,0.333,1
104796,22890,Electronics,Debit Card,1359.21,5,7.1,6.0,6,2,0.333,1
104797,25468,Fashion,Debit Card,2089.71,7,4.7,7.0,3,2,0.667,1
104798,24409,Beauty,Debit Card,1438.92,4,11.6,2.0,4,0,0.0,0
104799,26086,Fashion,COD,250.96,1,8.4,1.0,2,0,0.0,1
104800,27884,Home,Credit Card,507.7,4,4.9,3.0,2,1,0.5,1
104801,24646,Fashion,Debit Card,153.63,1,14.0,5.0,2,1,0.5,0
104802,20383,Fashion,COD,1725.12,4,3.9,7.0,3,0,0.0,0
104803,23693,Books,Credit Card,743.87,3,12.4,3.0,8,0,0.0,0
104804,20882,Fashion,Wallet,2182.0,6,37.8,6.0,2,1,0.5,1
104805,22290,Beauty,Wallet,981.22,2,15.7,1.0,3,1,0.333,0
104806,24514,Electronics,Credit Card,422.05,2,6.5,5.0,2,0,0.0,0
104807,28409,Fashion,Debit Card,1013.35,4,16.5,4.0,4,1,0.25,0
104808,23288,Books,Debit Card,717.96,3,19.9,10.0,6,0,0.0,0
104809,21192,Fashion,COD,654.43,3,4.7,1.0,2,0,0.0,0
104810,28968,Beauty,UPI,1333.74,2,14.7,5.0,10,0,0.0,0
104811,22598,Fashion,UPI,4254.58,3,6.8,1.0,2,0,0.0,0
104812,23165,Beauty,COD,1842.78,3,20.5,4.0,5,1,0.2,1
104813,24851,Fashion,Credit Card,1071.67,4,4.2,1.0,0,0,0.0,0
104814,24632,Electronics,COD,2008.23,3,33.3,10.0,3,0,0.0,0
104815,26853,Beauty,UPI,2152.35,2,10.3,4.0,3,1,0.333,1
104816,22598,Books,UPI,334.0,2,5.2,5.0,3,0,0.0,0
104817,28864,Books,COD,2271.19,4,6.5,5.0,7,0,0.0,0
104818,24843,Beauty,UPI,1496.85,3,5.1,3.0,2,0,0.0,0
104819,24279,Beauty,Credit Card,1110.84,1,1.9,7.0,3,0,0.0,0
104820,21558,Fashion,Debit Card,1254.57,2,0.9,6.0,10,4,0.4,1
104821,21676,Fashion,Debit Card,950.05,4,4.7,7.0,5,1,0.2,1
104822,25264,Fashion,Credit Card,2607.89,2,7.4,2.0,5,1,0.2,1
104823,22599,Electronics,Wallet,1156.4,3,5.4,7.0,2,0,0.0,0
104824,21653,Electronics,Credit Card,593.46,2,0.2,7.0,4,0,0.0,0
104825,21867,Electronics,UPI,1475.47,4,10.4,4.0,9,1,0.111,1
104826,23316,Fashion,UPI,1690.44,3,1.9,7.0,2,1,0.5,0
104827,27461,Home,Credit Card,815.2,2,2.8,6.0,1,0,0.0,0
104828,20607,Fashion,Wallet,1194.15,3,1.5,1.0,5,1,0.2,0
104829,20064,Electronics,COD,812.08,2,8.8,5.0,7,1,0.143,1
104830,22100,Electronics,UPI,634.77,3,1.2,4.0,7,3,0.429,1
104831,27286,Beauty,Credit Card,576.06,3,3.6,5.0,6,1,0.167,0
104832,23277,Home,Credit Card,524.81,5,7.2,7.0,7,0,0.0,1
104833,21609,Home,Debit Card,1914.83,2,2.2,1.0,3,0,0.0,0
104834,27680,Fashion,Credit Card,824.89,3,7.1,4.0,3,0,0.0,0
104835,28023,Electronics,UPI,155.74,5,5.0,3.0,4,0,0.0,0
104836,20583,Fashion,Wallet,1196.58,3,23.6,3.0,3,1,0.333,1
104837,21041,Electronics,UPI,1181.81,3,19.0,3.0,2,0,0.0,0
104838,21146,Electronics,COD,307.77,3,59.3,5.0,6,2,0.333,1
104839,27975,Fashion,UPI,572.42,3,9.0,6.0,4,0,0.0,0
104840,24858,Fashion,Debit Card,455.23,2,10.3,6.0,5,0,0.0,0
104841,25572,Books,COD,348.85,1,35.2,5.0,2,0,0.0,0
104842,26203,Books,Debit Card,1594.38,2,6.1,6.0,2,1,0.5,1
104843,24314,Electronics,COD,862.62,3,9.7,10.0,6,1,0.167,0
104844,24513,Fashion,Debit Card,596.0,2,5.7,5.0,3,2,0.667,1
104845,28098,Fashion,Credit Card,1510.22,2,9.5,7.0,2,1,0.5,1
104846,23288,Electronics,COD,733.05,1,1.0,7.0,1,0,0.0,1
104847,25052,Books,UPI,270.96,2,18.4,9.0,4,1,0.25,0
104848,28250,Fashion,COD,651.54,3,50.6,6.0,2,1,0.5,1
104849,25782,Beauty,Wallet,1321.24,4,0.8,3.0,5,1,0.2,0
104850,24475,Fashion,Credit Card,439.76,2,19.4,6.0,3,0,0.0,0
104851,21425,Books,UPI,4115.24,5,3.3,6.0,3,0,0.0,0
104852,23171,Electronics,Debit Card,824.11,2,2.6,7.0,2,1,0.5,1
104853,24717,Beauty,UPI,693.06,4,14.2,3.0,7,2,0.286,1
104854,24581,Electronics,COD,392.61,2,0.5,8.0,2,1,0.5,1
104855,26222,Home,Debit Card,1645.54,3,7.5,5.0,5,2,0.4,0
104856,22046,Fashion,UPI,522.1,2,0.0,7.0,4,0,0.0,0
104857,26800,Fashion,UPI,1368.0,4,9.7,6.0,3,1,0.333,1
104858,28576,Books,Credit Card,385.93,2,7.4,5.0,3,0,0.0,1
104859,22074,Books,COD,1136.0,4,29.6,6.0,6,1,0.167,0
104860,22505,Beauty,UPI,371.84,1,15.3,6.0,4,0,0.0,0
104861,20806,Home,Wallet,450.68,1,1.6,9.0,5,0,0.0,1
104862,25941,Beauty,Debit Card,755.18,5,5.3,1.0,2,0,0.0,0
104863,27007,Fashion,Credit Card,1425.03,2,32.2,6.0,4,0,0.0,0
104864,22997,Electronics,UPI,702.54,3,15.5,5.0,5,0,0.0,0
104865,28148,Electronics,Credit Card,1223.91,6,10.8,5.0,3,0,0.0,0
104866,23601,Home,Wallet,514.36,1,9.8,1.0,4,1,0.25,0
104867,27428,Electronics,Credit Card,3509.55,6,6.1,6.0,3,0,0.0,0
104868,28109,Fashion,COD,929.07,1,10.6,5.0,4,2,0.5,1
104869,20469,Home,UPI,2315.46,7,17.7,3.0,2,0,0.0,0
104870,24173,Beauty,Debit Card,365.98,3,1.6,5.0,2,0,0.0,0
104871,27775,Electronics,Credit Card,636.17,3,42.0,4.0,3,0,0.0,1
104872,28047,Fashion,UPI,1571.44,2,3.3,1.0,4,1,0.25,0
104873,26559,Fashion,UPI,269.74,1,7.1,5.0,5,0,0.0,1
104874,27037,Fashion,Debit Card,1280.66,5,0.3,6.0,3,1,0.333,1
104875,23443,Fashion,Wallet,497.78,3,9.6,4.0,7,1,0.143,0
104876,22523,Home,Debit Card,682.51,5,5.8,6.0,6,2,0.333,1
104877,26555,Home,Debit Card,3338.21,5,3.4,5.0,5,0,0.0,0
104878,25852,Home,UPI,838.46,1,50.8,7.0,2,1,0.5,1
104879,22289,Electronics,Credit Card,1389.16,2,6.7,5.0,5,1,0.2,1
104880,28417,Beauty,Wallet,1509.53,3,6.4,7.0,5,1,0.2,1
104881,20821,Fashion,Debit Card,867.6,3,7.5,4.0,4,3,0.75,0
104882,24749,Electronics,Credit Card,622.88,3,1.5,9.0,4,0,0.0,0
104883,21703,Beauty,Debit Card,956.68,5,6.0,4.0,2,0,0.0,1
104884,26351,Fashion,UPI,686.41,2,4.9,,4,0,0.0,0
104885,27770,Fashion,UPI,2235.78,2,7.5,5.0,2,2,1.0,1
104886,27019,Beauty,UPI,598.28,6,23.3,3.0,1,0,0.0,0
104887,23078,Electronics,Credit Card,873.51,5,2.6,2.0,7,0,0.0,0
104888,20401,Home,Debit Card,545.4,3,11.2,7.0,3,0,0.0,0
104889,26645,Fashion,COD,1778.06,3,0.5,1.0,7,0,0.0,0
104890,22780,Home,Credit Card,2868.6,3,4.6,3.0,2,0,0.0,0
104891,22439,Electronics,COD,926.9,2,7.7,2.0,1,0,0.0,0
104892,20866,Fashion,Credit Card,1539.68,5,0.9,5.0,6,1,0.167,0
104893,21251,Home,COD,996.35,3,9.4,1.0,1,1,1.0,1
104894,26270,Fashion,Debit Card,1226.35,3,4.5,6.0,4,0,0.0,0
104895,20805,Electronics,UPI,1732.01,4,59.2,6.0,6,2,0.333,1
104896,20950,Fashion,Credit Card,703.02,1,12.0,1.0,5,2,0.4,0
104897,25808,Fashion,Credit Card,1038.85,2,3.4,5.0,0,0,0.0,0
104898,27197,Fashion,Credit Card,1734.36,4,1.3,6.0,7,2,0.286,0
104899,28591,Fashion,Credit Card,264.97,2,0.5,7.0,7,0,0.0,0
104900,28805,Books,Debit Card,545.23,1,1.1,2.0,10,1,0.1,0
104901,24182,Fashion,UPI,924.91,2,13.7,1.0,5,1,0.2,0
104902,21870,Electronics,UPI,1563.07,5,23.2,8.0,2,0,0.0,1
104903,24814,Fashion,COD,851.31,3,2.0,3.0,4,0,0.0,0
104904,28623,Electronics,UPI,599.71,1,6.2,4.0,8,0,0.0,0
104905,25502,Books,UPI,790.59,5,5.2,6.0,7,1,0.143,0
104906,23348,Fashion,Debit Card,459.88,6,12.4,2.0,4,0,0.0,0
104907,26199,Books,Debit Card,1389.16,2,2.4,4.0,4,1,0.25,0
104908,23624,Fashion,Debit Card,551.44,4,36.8,7.0,6,1,0.167,1
104909,27978,Home,COD,856.65,3,15.6,2.0,5,0,0.0,0
104910,20791,Electronics,Credit Card,601.74,3,37.2,4.0,6,0,0.0,1
104911,24907,Beauty,Credit Card,1995.76,2,3.9,3.0,5,1,0.2,1
104912,20531,Home,UPI,1038.32,4,10.6,3.0,4,0,0.0,0
104913,23234,Electronics,Credit Card,639.25,2,15.8,8.0,5,1,0.2,1
104914,20132,Fashion,COD,1477.38,3,14.9,8.0,7,2,0.286,1
104915,26062,Fashion,COD,3972.03,4,0.3,6.0,3,1,0.333,1
104916,20849,Books,Credit Card,1389.31,4,60.0,6.0,4,0,0.0,0
104917,27750,Electronics,Credit Card,434.22,1,31.6,6.0,4,1,0.25,1
104918,23438,Electronics,Debit Card,1432.62,3,1.5,4.0,8,1,0.125,1
104919,28448,Beauty,UPI,367.12,3,9.4,6.0,3,1,0.333,1
104920,20638,Electronics,Credit Card,969.87,3,4.5,2.0,2,1,0.5,0
104921,20277,Books,UPI,3120.29,3,25.3,3.0,1,1,1.0,0
104922,26051,Home,UPI,598.63,1,14.3,5.0,6,1,0.167,0
104923,26772,Home,Debit Card,580.95,1,3.0,3.0,4,0,0.0,0
104924,28497,Beauty,Credit Card,779.74,2,0.4,2.0,4,0,0.0,0
104925,26583,Fashion,COD,960.48,5,4.1,3.0,4,1,0.25,1
104926,26369,Fashion,Credit Card,1470.58,5,0.5,8.0,3,0,0.0,0
104927,25134,Electronics,COD,1734.22,4,1.8,8.0,6,0,0.0,0
104928,23120,Fashion,Debit Card,892.53,4,12.1,5.0,4,1,0.25,1
104929,25798,Home,UPI,172.8,2,16.4,6.0,2,0,0.0,0
104930,26252,Books,COD,1610.16,5,7.6,4.0,3,0,0.0,0
104931,21039,Electronics,COD,3392.02,3,11.0,1.0,7,5,0.714,1
104932,20309,Electronics,Debit Card,869.04,4,2.0,3.0,5,0,0.0,0
104933,27021,Books,Credit Card,225.27,1,4.6,4.0,2,0,0.0,0
104934,25979,Electronics,COD,817.66,1,15.0,5.0,4,1,0.25,1
104935,22205,Electronics,Debit Card,3100.9,4,5.4,5.0,5,1,0.2,0
104936,25961,Electronics,Credit Card,1295.86,3,5.1,4.0,5,1,0.2,1
104937,21090,Books,Wallet,2654.8,3,2.6,4.0,2,0,0.0,0
104938,20597,Home,Credit Card,2147.55,6,10.8,6.0,5,1,0.2,1
104939,22110,Beauty,Credit Card,1664.46,4,19.9,2.0,7,1,0.143,1
104940,21436,Beauty,Credit Card,798.19,4,7.6,7.0,3,0,0.0,1
104941,28379,Electronics,UPI,1292.57,4,1.5,4.0,5,0,0.0,0
104942,26004,Electronics,UPI,1310.54,6,21.9,10.0,3,1,0.333,1
104943,25575,Beauty,Debit Card,1048.28,4,0.9,4.0,1,0,0.0,0
104944,21545,Electronics,Debit Card,809.96,3,7.7,4.0,6,2,0.333,1
104945,23142,Beauty,Debit Card,1394.22,5,3.6,4.0,5,0,0.0,0
104946,24384,Books,UPI,353.81,2,33.0,4.0,3,0,0.0,0
104947,28147,Home,Credit Card,1535.08,3,16.1,6.0,6,1,0.167,1
104948,27129,Home,Wallet,557.05,3,10.0,5.0,3,1,0.333,1
104949,21055,Beauty,Credit Card,1047.91,5,13.2,7.0,3,2,0.667,1
104950,21008,Beauty,Wallet,1150.14,3,9.1,6.0,4,0,0.0,0
104951,24255,Electronics,Credit Card,540.74,3,1.9,5.0,10,2,0.2,0
104952,22579,Fashion,COD,167.36,1,14.8,6.0,5,2,0.4,0
104953,28956,Electronics,Credit Card,432.76,1,8.1,8.0,6,0,0.0,0
104954,25667,Home,Credit Card,461.5,4,12.1,6.0,1,0,0.0,1
104955,28669,Electronics,COD,2045.23,6,0.6,6.0,6,2,0.333,0
104956,24897,Home,COD,385.47,2,1.8,6.0,2,0,0.0,0
104957,28224,Electronics,Debit Card,2655.11,4,10.7,2.0,3,1,0.333,1
104958,27189,Home,UPI,939.95,3,7.4,11.0,5,0,0.0,1
104959,23101,Fashion,UPI,797.98,2,3.1,6.0,3,1,0.333,1
104960,23440,Home,COD,287.42,3,3.3,6.0,3,0,0.0,0
104961,27470,Electronics,Debit Card,1028.88,3,12.0,5.0,3,0,0.0,1
104962,25716,Fashion,UPI,733.97,2,0.7,1.0,2,1,0.5,1
104963,27240,Fashion,Debit Card,353.23,2,6.8,4.0,2,0,0.0,1
104964,22988,Home,Debit Card,993.93,3,8.9,5.0,3,0,0.0,0
104965,21144,Electronics,COD,857.82,4,4.4,3.0,0,0,0.0,1
104966,25327,Fashion,Credit Card,828.18,3,20.6,3.0,4,1,0.25,0
104967,25047,Books,Credit Card,782.19,2,0.7,4.0,4,1,0.25,0
104968,26107,Home,UPI,917.68,5,24.1,7.0,2,0,0.0,0
104969,20950,Books,UPI,892.88,2,15.4,8.0,5,1,0.2,0
104970,27691,Electronics,Credit Card,1266.42,6,7.1,5.0,4,1,0.25,1
104971,26350,Electronics,Debit Card,1252.59,3,31.0,4.0,7,3,0.429,1
104972,22348,Beauty,Wallet,396.55,1,14.5,4.0,6,2,0.333,0
104973,25494,Electronics,Credit Card,406.52,2,32.1,5.0,5,1,0.2,1
104974,27543,Home,UPI,616.45,3,7.7,5.0,3,0,0.0,0
104975,21654,Fashion,UPI,2588.26,4,7.2,6.0,5,2,0.4,0
104976,24431,Electronics,Debit Card,1673.86,3,9.1,4.0,3,0,0.0,0
104977,22535,Fashion,Wallet,1127.8,1,0.8,6.0,7,1,0.143,0
104978,20672,Fashion,UPI,1175.71,1,28.7,6.0,10,3,0.3,1
104979,28045,Fashion,Debit Card,713.02,3,13.2,4.0,1,0,0.0,1
104980,24822,Fashion,UPI,919.71,2,11.5,1.0,5,0,0.0,0
104981,26086,Books,UPI,987.14,3,31.3,3.0,6,0,0.0,0
104982,21582,Fashion,UPI,1617.88,4,60.0,8.0,3,0,0.0,0
104983,28032,Home,COD,792.99,3,2.1,1.0,2,0,0.0,0
104984,25894,Beauty,Debit Card,575.81,1,16.6,,4,0,0.0,1
104985,27690,Home,Debit Card,985.03,3,10.4,1.0,2,0,0.0,0
104986,24436,Fashion,Credit Card,1498.93,4,7.4,3.0,5,0,0.0,0
104987,22034,Home,Credit Card,1397.91,3,45.6,4.0,3,0,0.0,0
104988,24076,Home,Credit Card,997.76,3,22.8,9.0,9,0,0.0,0
104989,20395,Home,COD,829.62,2,14.3,5.0,1,0,0.0,0
104990,23781,Beauty,UPI,1527.55,6,5.8,5.0,2,0,0.0,0
104991,25069,Books,UPI,2068.35,2,13.2,3.0,6,1,0.167,0
104992,26063,Home,UPI,385.73,4,9.1,6.0,3,1,0.333,0
104993,25454,Electronics,COD,430.42,2,3.4,4.0,5,0,0.0,0
104994,22967,Home,Debit Card,1824.25,5,7.2,4.0,5,3,0.6,0
104995,20916,Fashion,COD,1108.96,3,2.9,4.0,4,1,0.25,1
104996,27443,Beauty,Debit Card,1104.29,3,8.3,7.0,4,0,0.0,0
104997,26063,Fashion,Wallet,1625.62,4,15.3,7.0,4,0,0.0,0
104998,26661,Electronics,UPI,875.65,2,0.4,3.0,5,0,0.0,1
104999,27494,Beauty,Credit Card,778.66,4,17.4,4.0,1,0,0.0,0
105000,25723,Home,UPI,794.16,1,0.2,3.0,8,0,0.0,0
105001,27076,Electronics,UPI,955.12,3,8.7,5.0,4,2,0.5,0
105002,21313,Electronics,Credit Card,416.32,1,10.2,7.0,3,1,0.333,0
105003,28561,Beauty,UPI,1165.37,2,17.2,5.0,2,1,0.5,0
105004,28919,Electronics,Debit Card,804.82,1,17.2,1.0,2,0,0.0,0
105005,25475,Beauty,Credit Card,876.06,2,6.5,7.0,2,0,0.0,0
105006,22007,Fashion,Wallet,2157.8,2,0.8,2.0,4,0,0.0,0
105007,22891,Beauty,UPI,2091.01,3,14.2,,6,1,0.167,0
105008,25691,Beauty,COD,1720.59,3,8.6,5.0,3,0,0.0,1
105009,23358,Fashion,UPI,5079.49,4,4.9,5.0,6,2,0.333,0
105010,27453,Electronics,Debit Card,705.35,2,3.2,7.0,5,0,0.0,0
105011,26162,Fashion,UPI,713.67,3,1.5,4.0,4,2,0.5,1
105012,20149,Home,UPI,1290.51,2,4.2,3.0,4,0,0.0,0
105013,24508,Electronics,Wallet,810.56,3,7.4,4.0,6,3,0.5,0
105014,25266,Home,Credit Card,950.0,3,7.8,7.0,2,1,0.5,0
105015,25333,Fashion,COD,673.96,5,10.5,6.0,3,0,0.0,0
105016,28055,Fashion,Wallet,1357.37,3,5.4,5.0,1,1,1.0,1
105017,22223,Fashion,UPI,390.22,3,30.3,8.0,4,0,0.0,0
105018,21315,Electronics,Wallet,726.84,2,8.2,8.0,7,0,0.0,0
105019,22435,Home,Debit Card,934.58,3,6.6,7.0,3,2,0.667,0
105020,24863,Beauty,Wallet,592.86,2,0.6,2.0,4,1,0.25,0
105021,27045,Home,UPI,268.34,2,11.0,7.0,4,1,0.25,0
105022,21748,Electronics,Credit Card,377.8,4,11.1,5.0,3,0,0.0,0
105023,26269,Books,Wallet,602.81,3,10.5,4.0,6,2,0.333,0
105024,24175,Home,Debit Card,1303.41,3,26.2,3.0,4,2,0.5,1
105025,28443,Books,Debit Card,1121.77,3,17.3,5.0,6,2,0.333,0
105026,22687,Electronics,UPI,539.23,1,24.2,,4,0,0.0,0
105027,25215,Fashion,Credit Card,554.77,3,0.7,5.0,3,0,0.0,0
105028,28531,Fashion,Debit Card,1157.46,3,4.6,5.0,3,0,0.0,0
105029,23331,Home,COD,320.5,3,4.6,5.0,2,0,0.0,1
105030,24070,Fashion,Credit Card,223.94,3,12.8,6.0,2,0,0.0,0
105031,25379,Electronics,Credit Card,941.34,4,7.1,4.0,4,2,0.5,0
105032,22028,Electronics,Credit Card,784.87,4,18.0,3.0,5,0,0.0,0
105033,26898,Home,Debit Card,1414.42,2,5.8,1.0,4,0,0.0,0
105034,25050,Home,UPI,846.71,2,3.0,7.0,3,0,0.0,1
105035,26984,Fashion,COD,2932.43,4,4.1,5.0,4,0,0.0,0
105036,23220,Electronics,Wallet,783.85,4,2.4,5.0,3,0,0.0,0
105037,25309,Home,UPI,1263.16,3,2.6,8.0,1,0,0.0,0
105038,20527,Books,Credit Card,936.15,4,2.9,2.0,3,0,0.0,0
105039,28601,Home,Wallet,2495.34,4,0.2,5.0,3,1,0.333,0
105040,20037,Books,COD,1077.38,5,15.1,3.0,7,0,0.0,0
105041,26297,Beauty,UPI,1818.54,4,6.1,6.0,7,0,0.0,0
105042,26227,Home,UPI,403.43,2,0.3,1.0,4,0,0.0,0
105043,21147,Fashion,Wallet,848.97,4,5.5,7.0,2,0,0.0,0
105044,20863,Home,UPI,732.27,2,28.3,7.0,3,0,0.0,0
105045,25994,Home,Debit Card,2012.95,3,8.6,3.0,9,1,0.111,0
105046,26871,Home,UPI,206.08,2,51.9,5.0,3,1,0.333,0
105047,21020,Electronics,Credit Card,997.38,5,9.3,3.0,4,2,0.5,1
105048,22027,Electronics,Debit Card,757.04,3,39.5,6.0,5,1,0.2,0
105049,20066,Electronics,Debit Card,313.24,4,2.7,7.0,4,3,0.75,1
105050,21879,Electronics,Credit Card,714.0,3,4.1,3.0,5,1,0.2,0
105051,23998,Fashion,Credit Card,305.57,2,14.4,2.0,7,0,0.0,0
105052,28469,Beauty,Credit Card,232.97,3,52.0,7.0,2,0,0.0,1
105053,26905,Fashion,UPI,930.53,4,20.9,9.0,4,0,0.0,0
105054,23989,Fashion,COD,911.84,4,9.7,6.0,4,0,0.0,0
105055,27432,Electronics,Wallet,814.3,3,1.1,6.0,1,0,0.0,0
105056,21878,Home,Debit Card,896.31,2,5.4,4.0,4,3,0.75,1
105057,27827,Electronics,UPI,454.38,2,1.1,5.0,4,1,0.25,1
105058,21562,Fashion,Wallet,4219.49,7,4.5,,1,0,0.0,0
105059,21820,Home,Credit Card,1067.6,4,3.6,5.0,3,0,0.0,0
105060,20947,Electronics,UPI,1666.42,2,5.9,8.0,2,0,0.0,0
105061,23342,Books,COD,281.08,2,21.8,5.0,8,2,0.25,0
105062,20134,Books,Credit Card,330.06,1,2.0,6.0,3,1,0.333,0
105063,23155,Electronics,COD,1423.81,3,4.4,5.0,11,5,0.455,1
105064,26344,Electronics,COD,475.35,1,3.6,5.0,3,0,0.0,0
105065,21023,Home,Credit Card,495.42,3,4.2,8.0,5,0,0.0,0
105066,25487,Fashion,Credit Card,180.7,1,5.4,5.0,0,0,0.0,1
105067,28156,Electronics,Credit Card,1464.44,3,3.4,5.0,7,1,0.143,0
105068,26986,Electronics,Debit Card,1394.47,3,34.3,5.0,5,0,0.0,0
105069,26465,Books,UPI,891.2,2,6.5,4.0,4,0,0.0,0
105070,24417,Fashion,UPI,808.84,4,1.5,2.0,6,3,0.5,1
105071,27033,Home,Credit Card,558.52,4,7.6,8.0,6,2,0.333,1
105072,24088,Home,Wallet,746.04,2,2.4,7.0,8,1,0.125,0
105073,23780,Electronics,Debit Card,494.7,4,2.9,8.0,4,0,0.0,0
105074,24038,Fashion,Credit Card,600.86,3,4.0,3.0,2,0,0.0,0
105075,21875,Books,Debit Card,2321.33,4,1.6,8.0,1,0,0.0,0
105076,27149,Electronics,UPI,310.69,3,15.3,9.0,6,1,0.167,0
105077,23664,Home,Debit Card,1828.47,5,18.8,7.0,2,0,0.0,1
105078,22769,Fashion,Credit Card,2669.55,4,6.0,9.0,6,2,0.333,0
105079,28656,Electronics,Credit Card,2176.85,6,14.0,7.0,6,0,0.0,0
105080,26191,Electronics,COD,1546.34,5,5.9,3.0,3,0,0.0,0
105081,24351,Fashion,Wallet,714.2,3,2.2,6.0,1,0,0.0,0
105082,27342,Fashion,Debit Card,522.72,2,6.1,3.0,5,0,0.0,0
105083,27223,Beauty,Debit Card,141.33,1,9.8,4.0,3,0,0.0,0
105084,27106,Fashion,UPI,964.4,3,0.5,6.0,5,0,0.0,0
105085,28783,Fashion,UPI,605.0,2,12.8,,1,0,0.0,1
105086,20412,Electronics,Debit Card,358.23,1,16.3,6.0,1,1,1.0,1
105087,24819,Beauty,Wallet,931.93,3,23.6,1.0,1,1,1.0,1
105088,23343,Fashion,UPI,979.19,3,1.3,5.0,6,0,0.0,0
105089,26550,Home,Debit Card,831.63,5,0.0,6.0,4,0,0.0,0
105090,24000,Fashion,UPI,2027.22,2,0.9,7.0,6,1,0.167,0
105091,23026,Fashion,Wallet,1462.16,3,30.9,7.0,4,3,0.75,1
105092,22952,Fashion,COD,932.4,1,17.4,6.0,3,0,0.0,0
105093,22008,Beauty,Credit Card,886.54,3,21.7,4.0,3,1,0.333,1
105094,26500,Fashion,Debit Card,1281.83,3,8.7,6.0,4,1,0.25,0
105095,26567,Fashion,Debit Card,636.33,4,9.0,4.0,9,0,0.0,0
105096,22310,Electronics,Debit Card,1406.78,3,4.3,7.0,7,1,0.143,0
105097,27365,Beauty,UPI,834.36,3,22.2,6.0,6,3,0.5,1
105098,24074,Fashion,COD,417.12,2,21.2,5.0,5,0,0.0,1
105099,24102,Electronics,UPI,537.18,1,6.0,3.0,6,0,0.0,0
105100,27301,Fashion,Wallet,791.61,3,4.8,7.0,3,0,0.0,1
105101,25625,Electronics,Credit Card,3801.49,3,16.1,6.0,3,2,0.667,1
105102,23825,Home,COD,1000.05,2,0.3,10.0,4,0,0.0,0
105103,23635,Home,COD,1405.05,1,23.6,6.0,3,0,0.0,0
105104,24823,Electronics,Debit Card,2400.64,5,7.1,6.0,6,1,0.167,0
105105,27617,Electronics,UPI,787.8,2,7.0,2.0,5,0,0.0,0
105106,24149,Fashion,Credit Card,722.76,3,13.3,6.0,8,3,0.375,0
105107,24622,Electronics,COD,428.63,5,12.5,4.0,6,0,0.0,1
105108,28700,Fashion,UPI,456.69,2,3.7,,3,1,0.333,1
105109,21081,Beauty,Debit Card,1146.22,2,34.4,6.0,1,0,0.0,1
105110,27457,Books,UPI,908.57,4,51.5,7.0,3,0,0.0,0
105111,24279,Books,UPI,1181.81,3,9.0,10.0,5,2,0.4,0
105112,25430,Beauty,Credit Card,322.14,4,9.9,3.0,6,3,0.5,1
105113,24120,Home,Credit Card,1238.2,3,9.7,7.0,3,0,0.0,0
105114,24085,Home,Debit Card,1821.1,3,8.0,7.0,2,0,0.0,0
105115,23915,Fashion,UPI,325.01,3,34.8,9.0,5,0,0.0,1
105116,26614,Home,COD,1521.81,5,3.4,7.0,2,0,0.0,0
105117,26240,Electronics,Wallet,1724.5,2,1.4,6.0,4,1,0.25,0
105118,25880,Electronics,UPI,2584.68,3,31.8,7.0,3,0,0.0,0
105119,22687,Beauty,COD,569.34,2,2.9,7.0,6,0,0.0,0
105120,27048,Fashion,Debit Card,869.53,1,16.6,8.0,4,0,0.0,0
105121,23597,Electronics,UPI,2224.26,3,2.7,3.0,3,1,0.333,0
105122,22778,Books,Credit Card,1697.15,6,38.7,4.0,4,1,0.25,1
105123,26857,Fashion,Debit Card,2354.76,4,18.8,9.0,0,0,0.0,0
105124,28558,Electronics,UPI,923.15,3,30.1,1.0,3,0,0.0,0
105125,20963,Books,Credit Card,1379.86,4,36.2,5.0,5,0,0.0,0
105126,28087,Home,UPI,750.08,4,1.1,5.0,4,0,0.0,0
105127,26522,Electronics,COD,986.72,4,6.8,5.0,5,0,0.0,0
105128,27163,Fashion,Debit Card,1412.87,4,12.5,8.0,2,1,0.5,1
105129,24589,Electronics,Debit Card,621.0,3,19.5,6.0,2,0,0.0,1
105130,26217,Beauty,COD,476.2,1,3.3,4.0,3,2,0.667,1
105131,27475,Home,COD,1922.23,5,29.5,4.0,6,0,0.0,1
105132,25813,Electronics,Debit Card,1865.97,1,3.0,6.0,8,0,0.0,0
105133,21557,Fashion,Debit Card,318.46,4,24.1,8.0,4,1,0.25,1
105134,23588,Fashion,UPI,3087.92,3,8.6,5.0,8,1,0.125,0
105135,28301,Books,UPI,931.9,4,8.7,5.0,4,1,0.25,0
105136,27999,Electronics,Credit Card,1374.04,2,5.6,3.0,1,0,0.0,1
105137,25944,Home,Debit Card,1893.08,3,1.3,6.0,7,0,0.0,0
105138,22748,Fashion,COD,3113.23,5,5.1,6.0,4,1,0.25,1
105139,21807,Home,UPI,497.6,2,6.7,3.0,3,1,0.333,1
105140,28827,Books,Wallet,951.45,4,7.8,7.0,8,6,0.75,1
105141,26823,Home,COD,913.38,3,16.1,9.0,4,1,0.25,0
105142,23274,Fashion,Wallet,439.46,1,5.2,5.0,1,0,0.0,0
105143,26984,Home,Credit Card,2080.91,3,6.3,6.0,2,0,0.0,1
105144,21499,Beauty,COD,900.73,3,28.4,3.0,3,1,0.333,1
105145,22278,Electronics,Credit Card,505.1,6,16.8,7.0,5,0,0.0,0
105146,26179,Beauty,UPI,744.97,4,0.3,6.0,5,0,0.0,0
105147,22127,Home,Debit Card,517.41,6,20.1,4.0,6,0,0.0,0
105148,22148,Beauty,Debit Card,822.46,3,55.2,3.0,3,1,0.333,1
105149,24528,Home,COD,1412.1,3,33.7,9.0,5,0,0.0,0
105150,22204,Fashion,COD,735.43,4,21.7,6.0,1,0,0.0,0
105151,25293,Electronics,Credit Card,740.62,3,11.9,3.0,7,1,0.143,0
105152,23436,Fashion,UPI,653.09,2,3.9,7.0,3,0,0.0,0
105153,24822,Books,Debit Card,1026.34,3,12.8,6.0,2,0,0.0,0
105154,24265,Beauty,Debit Card,1484.45,4,14.3,5.0,1,0,0.0,0
105155,27664,Home,COD,1530.97,3,4.0,7.0,5,2,0.4,1
105156,22380,Electronics,Debit Card,3650.49,3,3.5,1.0,1,0,0.0,0
105157,22034,Fashion,Wallet,829.37,2,6.1,1.0,3,0,0.0,0
105158,26810,Beauty,Credit Card,1693.62,4,12.3,8.0,5,0,0.0,0
105159,27941,Electronics,UPI,297.09,2,4.2,5.0,4,0,0.0,0
105160,24544,Fashion,UPI,613.43,2,9.7,4.0,2,0,0.0,0
105161,27938,Home,Credit Card,654.8,2,27.5,2.0,5,1,0.2,0
105162,20711,Fashion,Debit Card,724.51,6,4.2,5.0,6,2,0.333,1
105163,27480,Electronics,COD,558.35,2,40.6,6.0,5,0,0.0,1
105164,28575,Electronics,COD,884.32,3,7.7,8.0,8,0,0.0,0
105165,26378,Fashion,Debit Card,899.57,5,1.3,6.0,3,1,0.333,0
105166,26431,Books,UPI,5188.75,4,0.7,4.0,3,0,0.0,1
105167,23763,Fashion,Credit Card,1282.63,3,5.0,6.0,5,0,0.0,1
105168,22063,Fashion,Credit Card,1809.15,1,3.6,,3,1,0.333,1
105169,23250,Fashion,Debit Card,1885.91,2,22.3,7.0,5,2,0.4,1
105170,24594,Beauty,Credit Card,742.19,4,16.1,6.0,5,0,0.0,0
105171,24431,Electronics,COD,964.72,3,25.9,6.0,4,0,0.0,0
105172,22813,Home,UPI,726.63,3,10.7,4.0,5,1,0.2,0
105173,20480,Fashion,Wallet,698.88,2,6.9,3.0,7,2,0.286,1
105174,24972,Fashion,UPI,428.68,2,3.8,2.0,2,0,0.0,0
105175,20547,Electronics,Wallet,723.71,3,10.5,6.0,5,2,0.4,1
105176,26378,Beauty,UPI,1170.3,3,11.5,6.0,7,0,0.0,0
105177,28955,Beauty,UPI,1151.91,3,6.0,7.0,5,0,0.0,0
105178,28065,Fashion,Wallet,634.0,1,33.1,6.0,6,3,0.5,1
105179,26331,Electronics,UPI,910.05,3,12.3,7.0,4,0,0.0,1
105180,24793,Books,Credit Card,1290.8,2,21.8,5.0,4,1,0.25,0
105181,23555,Electronics,UPI,933.48,4,11.6,7.0,4,1,0.25,0
105182,20388,Beauty,Wallet,2173.81,3,4.6,3.0,1,0,0.0,1
105183,23570,Fashion,COD,359.45,4,16.0,5.0,3,0,0.0,1
105184,25114,Books,UPI,1615.23,4,3.1,1.0,1,0,0.0,0
105185,27559,Beauty,UPI,1032.35,2,10.9,5.0,1,0,0.0,0
105186,24609,Books,Wallet,513.8,2,6.2,8.0,1,0,0.0,0
105187,21889,Home,Credit Card,622.31,2,1.9,5.0,5,0,0.0,1
105188,26403,Electronics,UPI,1017.85,2,6.4,7.0,5,2,0.4,1
105189,20802,Books,Debit Card,1886.93,4,4.5,6.0,4,0,0.0,0
105190,23174,Fashion,UPI,504.35,7,1.4,4.0,4,0,0.0,0
105191,28966,Electronics,UPI,1587.78,4,20.8,5.0,0,0,0.0,0
105192,25533,Home,Credit Card,925.31,5,8.3,8.0,5,2,0.4,1
105193,23350,Beauty,Credit Card,1852.85,3,5.1,7.0,4,2,0.5,0
105194,21178,Books,UPI,255.45,2,8.4,4.0,5,1,0.2,0
105195,28049,Fashion,Credit Card,4090.76,3,16.9,2.0,1,0,0.0,0
105196,27957,Beauty,Credit Card,783.83,6,0.2,5.0,3,0,0.0,0
105197,22444,Home,COD,2568.62,4,9.5,4.0,3,1,0.333,1
105198,25706,Fashion,Debit Card,522.43,1,7.8,5.0,4,2,0.5,1
105199,22079,Electronics,Debit Card,745.1,5,26.8,2.0,3,1,0.333,0
105200,28878,Fashion,Wallet,1105.86,3,9.7,7.0,2,1,0.5,1
105201,21597,Electronics,Credit Card,2019.53,4,1.8,5.0,6,1,0.167,1
105202,21158,Books,Debit Card,429.03,4,5.9,5.0,1,0,0.0,0
105203,28126,Home,UPI,1436.92,3,11.6,3.0,4,1,0.25,1
105204,24379,Home,COD,764.53,2,0.6,4.0,4,0,0.0,0
105205,25402,Books,Wallet,1088.77,2,25.9,5.0,2,1,0.5,0
105206,25832,Electronics,Wallet,1096.34,4,0.8,4.0,7,2,0.286,0
105207,26119,Beauty,COD,669.27,3,0.4,5.0,0,0,0.0,1
105208,23219,Electronics,Credit Card,624.43,5,0.0,8.0,4,1,0.25,1
105209,22347,Beauty,Credit Card,1412.18,3,13.8,1.0,4,1,0.25,0
105210,22788,Fashion,Debit Card,1407.64,3,7.3,5.0,4,0,0.0,0
105211,24831,Books,Credit Card,1620.53,4,1.3,3.0,4,0,0.0,0
105212,28690,Fashion,UPI,1219.09,3,23.3,8.0,8,2,0.25,0
105213,20566,Electronics,UPI,959.89,1,2.7,5.0,5,0,0.0,0
105214,23002,Beauty,Credit Card,1790.44,2,4.7,3.0,6,0,0.0,0
105215,22891,Electronics,COD,499.63,8,2.3,5.0,0,0,0.0,1
105216,26305,Home,Credit Card,188.95,2,31.4,6.0,1,0,0.0,0
105217,23290,Electronics,Debit Card,3413.48,5,17.0,11.0,2,0,0.0,0
105218,24098,Home,UPI,544.62,5,15.4,1.0,6,0,0.0,0
105219,28679,Fashion,Debit Card,401.35,2,0.5,2.0,3,1,0.333,1
105220,27807,Fashion,Debit Card,916.52,4,8.9,8.0,7,0,0.0,1
105221,21464,Fashion,Credit Card,403.74,4,10.3,,1,0,0.0,0
105222,22607,Electronics,Debit Card,750.21,3,5.8,5.0,7,2,0.286,0
105223,26131,Fashion,COD,534.03,3,4.7,4.0,4,0,0.0,1
105224,23090,Electronics,Wallet,473.43,1,22.9,4.0,4,0,0.0,0
105225,23254,Electronics,Debit Card,1115.67,3,0.3,5.0,3,0,0.0,1
105226,20606,Fashion,Debit Card,1085.46,6,11.8,4.0,6,1,0.167,1
105227,21312,Home,UPI,607.98,2,6.0,7.0,6,0,0.0,0
105228,20668,Beauty,Wallet,1271.49,4,13.2,8.0,5,1,0.2,1
105229,28906,Fashion,Credit Card,1441.08,2,2.6,6.0,4,0,0.0,0
105230,25055,Home,Debit Card,1424.79,1,3.3,4.0,3,1,0.333,1
105231,20493,Home,COD,955.3,4,10.6,6.0,6,0,0.0,1
105232,20895,Electronics,UPI,3639.69,5,46.9,7.0,2,0,0.0,1
105233,22885,Home,Credit Card,1303.23,2,44.1,7.0,4,0,0.0,0
105234,21584,Electronics,UPI,367.74,2,3.4,6.0,4,1,0.25,0
105235,28977,Electronics,Credit Card,361.35,2,1.3,8.0,1,0,0.0,0
105236,27098,Fashion,UPI,770.3,4,10.7,4.0,4,1,0.25,1
105237,24153,Home,UPI,1832.32,2,6.5,8.0,1,0,0.0,0
105238,25121,Home,COD,403.1,1,17.2,7.0,4,0,0.0,1
105239,23557,Fashion,Debit Card,349.93,4,9.0,4.0,2,0,0.0,0
105240,26995,Electronics,Credit Card,822.19,3,8.6,6.0,9,4,0.444,1
105241,22897,Books,Credit Card,165.95,1,12.5,6.0,3,0,0.0,0
105242,20541,Electronics,COD,708.31,6,1.6,5.0,3,0,0.0,0
105243,24310,Electronics,Credit Card,382.9,1,13.6,5.0,6,0,0.0,0
105244,20440,Books,Debit Card,1031.85,3,8.0,2.0,6,0,0.0,0
105245,21023,Home,Credit Card,1006.76,1,20.6,3.0,8,1,0.125,0
105246,25768,Home,COD,2023.05,6,1.8,4.0,3,0,0.0,0
105247,26617,Beauty,Debit Card,600.12,5,4.3,4.0,7,0,0.0,0
105248,21171,Beauty,Debit Card,871.42,4,36.0,3.0,3,1,0.333,1
105249,28726,Electronics,Debit Card,570.11,1,9.7,7.0,6,0,0.0,1
105250,21201,Electronics,COD,465.3,1,31.8,5.0,6,3,0.5,1
105251,20624,Electronics,UPI,1036.02,5,14.0,10.0,4,2,0.5,1
105252,22784,Books,UPI,273.95,2,31.3,5.0,4,0,0.0,0
105253,21252,Home,COD,609.77,5,4.6,7.0,2,0,0.0,1
105254,22006,Fashion,Wallet,855.24,4,1.1,5.0,4,1,0.25,0
105255,26629,Beauty,Debit Card,120.38,2,19.4,4.0,2,0,0.0,0
105256,25796,Electronics,Wallet,1599.64,4,19.6,6.0,1,0,0.0,1
105257,27099,Fashion,Credit Card,413.93,3,11.6,8.0,1,1,1.0,1
105258,28964,Electronics,Debit Card,1162.91,2,10.4,5.0,7,4,0.571,0
105259,20753,Electronics,COD,1744.23,5,29.6,6.0,11,0,0.0,1
105260,27717,Beauty,Credit Card,392.99,1,2.3,6.0,2,0,0.0,0
105261,28188,Fashion,Credit Card,1719.24,3,11.5,5.0,2,0,0.0,0
105262,25869,Beauty,Debit Card,1473.25,3,0.6,5.0,1,0,0.0,1
105263,20119,Home,UPI,783.62,3,1.8,3.0,2,0,0.0,0
105264,24346,Fashion,Debit Card,597.96,2,6.9,5.0,3,0,0.0,0
105265,28119,Books,UPI,1487.59,2,20.7,6.0,0,0,0.0,0
105266,28656,Electronics,COD,1399.58,5,15.9,6.0,3,0,0.0,0
105267,26461,Fashion,UPI,1765.39,3,43.8,5.0,3,0,0.0,1
105268,26490,Electronics,Credit Card,183.68,2,0.6,7.0,5,1,0.2,1
105269,26968,Beauty,Wallet,1291.82,5,5.8,5.0,6,3,0.5,1
105270,25924,Electronics,Credit Card,472.61,5,2.1,5.0,5,0,0.0,0
105271,24081,Fashion,Credit Card,758.32,2,0.5,7.0,3,0,0.0,0
105272,28379,Fashion,Credit Card,1181.88,2,3.7,5.0,3,0,0.0,0
105273,26344,Fashion,UPI,2677.91,3,3.4,4.0,4,0,0.0,1
105274,27440,Beauty,Credit Card,438.64,2,6.5,6.0,1,0,0.0,0
105275,21194,Electronics,Credit Card,794.51,4,1.8,5.0,5,2,0.4,0
105276,22303,Fashion,Debit Card,727.24,2,8.0,4.0,5,1,0.2,0
105277,23166,Fashion,Debit Card,606.94,4,30.3,5.0,4,0,0.0,0
105278,23462,Electronics,UPI,1385.35,2,16.5,5.0,7,1,0.143,1
105279,26070,Books,COD,904.38,3,22.2,3.0,4,1,0.25,1
105280,21866,Electronics,COD,1550.18,7,19.6,6.0,3,1,0.333,0
105281,26648,Books,Credit Card,1368.42,3,5.9,9.0,2,0,0.0,0
105282,26475,Electronics,Credit Card,1166.42,5,14.8,3.0,6,0,0.0,0
105283,25797,Fashion,Wallet,577.54,3,16.8,4.0,4,1,0.25,0
105284,23968,Beauty,Credit Card,908.23,3,2.8,11.0,6,1,0.167,0
105285,20080,Electronics,COD,728.52,5,23.6,3.0,6,0,0.0,0
105286,22068,Home,Credit Card,1006.36,3,7.3,8.0,3,1,0.333,0
105287,28318,Books,Wallet,1715.52,3,0.2,4.0,5,2,0.4,1
105288,20044,Fashion,Debit Card,711.92,7,12.4,5.0,4,0,0.0,1
105289,22144,Fashion,Debit Card,434.3,4,13.6,5.0,3,1,0.333,1
105290,22787,Home,UPI,971.51,3,9.6,6.0,2,1,0.5,0
105291,25015,Fashion,UPI,485.85,2,2.9,2.0,3,0,0.0,0
105292,24472,Fashion,Debit Card,555.04,1,7.9,5.0,6,0,0.0,1
105293,20703,Fashion,UPI,1143.16,3,6.1,4.0,3,0,0.0,0
105294,20206,Fashion,UPI,260.63,3,44.1,1.0,3,0,0.0,0
105295,28608,Beauty,Credit Card,1426.84,3,20.9,7.0,4,1,0.25,0
105296,27300,Fashion,Credit Card,467.55,3,17.2,1.0,2,1,0.5,1
105297,28637,Electronics,Debit Card,759.88,2,2.4,10.0,1,1,1.0,1
105298,28665,Home,Credit Card,1037.0,8,4.8,6.0,5,0,0.0,1
105299,23458,Electronics,UPI,957.86,6,5.7,2.0,1,0,0.0,1
105300,24831,Fashion,Credit Card,2606.28,3,8.1,8.0,3,1,0.333,1
105301,26324,Beauty,Debit Card,1615.57,6,0.4,3.0,3,0,0.0,0
105302,22665,Fashion,Credit Card,1325.29,2,10.8,3.0,3,2,0.667,1
105303,28980,Beauty,UPI,1192.39,4,5.3,1.0,0,0,0.0,0
105304,25940,Beauty,Credit Card,1935.05,6,9.9,3.0,4,1,0.25,0
105305,22457,Electronics,Credit Card,989.3,2,0.1,3.0,5,0,0.0,0
105306,28346,Electronics,Credit Card,1268.79,4,4.7,7.0,0,0,0.0,1
105307,22019,Electronics,Wallet,2116.33,4,17.6,8.0,3,1,0.333,0
105308,26176,Electronics,Credit Card,845.96,2,8.3,2.0,5,0,0.0,0
105309,23284,Beauty,UPI,2145.42,1,18.7,6.0,0,0,0.0,1
105310,24436,Beauty,Credit Card,1678.45,3,14.4,1.0,3,0,0.0,0
105311,24111,Electronics,Credit Card,476.08,3,23.2,6.0,3,0,0.0,0
105312,24900,Home,UPI,489.84,1,0.1,10.0,5,0,0.0,0
105313,22440,Books,Debit Card,977.33,2,3.6,1.0,5,0,0.0,0
105314,21180,Books,Wallet,968.75,3,9.6,3.0,6,0,0.0,0
105315,21939,Electronics,Wallet,1644.63,4,34.0,7.0,5,0,0.0,1
105316,22951,Electronics,COD,1242.38,2,13.7,7.0,6,3,0.5,0
105317,25837,Fashion,UPI,417.2,3,7.3,3.0,5,1,0.2,1
105318,20430,Books,Debit Card,2349.11,4,1.7,8.0,7,0,0.0,0
105319,23301,Fashion,Debit Card,571.62,2,8.2,3.0,6,0,0.0,0
105320,25691,Home,Wallet,659.69,3,7.0,9.0,2,1,0.5,1
105321,21225,Fashion,UPI,380.14,1,18.1,6.0,4,0,0.0,1
105322,21853,Fashion,UPI,884.61,1,6.4,8.0,5,1,0.2,0
105323,25495,Electronics,Credit Card,1136.42,6,4.6,6.0,3,0,0.0,0
105324,26872,Books,Credit Card,633.45,3,1.1,6.0,4,0,0.0,0
105325,23158,Fashion,Wallet,597.17,2,0.6,7.0,5,0,0.0,0
105326,24980,Home,Debit Card,262.37,2,6.9,8.0,3,0,0.0,0
105327,22535,Fashion,Debit Card,328.55,1,5.1,5.0,3,0,0.0,0
105328,27405,Fashion,Credit Card,448.34,3,9.7,3.0,3,2,0.667,0
105329,22339,Electronics,COD,655.29,2,14.9,5.0,4,0,0.0,0
105330,20703,Electronics,Credit Card,1147.21,2,0.5,4.0,4,0,0.0,0
105331,28709,Fashion,COD,1697.73,5,8.2,4.0,4,3,0.75,0
105332,28526,Electronics,Credit Card,2004.91,3,23.8,9.0,5,1,0.2,0
105333,21047,Fashion,COD,1432.19,2,7.3,6.0,3,1,0.333,0
105334,24713,Electronics,UPI,686.87,3,8.8,6.0,5,0,0.0,0
105335,22284,Books,Credit Card,550.84,1,8.0,7.0,4,0,0.0,0
105336,22120,Books,UPI,1068.08,4,5.9,6.0,7,0,0.0,0
105337,20453,Electronics,Debit Card,299.62,4,1.4,9.0,1,0,0.0,0
105338,27056,Home,Credit Card,262.34,1,1.6,1.0,2,1,0.5,1
105339,22871,Books,COD,853.15,3,2.4,3.0,4,0,0.0,0
105340,28764,Fashion,Debit Card,981.82,4,18.9,3.0,3,0,0.0,0
105341,26209,Beauty,Debit Card,740.55,1,3.9,2.0,4,1,0.25,0
105342,22973,Books,Credit Card,1017.15,2,35.5,5.0,4,1,0.25,0
105343,26571,Fashion,Debit Card,188.21,1,19.9,5.0,4,1,0.25,1
105344,28759,Fashion,COD,743.34,1,13.8,9.0,3,0,0.0,0
105345,22155,Books,Debit Card,1212.33,4,15.3,7.0,8,0,0.0,0
105346,22032,Electronics,Wallet,1371.05,3,0.6,4.0,4,2,0.5,0
105347,22249,Fashion,Wallet,1460.73,2,10.1,6.0,5,1,0.2,1
105348,28000,Fashion,Credit Card,999.66,4,34.0,1.0,4,0,0.0,0
105349,21634,Electronics,Credit Card,1991.53,3,0.5,5.0,2,0,0.0,0
105350,20356,Home,COD,451.66,2,4.1,5.0,0,0,0.0,0
105351,21272,Home,Debit Card,436.65,2,0.6,3.0,7,1,0.143,0
105352,20695,Books,Credit Card,1408.68,4,10.1,5.0,3,0,0.0,1
105353,26799,Fashion,Credit Card,436.48,1,1.5,3.0,4,0,0.0,0
105354,24420,Electronics,UPI,1274.27,4,7.8,3.0,4,0,0.0,0
105355,20116,Electronics,COD,3118.46,3,15.3,6.0,4,2,0.5,0
105356,23532,Electronics,Credit Card,975.23,2,2.2,7.0,2,1,0.5,0
105357,23909,Fashion,Credit Card,874.7,2,16.9,6.0,2,0,0.0,1
105358,28299,Books,Wallet,559.91,3,0.7,4.0,1,0,0.0,0
105359,22636,Beauty,COD,340.13,3,1.9,4.0,4,2,0.5,1
105360,26822,Electronics,UPI,903.05,3,3.9,4.0,2,0,0.0,0
105361,25171,Home,COD,2065.79,4,19.1,5.0,4,1,0.25,0
105362,23019,Fashion,Debit Card,448.65,1,22.8,3.0,3,1,0.333,1
105363,23373,Electronics,COD,1200.13,3,3.0,7.0,3,0,0.0,1
105364,21750,Home,Debit Card,2563.29,4,1.2,5.0,5,1,0.2,0
105365,24615,Electronics,Credit Card,2525.15,4,22.6,7.0,4,2,0.5,1
105366,22763,Books,UPI,1575.0,5,12.6,2.0,6,1,0.167,0
105367,24977,Home,Debit Card,1044.58,3,2.1,3.0,4,1,0.25,0
105368,24831,Electronics,Wallet,309.63,2,9.8,7.0,1,0,0.0,0
105369,21200,Beauty,Debit Card,746.23,4,24.7,7.0,5,0,0.0,1
105370,28929,Fashion,Wallet,650.75,2,0.9,2.0,3,1,0.333,0
105371,20948,Electronics,Wallet,326.56,1,1.0,6.0,5,3,0.6,1
105372,20717,Electronics,Credit Card,893.95,2,3.8,6.0,5,0,0.0,1
105373,21247,Electronics,COD,1714.69,1,12.7,3.0,4,0,0.0,0
105374,25516,Beauty,Debit Card,3316.07,6,2.4,6.0,0,0,0.0,0
105375,23147,Electronics,Wallet,1260.77,4,20.3,2.0,4,1,0.25,1
105376,20096,Beauty,Debit Card,869.28,1,16.7,3.0,1,0,0.0,0
105377,20552,Home,UPI,703.44,4,9.9,6.0,5,0,0.0,0
105378,27592,Electronics,Debit Card,1310.88,1,1.5,5.0,6,1,0.167,0
105379,23881,Beauty,Credit Card,301.69,2,53.3,5.0,4,2,0.5,1
105380,28959,Fashion,Credit Card,941.71,1,8.1,5.0,7,0,0.0,0
105381,20868,Fashion,Debit Card,733.15,1,7.2,6.0,2,0,0.0,0
105382,26659,Electronics,COD,489.34,2,60.0,6.0,5,0,0.0,1
105383,22860,Fashion,UPI,960.9,4,23.9,7.0,4,0,0.0,0
105384,21841,Fashion,UPI,275.74,1,7.3,5.0,6,0,0.0,0
105385,21551,Home,Debit Card,489.96,3,6.5,4.0,3,0,0.0,0
105386,22552,Electronics,Debit Card,296.47,2,1.2,4.0,4,0,0.0,0
105387,25436,Electronics,Credit Card,2283.5,7,31.3,3.0,2,0,0.0,0
105388,22459,Books,COD,2509.72,5,22.3,4.0,5,0,0.0,0
105389,25764,Home,Wallet,210.5,2,4.5,4.0,3,1,0.333,0
105390,20071,Beauty,Debit Card,2320.54,2,16.8,9.0,2,2,1.0,1
105391,24855,Fashion,Credit Card,936.45,3,17.3,3.0,1,0,0.0,0
105392,27333,Home,Credit Card,1122.39,3,3.1,7.0,3,2,0.667,1
105393,22666,Beauty,UPI,551.38,6,11.4,4.0,2,0,0.0,0
105394,24220,Home,UPI,2405.81,4,3.5,5.0,6,1,0.167,1
105395,21898,Home,COD,868.46,2,18.7,6.0,7,1,0.143,0
105396,26674,Electronics,Credit Card,2156.93,4,2.0,2.0,1,0,0.0,1
105397,28296,Fashion,COD,1602.13,2,13.3,3.0,1,1,1.0,1
105398,27615,Electronics,UPI,2426.18,4,4.7,2.0,5,2,0.4,1
105399,21640,Electronics,Debit Card,738.17,4,0.4,4.0,7,1,0.143,0
105400,23296,Beauty,UPI,679.8,2,1.6,3.0,2,0,0.0,0
105401,21877,Fashion,Credit Card,377.28,1,12.8,8.0,4,0,0.0,0
105402,28252,Books,Debit Card,1613.83,3,3.3,4.0,1,0,0.0,0
105403,22592,Books,COD,1486.91,5,12.0,1.0,3,0,0.0,0
105404,20905,Fashion,Debit Card,1791.47,3,6.4,4.0,2,0,0.0,0
105405,24303,Electronics,COD,2123.44,4,14.2,7.0,5,2,0.4,0
105406,23368,Beauty,UPI,386.37,4,8.1,9.0,5,0,0.0,0
105407,24222,Books,Credit Card,1224.71,1,4.4,4.0,1,1,1.0,1
105408,21136,Electronics,UPI,1668.74,3,1.9,4.0,5,0,0.0,0
105409,21821,Electronics,UPI,755.8,3,5.0,5.0,7,2,0.286,1
105410,22510,Electronics,Debit Card,1163.49,3,12.1,6.0,3,0,0.0,0
105411,24901,Home,Credit Card,875.77,3,16.2,3.0,8,1,0.125,1
105412,22114,Fashion,Debit Card,1114.55,2,2.1,4.0,4,0,0.0,0
105413,21617,Home,Credit Card,435.79,1,13.1,5.0,5,1,0.2,0
105414,20227,Fashion,Credit Card,1026.52,2,2.4,5.0,5,1,0.2,0
105415,26391,Fashion,Debit Card,982.1,3,3.0,5.0,7,1,0.143,0
105416,27215,Electronics,Debit Card,420.18,1,9.1,3.0,4,2,0.5,1
105417,20055,Electronics,Wallet,863.21,2,4.1,6.0,6,2,0.333,1
105418,21711,Electronics,Debit Card,6177.08,5,13.0,5.0,6,1,0.167,1
105419,27796,Electronics,COD,625.15,3,37.4,5.0,5,0,0.0,0
105420,28128,Electronics,UPI,811.87,3,1.9,3.0,3,2,0.667,1
105421,28117,Fashion,UPI,364.72,1,10.1,6.0,5,1,0.2,0
105422,27054,Electronics,Credit Card,388.41,1,30.8,3.0,6,0,0.0,1
105423,23132,Books,Wallet,2176.22,6,2.3,9.0,3,1,0.333,0
105424,26093,Electronics,UPI,1449.3,3,5.5,2.0,2,0,0.0,0
105425,28763,Electronics,COD,939.91,3,1.6,7.0,4,0,0.0,1
105426,24975,Home,Debit Card,1425.6,2,12.3,1.0,3,1,0.333,0
105427,22128,Books,Credit Card,1518.34,3,13.3,1.0,2,0,0.0,0
105428,24051,Fashion,UPI,988.06,4,13.1,4.0,8,0,0.0,0
105429,21189,Home,Credit Card,485.12,5,9.4,1.0,5,3,0.6,1
105430,21001,Home,Debit Card,2194.59,6,16.5,7.0,5,0,0.0,1
105431,26171,Home,Credit Card,1595.2,7,0.4,5.0,3,0,0.0,0
105432,28547,Fashion,UPI,1460.14,7,37.9,8.0,2,0,0.0,1
105433,20801,Home,Wallet,713.14,3,3.0,5.0,3,0,0.0,0
105434,20836,Fashion,Debit Card,1903.61,5,1.6,6.0,4,1,0.25,1
105435,28263,Home,COD,1342.44,4,34.0,4.0,7,4,0.571,0
105436,26836,Home,UPI,668.13,2,21.3,3.0,4,0,0.0,0
105437,27110,Fashion,Debit Card,452.16,3,17.4,4.0,6,1,0.167,1
105438,20973,Beauty,Wallet,1790.17,3,1.3,2.0,2,0,0.0,0
105439,20782,Fashion,COD,1355.94,3,19.8,6.0,3,0,0.0,0
105440,28518,Beauty,COD,1419.36,5,11.3,4.0,7,1,0.143,0
105441,27624,Electronics,Debit Card,270.92,6,15.8,5.0,3,0,0.0,0
105442,21524,Fashion,UPI,922.02,3,45.8,11.0,6,3,0.5,1
105443,26113,Fashion,Credit Card,471.2,1,2.6,4.0,1,0,0.0,0
105444,24446,Books,Debit Card,840.18,5,8.4,6.0,7,3,0.429,1
105445,28740,Fashion,Debit Card,1712.46,4,16.8,5.0,2,0,0.0,0
105446,21699,Fashion,COD,1869.89,5,6.8,8.0,3,0,0.0,1
105447,27869,Electronics,COD,1225.86,3,0.7,6.0,5,0,0.0,0
105448,20862,Home,Debit Card,2030.18,4,1.4,4.0,2,1,0.5,0
105449,20787,Electronics,Credit Card,659.41,5,11.1,10.0,5,2,0.4,0
105450,22669,Fashion,COD,586.62,2,4.0,3.0,2,0,0.0,0
105451,25386,Fashion,Credit Card,805.49,2,1.8,5.0,9,1,0.111,0
105452,26433,Fashion,UPI,530.26,2,5.0,7.0,2,0,0.0,1
105453,24709,Fashion,Credit Card,1191.39,2,2.7,3.0,6,1,0.167,0
105454,24842,Electronics,Debit Card,975.12,6,0.3,7.0,3,1,0.333,1
105455,22543,Home,Wallet,2653.78,5,2.0,4.0,0,0,0.0,0
105456,27215,Fashion,Credit Card,440.49,2,25.8,7.0,3,2,0.667,1
105457,25523,Electronics,Debit Card,3389.7,3,0.1,7.0,2,1,0.5,0
105458,21127,Electronics,Debit Card,3187.16,3,17.8,5.0,4,1,0.25,0
105459,26538,Books,Wallet,1028.95,4,16.8,3.0,5,0,0.0,0
105460,23701,Books,COD,2653.36,6,10.0,4.0,1,0,0.0,0
105461,20225,Beauty,Credit Card,856.53,4,2.8,5.0,5,1,0.2,0
105462,28053,Fashion,Credit Card,1414.52,2,25.3,7.0,1,1,1.0,1
105463,27992,Fashion,UPI,848.71,3,7.7,6.0,1,0,0.0,1
105464,27979,Electronics,Debit Card,436.17,3,2.3,6.0,2,0,0.0,0
105465,28095,Fashion,UPI,92.47,2,6.7,6.0,9,1,0.111,0
105466,28505,Electronics,Credit Card,926.97,4,2.6,7.0,4,0,0.0,0
105467,27726,Beauty,Credit Card,1115.15,3,5.7,5.0,4,2,0.5,0
105468,25856,Beauty,UPI,1710.88,2,8.2,5.0,5,0,0.0,0
105469,22791,Beauty,Credit Card,1244.75,5,5.4,5.0,4,0,0.0,0
105470,27942,Electronics,COD,2222.67,5,12.8,4.0,2,0,0.0,0
105471,21162,Home,Credit Card,1097.28,7,33.0,7.0,4,3,0.75,1
105472,25710,Electronics,Credit Card,770.42,3,5.1,7.0,3,2,0.667,1
105473,21941,Fashion,Wallet,1449.53,2,5.3,8.0,4,0,0.0,0
105474,25634,Home,Debit Card,214.97,3,16.1,3.0,8,0,0.0,0
105475,21860,Fashion,UPI,950.6,3,9.1,,9,2,0.222,1
105476,25280,Electronics,Credit Card,605.83,2,6.7,7.0,2,0,0.0,0
105477,21994,Electronics,UPI,3259.48,7,20.2,8.0,4,0,0.0,1
105478,25011,Home,UPI,687.02,3,26.6,2.0,5,0,0.0,0
105479,21359,Beauty,Debit Card,1660.16,5,10.7,5.0,2,0,0.0,0
105480,28264,Electronics,COD,1893.26,4,2.5,5.0,4,0,0.0,0
105481,26212,Beauty,UPI,497.28,5,7.5,8.0,3,0,0.0,1
105482,24051,Fashion,Debit Card,708.36,2,8.4,1.0,3,0,0.0,1
105483,28411,Electronics,UPI,939.87,5,6.8,3.0,4,0,0.0,0
105484,28274,Home,UPI,1358.79,2,3.7,8.0,3,1,0.333,0
105485,25004,Home,Credit Card,1154.73,2,7.7,4.0,3,2,0.667,0
105486,24740,Books,Debit Card,669.58,2,7.1,2.0,3,0,0.0,0
105487,26883,Fashion,Debit Card,290.49,1,2.8,8.0,5,1,0.2,0
105488,26624,Home,Debit Card,2030.5,4,28.0,2.0,3,0,0.0,0
105489,22944,Home,COD,522.91,1,26.0,7.0,2,2,1.0,1
105490,24170,Books,Debit Card,412.45,4,17.1,2.0,7,1,0.143,1
105491,24228,Fashion,Wallet,307.09,2,6.1,2.0,3,1,0.333,0
105492,24030,Beauty,Debit Card,1001.4,2,5.6,5.0,6,0,0.0,0
105493,26602,Home,Debit Card,506.57,4,15.1,3.0,3,0,0.0,0
105494,21413,Fashion,COD,4071.1,6,11.2,6.0,3,0,0.0,1
105495,28679,Electronics,UPI,537.57,3,11.0,9.0,3,2,0.667,0
105496,24096,Electronics,UPI,769.97,2,1.6,5.0,4,1,0.25,1
105497,24525,Home,Credit Card,1467.55,6,11.6,9.0,6,2,0.333,0
105498,25558,Beauty,Debit Card,497.18,2,27.9,6.0,4,0,0.0,0
105499,25205,Home,Credit Card,375.8,7,1.1,7.0,2,0,0.0,0
105500,28285,Home,Wallet,1057.69,3,5.0,1.0,4,3,0.75,0
105501,20770,Electronics,Debit Card,346.56,1,8.5,6.0,3,0,0.0,0
105502,27174,Fashion,COD,584.01,1,13.9,6.0,6,2,0.333,0
105503,26492,Fashion,UPI,1012.07,4,1.1,4.0,3,0,0.0,1
105504,27741,Electronics,Debit Card,1275.54,4,24.7,9.0,4,1,0.25,1
105505,26409,Electronics,UPI,2407.7,3,0.5,4.0,6,0,0.0,0
105506,21093,Fashion,COD,554.94,2,23.4,1.0,1,1,1.0,1
105507,27237,Electronics,COD,919.12,5,0.3,7.0,4,1,0.25,0
105508,24466,Electronics,Credit Card,400.88,4,2.0,2.0,4,1,0.25,0
105509,25296,Fashion,Debit Card,1083.13,5,19.3,5.0,2,1,0.5,1
105510,26573,Electronics,Debit Card,1392.8,4,23.6,8.0,3,0,0.0,0
105511,25589,Fashion,Credit Card,576.21,2,48.4,6.0,0,0,0.0,1
105512,22979,Books,UPI,1210.95,3,1.5,4.0,4,2,0.5,0
105513,21081,Beauty,COD,847.93,3,9.0,4.0,7,0,0.0,1
105514,23936,Home,Debit Card,498.59,4,1.0,8.0,4,1,0.25,0
105515,25246,Fashion,UPI,1137.4,3,2.0,2.0,5,2,0.4,1
105516,25020,Beauty,UPI,680.67,2,2.3,7.0,7,0,0.0,0
105517,25672,Beauty,Debit Card,1172.39,4,0.8,10.0,5,0,0.0,0
105518,25974,Beauty,Credit Card,387.54,1,26.8,6.0,4,1,0.25,0
105519,20025,Fashion,UPI,636.55,3,1.6,4.0,3,0,0.0,0
105520,27870,Home,COD,1036.65,3,11.9,5.0,4,2,0.5,1
105521,21179,Beauty,UPI,821.35,3,11.8,4.0,5,0,0.0,0
105522,27732,Home,Credit Card,2167.09,2,2.7,4.0,3,0,0.0,0
105523,24810,Home,Credit Card,1243.66,2,60.0,5.0,3,1,0.333,1
105524,24593,Electronics,Credit Card,1688.71,5,5.1,6.0,5,2,0.4,1
105525,24812,Electronics,UPI,692.35,2,28.3,9.0,3,0,0.0,1
105526,28847,Fashion,COD,279.69,3,35.5,1.0,3,0,0.0,0
105527,22762,Home,Credit Card,335.44,1,35.7,1.0,7,0,0.0,0
105528,26629,Fashion,COD,522.28,2,16.8,9.0,5,0,0.0,1
105529,24911,Electronics,UPI,653.0,2,3.5,5.0,3,0,0.0,0
105530,28946,Fashion,UPI,754.88,2,1.5,5.0,4,0,0.0,0
105531,27650,Electronics,Wallet,807.26,1,10.1,6.0,3,0,0.0,0
105532,21425,Fashion,Credit Card,907.29,2,5.4,5.0,4,0,0.0,0
105533,27838,Home,Wallet,1890.94,3,21.3,9.0,1,1,1.0,1
105534,26387,Beauty,Credit Card,638.7,2,16.4,6.0,7,0,0.0,1
105535,20710,Fashion,Debit Card,1270.85,4,3.9,4.0,3,1,0.333,1
105536,22302,Fashion,COD,1159.35,3,0.2,4.0,6,1,0.167,0
105537,21042,Fashion,Wallet,892.48,2,3.3,5.0,3,1,0.333,1
105538,24944,Beauty,UPI,2878.47,6,10.0,3.0,5,1,0.2,0
105539,22073,Electronics,UPI,1247.43,2,1.0,9.0,1,0,0.0,0
105540,27298,Electronics,UPI,551.74,5,12.9,5.0,5,2,0.4,1
105541,20746,Fashion,COD,719.08,2,13.4,2.0,3,0,0.0,1
105542,26600,Home,Credit Card,1207.53,5,2.2,6.0,6,2,0.333,0
105543,27969,Beauty,COD,3429.71,3,10.9,8.0,3,2,0.667,1
105544,20997,Beauty,Debit Card,773.89,3,11.2,7.0,4,2,0.5,1
105545,21589,Home,Debit Card,739.81,6,7.8,3.0,6,3,0.5,0
105546,21530,Fashion,Debit Card,1226.97,3,36.8,3.0,6,0,0.0,0
105547,27102,Fashion,UPI,1037.7,2,1.4,8.0,5,0,0.0,0
105548,20386,Fashion,Wallet,736.8,2,6.3,1.0,3,0,0.0,0
105549,28409,Fashion,UPI,826.46,3,25.7,6.0,0,0,0.0,1
105550,22803,Fashion,Wallet,1924.63,4,5.9,4.0,5,2,0.4,0
105551,27058,Fashion,Credit Card,565.18,3,6.6,8.0,1,0,0.0,0
105552,26068,Electronics,UPI,992.42,5,13.2,3.0,3,0,0.0,0
105553,25589,Books,COD,689.53,3,13.1,3.0,1,0,0.0,0
105554,21541,Home,UPI,2571.43,6,0.3,6.0,5,0,0.0,0
105555,25608,Beauty,UPI,1292.64,4,7.3,7.0,2,1,0.5,0
105556,20927,Home,UPI,760.49,7,4.9,8.0,5,1,0.2,0
105557,20132,Fashion,COD,431.76,2,11.9,6.0,4,0,0.0,0
105558,27410,Home,COD,2902.58,3,9.7,6.0,3,0,0.0,0
105559,24070,Fashion,Credit Card,1806.66,3,12.6,7.0,3,1,0.333,0
105560,28294,Home,COD,1562.8,3,12.7,2.0,5,0,0.0,0
105561,20013,Electronics,Debit Card,1097.18,4,3.5,3.0,7,0,0.0,0
105562,23686,Books,Credit Card,1346.26,1,3.4,2.0,4,2,0.5,1
105563,25895,Fashion,COD,280.89,1,5.5,1.0,3,0,0.0,0
105564,23626,Fashion,Debit Card,1481.91,3,3.3,7.0,3,3,1.0,1
105565,28827,Books,COD,722.95,3,13.8,8.0,8,2,0.25,0
105566,27970,Fashion,Credit Card,663.31,2,11.1,6.0,3,0,0.0,1
105567,25441,Home,Credit Card,1683.48,4,2.9,6.0,5,0,0.0,1
105568,26651,Home,Debit Card,706.58,2,25.9,5.0,6,0,0.0,1
105569,24999,Beauty,Credit Card,726.68,3,7.4,5.0,6,0,0.0,0
105570,26251,Books,COD,572.19,2,1.6,9.0,4,0,0.0,0
105571,23894,Books,Credit Card,286.43,3,2.9,8.0,8,0,0.0,0
105572,20417,Fashion,Debit Card,1491.04,3,9.3,4.0,2,1,0.5,0
105573,22073,Beauty,Credit Card,515.6,3,5.0,7.0,4,0,0.0,0
105574,24413,Home,Debit Card,2876.56,3,22.9,8.0,4,0,0.0,0
105575,24241,Home,COD,916.52,4,8.2,6.0,2,0,0.0,0
105576,28455,Fashion,Credit Card,1689.58,2,29.6,6.0,8,1,0.125,1
105577,23378,Home,UPI,367.87,4,1.3,6.0,3,1,0.333,0
105578,25094,Books,Wallet,1888.63,5,13.3,2.0,5,2,0.4,0
105579,28298,Books,UPI,2203.61,5,26.0,2.0,3,0,0.0,0
105580,23045,Electronics,COD,2062.03,3,4.2,7.0,4,0,0.0,0
105581,26950,Fashion,Credit Card,217.71,1,1.7,3.0,2,0,0.0,0
105582,25179,Electronics,Credit Card,714.45,4,7.3,2.0,3,0,0.0,0
105583,24210,Beauty,COD,1539.25,4,39.0,1.0,6,2,0.333,1
105584,27793,Home,UPI,1031.09,3,12.0,4.0,5,2,0.4,0
105585,24466,Electronics,UPI,918.36,2,12.4,6.0,5,1,0.2,1
105586,24653,Fashion,UPI,438.71,1,13.4,6.0,2,1,0.5,1
105587,28967,Electronics,Debit Card,3382.46,6,0.5,7.0,5,0,0.0,0
105588,25707,Electronics,Credit Card,2604.72,1,7.1,4.0,2,1,0.5,1
105589,24642,Books,COD,579.63,1,1.0,5.0,0,0,0.0,0
105590,23949,Home,UPI,1010.93,2,4.6,7.0,3,1,0.333,1
105591,28875,Electronics,Debit Card,975.6,3,20.7,6.0,9,1,0.111,0
105592,20535,Electronics,COD,1664.04,2,12.8,4.0,5,2,0.4,1
105593,20952,Fashion,Debit Card,2193.71,6,60.0,6.0,0,0,0.0,0
105594,25263,Books,Debit Card,406.16,2,2.3,1.0,2,0,0.0,0
105595,21579,Electronics,COD,653.07,3,6.1,5.0,2,0,0.0,1
105596,23045,Electronics,COD,594.41,4,19.9,4.0,5,1,0.2,0
105597,28946,Electronics,UPI,3879.52,2,2.9,8.0,1,0,0.0,1
105598,23973,Home,Credit Card,1127.5,2,2.0,3.0,4,3,0.75,1
105599,28359,Home,Credit Card,538.7,2,6.7,5.0,6,0,0.0,0
105600,24710,Home,UPI,628.9,3,5.8,4.0,7,3,0.429,1
105601,26497,Fashion,Debit Card,1248.52,2,47.1,4.0,2,0,0.0,1
105602,24853,Electronics,COD,1874.5,4,7.3,6.0,3,0,0.0,1
105603,22170,Fashion,Wallet,1243.19,2,23.7,4.0,4,0,0.0,0
105604,21813,Home,COD,943.3,5,26.3,9.0,10,0,0.0,1
105605,20252,Fashion,Debit Card,925.26,2,2.1,1.0,3,0,0.0,0
105606,23462,Home,COD,1164.09,4,15.1,6.0,4,0,0.0,0
105607,26765,Beauty,Debit Card,621.04,4,3.9,5.0,3,0,0.0,0
105608,27124,Beauty,Credit Card,624.69,4,1.2,5.0,5,0,0.0,0
105609,26919,Electronics,Credit Card,1394.55,4,24.9,6.0,5,3,0.6,1
105610,22303,Electronics,Debit Card,866.48,2,4.2,7.0,4,0,0.0,1
105611,28836,Fashion,Wallet,1314.64,3,5.1,6.0,0,0,0.0,0
105612,24877,Home,Credit Card,1516.14,3,4.7,7.0,5,0,0.0,0
105613,21968,Beauty,Credit Card,1338.93,1,2.7,5.0,5,1,0.2,0
105614,20513,Fashion,Wallet,592.15,3,6.8,3.0,2,0,0.0,1
105615,22060,Electronics,Credit Card,1124.07,2,6.7,5.0,6,0,0.0,0
105616,27253,Beauty,COD,1207.24,2,6.3,8.0,7,0,0.0,1
105617,20394,Beauty,Debit Card,451.57,1,29.8,4.0,2,0,0.0,1
105618,20232,Fashion,Credit Card,828.56,2,5.0,3.0,2,0,0.0,0
105619,28451,Home,Wallet,794.23,3,0.4,6.0,4,1,0.25,1
105620,25066,Fashion,Credit Card,4726.94,6,2.4,6.0,4,1,0.25,0
105621,23395,Fashion,UPI,820.15,2,15.3,3.0,3,2,0.667,0
105622,25240,Books,Credit Card,1428.03,4,10.7,4.0,7,0,0.0,0
105623,26838,Beauty,Credit Card,1229.75,7,36.4,5.0,3,1,0.333,0
105624,26534,Beauty,Credit Card,707.35,3,14.2,5.0,0,0,0.0,0
105625,28367,Fashion,Credit Card,352.61,2,2.6,6.0,3,0,0.0,0
105626,20313,Beauty,Credit Card,1489.95,2,1.5,4.0,1,0,0.0,0
105627,24851,Electronics,COD,1221.26,2,8.8,7.0,10,0,0.0,0
105628,23440,Electronics,Debit Card,909.13,4,13.1,4.0,3,0,0.0,0
105629,25594,Electronics,Debit Card,549.54,3,2.2,9.0,4,0,0.0,0
105630,27934,Fashion,Debit Card,857.93,2,11.0,9.0,9,0,0.0,0
105631,27333,Beauty,Wallet,699.73,3,24.0,3.0,4,0,0.0,0
105632,26255,Home,Wallet,1167.54,6,15.6,2.0,5,1,0.2,0
105633,20268,Fashion,UPI,570.54,5,13.1,7.0,2,0,0.0,0
105634,21877,Fashion,COD,877.27,2,18.7,6.0,8,1,0.125,1
105635,27861,Fashion,Debit Card,1255.58,4,1.3,6.0,1,0,0.0,0
105636,28740,Fashion,Debit Card,1819.18,3,2.7,4.0,5,2,0.4,1
105637,20918,Home,UPI,861.66,3,0.5,5.0,4,2,0.5,1
105638,22130,Beauty,UPI,891.59,4,1.9,4.0,1,0,0.0,0
105639,27173,Fashion,Debit Card,370.65,3,29.3,6.0,4,0,0.0,1
105640,23447,Fashion,Debit Card,2981.84,8,3.0,2.0,7,1,0.143,0
105641,24747,Home,Wallet,1860.95,4,13.0,5.0,6,2,0.333,0
105642,27469,Beauty,COD,959.63,3,14.1,2.0,5,0,0.0,0
105643,27051,Electronics,Debit Card,490.59,4,12.4,4.0,7,2,0.286,0
105644,22247,Electronics,UPI,455.13,3,9.7,5.0,3,1,0.333,0
105645,24380,Home,Credit Card,392.19,1,8.0,6.0,3,0,0.0,0
105646,24220,Fashion,Credit Card,971.79,1,6.5,6.0,3,1,0.333,0
105647,23180,Fashion,Debit Card,916.7,2,29.9,7.0,3,1,0.333,1
105648,27777,Home,Debit Card,444.58,4,0.1,2.0,8,1,0.125,0
105649,25696,Home,Credit Card,1388.08,4,0.7,8.0,3,0,0.0,0
105650,24652,Home,COD,465.49,2,8.1,4.0,2,0,0.0,0
105651,27859,Home,Debit Card,890.15,5,4.8,4.0,2,0,0.0,0
105652,23036,Home,UPI,975.59,1,6.3,6.0,4,0,0.0,0
105653,25549,Fashion,Credit Card,1493.1,3,60.0,4.0,3,1,0.333,1
105654,24920,Electronics,Credit Card,1049.28,1,17.9,6.0,1,0,0.0,0
105655,22671,Fashion,COD,1519.05,8,25.2,6.0,1,0,0.0,0
105656,20166,Fashion,UPI,1308.18,2,5.5,3.0,1,0,0.0,0
105657,28209,Home,Wallet,541.8,2,3.3,5.0,1,0,0.0,0
105658,22445,Beauty,Wallet,1142.92,6,17.5,5.0,5,0,0.0,0
105659,23231,Books,Debit Card,775.52,3,19.8,7.0,4,1,0.25,0
105660,26911,Home,Debit Card,1104.85,4,9.6,4.0,3,1,0.333,1
105661,28995,Fashion,COD,355.91,2,27.2,4.0,4,0,0.0,0
105662,28301,Fashion,Wallet,951.6,4,41.1,3.0,7,1,0.143,0
105663,22908,Beauty,UPI,1840.09,2,7.6,3.0,2,0,0.0,0
105664,28604,Home,COD,632.2,5,3.0,2.0,7,1,0.143,0
105665,27255,Home,COD,346.88,2,8.7,3.0,3,2,0.667,0
105666,21594,Beauty,Debit Card,257.44,1,54.7,9.0,7,0,0.0,0
105667,22916,Home,UPI,4658.37,3,4.2,7.0,4,1,0.25,0
105668,20661,Beauty,COD,1246.65,3,11.5,8.0,3,0,0.0,1
105669,20893,Fashion,UPI,1035.42,5,14.2,3.0,6,0,0.0,0
105670,27681,Home,Credit Card,1268.65,5,2.9,1.0,4,0,0.0,0
105671,27191,Beauty,Debit Card,1395.91,5,10.7,6.0,3,0,0.0,0
105672,26206,Fashion,Credit Card,524.43,2,4.5,9.0,1,0,0.0,1
105673,27133,Home,Credit Card,691.58,3,23.1,4.0,5,0,0.0,0
105674,20822,Electronics,Wallet,858.08,3,15.1,5.0,11,0,0.0,1
105675,27587,Books,Credit Card,610.61,3,21.0,2.0,3,1,0.333,0
105676,23045,Fashion,Credit Card,606.93,2,2.7,5.0,6,2,0.333,0
105677,28499,Home,Debit Card,1165.8,3,0.4,5.0,3,0,0.0,0
105678,27769,Fashion,UPI,733.32,6,22.8,1.0,6,0,0.0,1
105679,25570,Home,UPI,5829.51,5,5.9,3.0,4,0,0.0,1
105680,20618,Fashion,Credit Card,1210.11,2,2.4,3.0,4,2,0.5,1
105681,20679,Fashion,Credit Card,359.43,2,1.2,2.0,5,1,0.2,0
105682,25242,Electronics,Credit Card,213.27,3,8.7,3.0,3,1,0.333,0
105683,27256,Books,UPI,360.5,1,2.0,6.0,4,0,0.0,0
105684,20702,Fashion,Credit Card,1642.15,4,10.0,4.0,5,0,0.0,1
105685,22665,Fashion,Wallet,1634.35,5,15.6,8.0,5,0,0.0,0
105686,24262,Beauty,Debit Card,882.53,3,9.2,4.0,4,1,0.25,0
105687,28734,Electronics,Credit Card,657.5,3,28.1,6.0,3,1,0.333,1
105688,21936,Books,UPI,707.86,5,2.0,6.0,5,5,1.0,1
105689,21911,Fashion,Debit Card,427.71,1,8.2,8.0,4,1,0.25,0
105690,25029,Home,UPI,593.31,4,2.1,3.0,6,0,0.0,0
105691,21246,Fashion,Credit Card,428.66,1,25.0,6.0,8,1,0.125,0
105692,23758,Fashion,UPI,1711.53,2,32.3,3.0,3,1,0.333,1
105693,22062,Home,COD,342.84,1,6.1,9.0,3,0,0.0,1
105694,27494,Home,Wallet,1571.33,4,4.4,3.0,1,0,0.0,1
105695,26060,Beauty,Credit Card,1925.18,5,3.9,6.0,6,1,0.167,1
105696,28255,Electronics,Debit Card,569.86,4,23.6,8.0,6,0,0.0,0
105697,24425,Electronics,Debit Card,464.31,2,13.8,2.0,5,1,0.2,0
105698,28116,Electronics,Wallet,2068.36,4,25.5,6.0,8,5,0.625,1
105699,26792,Books,Wallet,441.91,2,1.5,3.0,7,0,0.0,0
105700,28879,Fashion,Credit Card,1052.22,4,7.8,10.0,8,0,0.0,1
105701,25098,Fashion,Credit Card,4899.78,7,13.5,1.0,3,0,0.0,0
105702,25802,Electronics,Debit Card,2192.11,5,27.3,2.0,3,0,0.0,0
105703,28064,Home,Credit Card,573.14,1,5.8,3.0,3,0,0.0,0
105704,23481,Fashion,Debit Card,1275.4,2,4.5,3.0,5,0,0.0,0
105705,20540,Books,Credit Card,744.73,2,29.3,6.0,8,1,0.125,0
105706,25293,Fashion,UPI,1737.57,3,0.6,9.0,3,0,0.0,0
105707,23295,Beauty,Wallet,319.06,4,7.8,8.0,5,0,0.0,0
105708,20603,Fashion,Wallet,708.4,2,7.4,6.0,5,0,0.0,1
105709,23927,Home,Debit Card,348.25,5,1.9,5.0,1,1,1.0,1
105710,22668,Books,UPI,599.93,1,6.0,4.0,4,2,0.5,1
105711,28601,Fashion,COD,1250.44,7,15.4,6.0,7,0,0.0,1
105712,21990,Books,Credit Card,1232.05,1,5.5,5.0,4,1,0.25,0
105713,20172,Electronics,UPI,1445.78,3,4.4,5.0,2,0,0.0,0
105714,26976,Books,Debit Card,888.08,5,18.3,3.0,2,0,0.0,0
105715,22134,Home,Credit Card,853.56,4,53.8,2.0,8,1,0.125,0
105716,26441,Electronics,Debit Card,967.77,2,18.1,5.0,6,2,0.333,1
105717,20629,Fashion,Credit Card,772.48,4,22.5,5.0,2,0,0.0,0
105718,27878,Electronics,UPI,1068.19,4,33.7,4.0,5,2,0.4,1
105719,21933,Fashion,Credit Card,2399.86,4,19.4,3.0,5,0,0.0,1
105720,23006,Fashion,Debit Card,740.44,5,47.2,6.0,1,1,1.0,1
105721,24634,Fashion,Credit Card,588.73,2,16.5,6.0,2,2,1.0,1
105722,24218,Electronics,COD,905.68,4,13.0,9.0,5,0,0.0,1
105723,25759,Beauty,Debit Card,7244.45,4,14.2,8.0,1,0,0.0,0
105724,23940,Fashion,UPI,1109.34,2,27.6,2.0,4,1,0.25,1
105725,27002,Fashion,UPI,2401.77,5,13.8,5.0,4,0,0.0,1
105726,21165,Home,Debit Card,1495.45,3,17.2,2.0,2,1,0.5,1
105727,27196,Fashion,Credit Card,2201.99,6,2.9,1.0,7,0,0.0,0
105728,22596,Fashion,UPI,723.53,1,29.3,10.0,1,0,0.0,0
105729,26097,Fashion,Credit Card,958.85,2,7.1,8.0,3,0,0.0,1
105730,28853,Books,Credit Card,509.93,5,2.1,4.0,2,0,0.0,0
105731,27069,Beauty,UPI,1350.01,4,19.3,8.0,2,0,0.0,0
105732,26271,Electronics,Credit Card,883.86,3,5.3,8.0,4,0,0.0,0
105733,24875,Home,Debit Card,1308.43,3,2.4,1.0,7,0,0.0,0
105734,27905,Electronics,Debit Card,521.9,1,3.6,7.0,2,0,0.0,1
105735,26073,Home,Debit Card,1721.66,4,0.4,4.0,4,0,0.0,0
105736,25359,Home,UPI,1353.61,2,1.1,6.0,5,2,0.4,1
105737,27953,Home,UPI,94.89,1,10.8,12.0,1,0,0.0,0
105738,22748,Fashion,UPI,727.03,3,24.1,8.0,0,0,0.0,1
105739,24632,Fashion,UPI,309.47,3,7.1,5.0,4,1,0.25,0
105740,20932,Electronics,Debit Card,628.52,1,11.8,8.0,1,0,0.0,0
105741,20075,Beauty,Debit Card,909.34,4,19.9,1.0,4,0,0.0,0
105742,22982,Home,Debit Card,1737.27,2,5.3,6.0,5,1,0.2,0
105743,24373,Beauty,Debit Card,1068.12,3,12.7,6.0,9,2,0.222,0
105744,28394,Books,Wallet,813.89,4,5.2,7.0,3,0,0.0,0
105745,21343,Fashion,COD,1352.51,2,12.4,,2,0,0.0,0
105746,26993,Home,Credit Card,636.29,2,2.9,6.0,3,0,0.0,0
105747,21272,Home,Credit Card,807.83,4,45.7,7.0,3,1,0.333,1
105748,25875,Books,Credit Card,1379.29,4,1.0,1.0,7,1,0.143,0
105749,28811,Books,Credit Card,2482.67,3,8.4,4.0,5,2,0.4,0
105750,23894,Home,Credit Card,2226.11,6,4.0,3.0,5,2,0.4,0
105751,27106,Fashion,UPI,1530.43,4,11.0,6.0,5,0,0.0,0
105752,27306,Beauty,COD,4914.16,3,6.7,8.0,5,3,0.6,1
105753,25787,Fashion,UPI,607.81,3,4.4,4.0,2,1,0.5,1
105754,26082,Beauty,Credit Card,599.73,3,3.5,3.0,3,0,0.0,0
105755,21195,Books,Debit Card,1455.67,6,2.4,5.0,3,0,0.0,0
105756,27502,Electronics,UPI,2340.97,3,18.3,2.0,7,5,0.714,1
105757,28526,Home,COD,309.51,1,3.0,5.0,5,0,0.0,0
105758,21808,Electronics,COD,4413.68,8,17.8,4.0,9,2,0.222,0
105759,26621,Electronics,Wallet,513.5,5,8.0,6.0,4,0,0.0,0
105760,22087,Electronics,UPI,716.12,2,0.9,6.0,7,0,0.0,1
105761,27984,Beauty,UPI,1480.24,6,2.2,,2,0,0.0,0
105762,20586,Books,Credit Card,320.67,1,26.8,9.0,2,0,0.0,0
105763,22356,Books,UPI,838.81,5,11.1,6.0,5,0,0.0,0
105764,21744,Fashion,Credit Card,1963.92,5,2.4,4.0,7,0,0.0,0
105765,21088,Beauty,Debit Card,2240.02,3,14.6,4.0,8,0,0.0,1
105766,24992,Home,UPI,342.39,5,20.8,3.0,4,0,0.0,1
105767,20934,Fashion,Credit Card,606.77,1,4.8,3.0,4,0,0.0,1
105768,25405,Fashion,Credit Card,881.23,3,9.8,2.0,3,1,0.333,0
105769,20211,Fashion,Credit Card,1006.01,3,4.2,7.0,7,0,0.0,0
105770,24522,Books,Credit Card,779.96,3,1.0,3.0,2,0,0.0,0
105771,23350,Home,Credit Card,561.4,5,6.1,6.0,3,1,0.333,1
105772,28953,Home,Credit Card,3072.04,5,16.7,4.0,10,1,0.1,0
105773,28436,Fashion,Credit Card,1091.82,1,7.4,5.0,2,0,0.0,1
105774,24587,Home,Credit Card,886.17,3,6.2,8.0,6,0,0.0,1
105775,20030,Fashion,Wallet,812.54,4,5.5,5.0,5,0,0.0,0
105776,25078,Electronics,Debit Card,534.27,2,7.4,3.0,7,0,0.0,0
105777,25828,Home,Credit Card,115.42,1,4.6,4.0,7,1,0.143,0
105778,25942,Fashion,UPI,673.37,1,11.4,7.0,5,0,0.0,0
105779,23461,Beauty,COD,869.74,1,0.8,,4,1,0.25,0
105780,28494,Fashion,UPI,1024.59,3,19.8,7.0,6,0,0.0,1
105781,26160,Home,Debit Card,731.26,2,2.3,4.0,5,1,0.2,0
105782,22166,Electronics,UPI,834.31,2,12.0,2.0,3,1,0.333,0
105783,27592,Home,UPI,461.57,2,7.2,6.0,2,0,0.0,1
105784,28247,Fashion,UPI,570.69,2,17.8,6.0,5,1,0.2,0
105785,20762,Fashion,UPI,1102.04,5,21.0,6.0,2,0,0.0,1
105786,26470,Books,COD,1169.79,2,2.7,2.0,4,0,0.0,0
105787,20135,Fashion,COD,1761.44,2,13.6,4.0,4,0,0.0,0
105788,20928,Beauty,UPI,671.21,2,2.5,3.0,4,1,0.25,1
105789,26464,Books,Debit Card,411.46,2,1.6,6.0,6,3,0.5,1
105790,25662,Fashion,UPI,1244.02,5,32.0,6.0,1,1,1.0,1
105791,28651,Fashion,COD,2574.65,2,2.2,5.0,6,0,0.0,1
105792,25613,Home,Credit Card,750.84,6,3.1,7.0,9,1,0.111,0
105793,21202,Books,Wallet,926.58,1,1.7,8.0,2,2,1.0,0
105794,25258,Books,Credit Card,2102.5,3,7.6,6.0,2,0,0.0,0
105795,26050,Electronics,Debit Card,620.52,2,30.2,6.0,8,1,0.125,0
105796,23939,Beauty,COD,715.31,4,3.7,4.0,4,1,0.25,0
105797,27859,Fashion,Credit Card,768.91,1,9.4,3.0,1,0,0.0,0
105798,23660,Books,Debit Card,1505.15,5,6.4,7.0,3,0,0.0,0
105799,25030,Books,Credit Card,1652.45,4,4.9,3.0,2,0,0.0,1
105800,25955,Fashion,Debit Card,3779.6,4,10.2,7.0,7,0,0.0,0
105801,25748,Fashion,Credit Card,1042.66,3,9.8,9.0,5,0,0.0,1
105802,20003,Fashion,Debit Card,461.26,3,5.3,6.0,5,1,0.2,0
105803,28711,Fashion,Debit Card,1133.57,4,22.8,5.0,7,1,0.143,1
105804,25806,Beauty,Wallet,1259.01,4,0.7,2.0,2,0,0.0,0
105805,24155,Electronics,Wallet,1647.27,2,1.1,5.0,4,1,0.25,0
105806,24488,Fashion,Credit Card,483.93,1,56.2,7.0,3,0,0.0,1
105807,20623,Electronics,UPI,737.94,3,16.5,5.0,6,1,0.167,0
105808,24971,Books,Credit Card,585.91,6,19.6,7.0,9,1,0.111,0
105809,21731,Home,Credit Card,1309.96,3,11.1,6.0,3,0,0.0,0
105810,26307,Electronics,Credit Card,7032.03,3,6.5,6.0,8,1,0.125,0
105811,26358,Fashion,Wallet,825.3,3,11.9,4.0,6,2,0.333,1
105812,21189,Books,Wallet,714.21,1,1.2,2.0,3,1,0.333,0
105813,25395,Beauty,Credit Card,554.39,2,17.0,4.0,4,1,0.25,1
105814,21630,Fashion,Credit Card,252.45,1,9.3,4.0,5,0,0.0,0
105815,21665,Fashion,Credit Card,1223.96,3,37.7,6.0,4,3,0.75,1
105816,20591,Fashion,UPI,1356.68,6,12.2,5.0,2,0,0.0,1
105817,22949,Fashion,UPI,184.06,2,2.0,7.0,6,1,0.167,0
105818,24837,Home,Credit Card,2023.51,2,7.8,6.0,7,0,0.0,0
105819,28825,Books,COD,1397.9,4,0.7,4.0,4,1,0.25,0
105820,28749,Electronics,Debit Card,985.99,3,16.4,3.0,3,0,0.0,0
105821,28569,Beauty,Wallet,732.25,3,8.4,4.0,3,0,0.0,0
105822,26182,Electronics,UPI,1202.89,3,5.5,5.0,3,0,0.0,0
105823,28967,Home,Debit Card,1427.94,4,41.5,4.0,6,1,0.167,1
105824,27688,Home,COD,1200.03,3,33.9,3.0,4,0,0.0,0
105825,22715,Fashion,COD,1790.23,3,36.6,7.0,1,0,0.0,0
105826,25503,Electronics,Debit Card,2369.21,4,3.0,5.0,4,2,0.5,0
105827,20215,Home,Debit Card,3142.15,3,15.6,6.0,4,1,0.25,1
105828,22492,Fashion,Wallet,570.89,3,34.9,3.0,4,2,0.5,0
105829,27571,Electronics,Credit Card,863.22,5,10.2,3.0,10,3,0.3,0
105830,22611,Electronics,Credit Card,956.5,2,2.9,,3,2,0.667,0
105831,26966,Books,Debit Card,682.45,4,20.4,1.0,5,0,0.0,0
105832,22558,Electronics,COD,840.43,5,25.4,7.0,4,0,0.0,1
105833,28442,Beauty,COD,1254.44,3,14.6,3.0,1,0,0.0,1
105834,24968,Electronics,Wallet,1869.92,4,4.2,4.0,6,0,0.0,0
105835,25861,Beauty,UPI,2028.12,3,2.5,6.0,2,0,0.0,0
105836,23036,Home,Credit Card,970.27,4,11.7,5.0,6,0,0.0,0
105837,26591,Beauty,UPI,1902.35,7,7.9,2.0,5,0,0.0,0
105838,24496,Electronics,COD,1408.63,5,13.3,8.0,0,0,0.0,0
105839,27214,Home,Credit Card,953.27,3,1.4,2.0,5,2,0.4,0
105840,27628,Home,Credit Card,471.99,2,1.8,1.0,4,0,0.0,0
105841,23446,Electronics,Credit Card,618.45,4,5.4,7.0,5,3,0.6,0
105842,23985,Fashion,UPI,1148.92,2,3.6,2.0,4,0,0.0,0
105843,27048,Fashion,COD,467.26,2,11.6,8.0,3,0,0.0,1
105844,26365,Fashion,UPI,265.18,2,5.5,6.0,2,0,0.0,0
105845,26602,Beauty,Wallet,1068.58,4,13.8,6.0,1,0,0.0,1
105846,22609,Fashion,Credit Card,2258.49,3,17.6,4.0,4,2,0.5,1
105847,21597,Fashion,Wallet,143.98,2,2.5,3.0,2,0,0.0,0
105848,21928,Home,COD,458.06,1,30.3,4.0,10,2,0.2,0
105849,28716,Electronics,Debit Card,816.58,1,18.6,3.0,6,0,0.0,1
105850,20493,Electronics,Wallet,315.83,3,11.8,8.0,4,2,0.5,1
105851,23466,Fashion,Debit Card,677.61,2,28.8,3.0,6,0,0.0,1
105852,26359,Books,COD,549.76,4,3.7,6.0,5,0,0.0,0
105853,23123,Beauty,COD,515.43,3,6.6,7.0,4,1,0.25,0
105854,28944,Beauty,COD,855.51,4,1.1,3.0,5,1,0.2,0
105855,20348,Electronics,UPI,555.16,4,7.3,6.0,9,0,0.0,0
105856,20408,Beauty,Credit Card,590.48,5,8.5,3.0,3,0,0.0,0
105857,24365,Fashion,UPI,1051.12,4,11.5,5.0,3,0,0.0,0
105858,25690,Fashion,Debit Card,4144.06,4,0.8,4.0,2,1,0.5,0
105859,27703,Fashion,COD,1213.45,2,0.4,3.0,6,0,0.0,0
105860,20143,Home,COD,2641.96,7,6.5,5.0,3,0,0.0,0
105861,28682,Electronics,Wallet,1242.56,2,2.5,2.0,7,0,0.0,0
105862,28497,Electronics,Credit Card,620.67,3,17.1,7.0,1,0,0.0,0
105863,21642,Fashion,COD,1312.44,4,13.3,3.0,8,0,0.0,0
105864,23982,Electronics,Wallet,1822.42,3,4.7,2.0,3,0,0.0,0
105865,28204,Home,COD,2368.37,7,0.6,4.0,4,0,0.0,0
105866,25892,Electronics,Credit Card,1368.47,5,2.4,4.0,5,0,0.0,1
105867,28362,Home,Credit Card,1288.63,3,14.1,6.0,4,0,0.0,1
105868,21018,Fashion,Credit Card,4134.12,3,55.5,5.0,4,0,0.0,1
105869,21402,Beauty,UPI,1560.83,3,4.7,1.0,4,1,0.25,0
105870,23421,Home,UPI,1007.9,5,19.4,7.0,7,0,0.0,0
105871,22554,Fashion,Wallet,736.68,2,24.2,4.0,4,3,0.75,1
105872,24683,Fashion,Debit Card,289.31,1,0.6,6.0,4,2,0.5,0
105873,26414,Home,Debit Card,3148.86,2,29.8,10.0,3,0,0.0,0
105874,21597,Beauty,UPI,2469.15,3,7.5,8.0,4,1,0.25,0
105875,25286,Electronics,COD,991.51,3,40.0,5.0,6,1,0.167,1
105876,22176,Fashion,Wallet,3490.49,3,9.3,2.0,4,1,0.25,0
105877,27056,Beauty,COD,1779.63,5,3.2,2.0,2,0,0.0,0
105878,20246,Home,Debit Card,420.52,1,44.1,8.0,4,1,0.25,1
105879,26295,Electronics,UPI,1624.86,3,3.3,4.0,4,3,0.75,1
105880,24380,Electronics,COD,978.24,2,25.7,5.0,2,0,0.0,0
105881,24087,Fashion,Debit Card,1559.34,3,2.3,2.0,3,0,0.0,0
105882,22266,Home,Credit Card,338.7,2,13.5,6.0,2,0,0.0,0
105883,23419,Electronics,Credit Card,669.79,4,6.4,8.0,3,0,0.0,0
105884,25130,Books,Credit Card,2974.41,5,42.9,8.0,5,0,0.0,1
105885,27911,Electronics,UPI,2126.98,2,2.5,4.0,5,3,0.6,1
105886,22308,Electronics,Credit Card,1800.18,2,6.3,6.0,5,3,0.6,1
105887,25549,Home,Credit Card,3570.62,3,12.3,5.0,3,1,0.333,1
105888,25906,Books,Debit Card,2177.96,8,45.6,7.0,3,0,0.0,0
105889,22537,Beauty,UPI,1278.64,3,4.3,5.0,2,0,0.0,0
105890,24983,Electronics,Debit Card,629.69,4,6.1,3.0,4,0,0.0,0
105891,25751,Home,UPI,768.8,4,7.4,8.0,1,1,1.0,0
105892,26257,Home,Credit Card,233.6,2,3.5,5.0,4,1,0.25,0
105893,24827,Electronics,Credit Card,449.04,1,20.4,4.0,6,2,0.333,1
105894,25753,Fashion,Debit Card,223.96,2,1.2,5.0,7,1,0.143,1
105895,21905,Electronics,Debit Card,1473.14,2,14.6,3.0,7,1,0.143,0
105896,28283,Fashion,Debit Card,972.25,2,9.2,6.0,2,0,0.0,0
105897,24998,Books,Credit Card,228.35,2,3.3,5.0,5,1,0.2,0
105898,23880,Electronics,COD,1190.3,6,8.1,3.0,5,1,0.2,1
105899,23747,Books,UPI,4343.66,6,21.3,10.0,3,1,0.333,0
105900,23738,Electronics,Credit Card,1010.04,4,7.1,3.0,1,1,1.0,0
105901,28533,Home,Credit Card,668.94,5,1.6,6.0,3,0,0.0,0
105902,20814,Electronics,Wallet,373.1,4,0.5,5.0,1,0,0.0,0
105903,24661,Fashion,UPI,268.59,2,18.0,3.0,2,0,0.0,0
105904,21481,Electronics,Debit Card,1300.7,3,4.8,4.0,7,2,0.286,0
105905,25287,Fashion,UPI,727.04,3,32.1,2.0,5,2,0.4,0
105906,26039,Home,COD,764.11,3,11.5,10.0,5,0,0.0,0
105907,28676,Electronics,COD,728.84,3,6.9,4.0,2,0,0.0,1
105908,22630,Beauty,Debit Card,1001.25,4,10.0,5.0,5,1,0.2,1
105909,28083,Fashion,Debit Card,451.7,3,7.3,9.0,1,1,1.0,1
105910,25401,Fashion,Credit Card,1316.6,4,28.3,3.0,2,1,0.5,1
105911,24567,Electronics,Wallet,327.98,2,7.4,8.0,6,1,0.167,0
105912,23676,Books,UPI,599.32,3,1.3,6.0,6,1,0.167,0
105913,23417,Home,Credit Card,2446.41,6,10.9,1.0,4,0,0.0,0
105914,24151,Electronics,Wallet,965.16,2,11.7,4.0,2,1,0.5,1
105915,25671,Electronics,Wallet,1643.46,4,17.4,6.0,3,1,0.333,1
105916,27911,Fashion,Wallet,3427.34,3,32.5,5.0,4,1,0.25,1
105917,26972,Books,COD,910.06,3,7.0,5.0,4,1,0.25,1
105918,23641,Home,Wallet,1103.26,4,5.2,4.0,5,0,0.0,0
105919,20959,Fashion,Credit Card,657.2,2,8.1,3.0,4,1,0.25,0
105920,21184,Home,COD,933.25,5,27.7,4.0,3,2,0.667,0
105921,25350,Fashion,COD,727.44,6,46.9,9.0,3,0,0.0,0
105922,25294,Books,Credit Card,1145.49,4,42.6,3.0,7,1,0.143,0
105923,23434,Fashion,Credit Card,1347.73,4,3.1,4.0,6,1,0.167,0
105924,20453,Home,Wallet,1558.04,5,8.2,5.0,4,0,0.0,0
105925,24747,Fashion,Debit Card,1132.03,4,3.6,2.0,5,2,0.4,0
105926,25478,Home,COD,1898.56,4,5.5,6.0,6,1,0.167,1
105927,27824,Beauty,Credit Card,1239.4,5,0.4,2.0,3,0,0.0,0
105928,26976,Home,Credit Card,851.98,4,2.1,3.0,2,1,0.5,0
105929,25063,Home,Debit Card,540.83,3,6.1,3.0,4,0,0.0,0
105930,24806,Beauty,Credit Card,304.05,2,5.4,1.0,1,0,0.0,0
105931,24937,Fashion,UPI,2615.99,4,3.9,8.0,0,0,0.0,0
105932,27641,Electronics,UPI,506.31,2,3.1,6.0,2,1,0.5,1
105933,27777,Fashion,Credit Card,541.26,3,16.6,7.0,4,0,0.0,1
105934,22427,Books,Credit Card,423.89,1,4.2,7.0,3,1,0.333,0
105935,28590,Electronics,Debit Card,460.8,1,14.7,5.0,7,1,0.143,1
105936,26208,Home,Credit Card,1455.5,1,5.5,5.0,5,0,0.0,0
105937,25045,Home,COD,774.66,3,19.4,7.0,1,0,0.0,0
105938,28671,Fashion,Debit Card,5912.06,5,2.2,9.0,3,0,0.0,0
105939,20815,Fashion,Credit Card,565.79,1,2.1,2.0,5,0,0.0,0
105940,22800,Fashion,Debit Card,3741.96,4,13.7,11.0,3,0,0.0,0
105941,25906,Electronics,Credit Card,1862.18,4,29.6,2.0,7,0,0.0,0
105942,23674,Fashion,Credit Card,956.42,2,1.9,4.0,3,1,0.333,0
105943,25687,Fashion,Credit Card,2806.96,4,0.9,5.0,4,3,0.75,1
105944,28154,Beauty,COD,1510.07,2,32.7,5.0,2,0,0.0,1
105945,23658,Books,Wallet,1593.92,4,1.5,9.0,3,0,0.0,0
105946,27770,Electronics,COD,3789.02,3,3.5,7.0,8,2,0.25,0
105947,25333,Electronics,Debit Card,571.08,2,31.8,6.0,4,0,0.0,0
105948,28781,Fashion,Credit Card,793.15,7,19.5,7.0,2,1,0.5,1
105949,25314,Home,UPI,889.04,6,5.0,,7,0,0.0,0
105950,22978,Beauty,UPI,2699.09,3,37.1,4.0,6,2,0.333,1
105951,20643,Fashion,Wallet,1839.1,2,10.1,6.0,3,1,0.333,1
105952,28797,Fashion,Credit Card,561.95,2,0.9,5.0,3,0,0.0,0
105953,26238,Beauty,Credit Card,187.5,2,14.6,3.0,5,1,0.2,1
105954,24621,Home,UPI,481.3,1,9.2,8.0,7,2,0.286,1
105955,21503,Fashion,COD,513.55,3,10.2,5.0,0,0,0.0,1
105956,26967,Home,COD,572.61,2,60.0,3.0,3,1,0.333,1
105957,21252,Electronics,UPI,409.09,2,2.0,3.0,5,1,0.2,0
105958,23540,Electronics,Wallet,414.65,4,12.8,6.0,3,1,0.333,1
105959,23244,Beauty,UPI,2919.68,3,7.4,7.0,1,0,0.0,0
105960,28941,Beauty,Wallet,722.67,4,3.8,6.0,3,0,0.0,0
105961,26964,Electronics,Wallet,2201.53,3,14.2,6.0,4,0,0.0,0
105962,21977,Books,COD,674.35,2,13.2,3.0,4,0,0.0,0
105963,27460,Electronics,Debit Card,276.31,1,23.3,5.0,5,0,0.0,0
105964,27700,Beauty,Credit Card,1478.21,4,25.3,4.0,3,0,0.0,1
105965,20457,Electronics,UPI,745.96,3,9.9,5.0,3,1,0.333,1
105966,26690,Beauty,Debit Card,833.01,3,4.7,5.0,8,0,0.0,0
105967,26137,Books,COD,840.1,2,9.0,4.0,1,0,0.0,0
105968,26272,Fashion,Credit Card,579.39,3,5.3,7.0,1,0,0.0,0
105969,23020,Books,Credit Card,291.17,2,3.9,3.0,5,1,0.2,1
105970,21867,Beauty,COD,914.65,3,9.6,2.0,2,0,0.0,1
105971,23974,Beauty,Credit Card,971.02,1,12.9,3.0,6,0,0.0,0
105972,24777,Fashion,Debit Card,448.37,2,10.7,7.0,4,0,0.0,1
105973,28453,Beauty,Debit Card,1463.02,6,37.1,6.0,4,0,0.0,0
105974,24775,Beauty,UPI,1900.51,2,4.3,1.0,5,0,0.0,0
105975,27973,Fashion,Credit Card,893.77,3,5.6,,4,1,0.25,1
105976,21863,Books,COD,1146.88,4,13.2,5.0,7,1,0.143,0
105977,23968,Fashion,Debit Card,1378.85,6,11.0,4.0,3,2,0.667,0
105978,27266,Fashion,Wallet,723.24,4,0.0,4.0,4,1,0.25,0
105979,21664,Electronics,Debit Card,519.72,3,4.5,2.0,9,1,0.111,0
105980,21037,Home,Credit Card,672.61,5,3.5,5.0,1,0,0.0,0
105981,21714,Home,Credit Card,960.53,2,22.0,2.0,4,2,0.5,0
105982,27793,Fashion,Credit Card,858.1,1,24.1,4.0,5,3,0.6,1
105983,25430,Books,UPI,1528.98,3,4.0,4.0,5,1,0.2,0
105984,22619,Fashion,Credit Card,970.29,5,1.3,7.0,5,1,0.2,1
105985,22321,Fashion,Debit Card,1817.63,3,2.8,5.0,1,0,0.0,0
105986,27514,Fashion,UPI,1464.31,5,2.3,7.0,7,1,0.143,0
105987,21867,Home,Credit Card,1270.5,5,3.3,2.0,2,2,1.0,0
105988,21957,Books,Credit Card,73.43,1,3.2,5.0,5,0,0.0,0
105989,22431,Home,COD,471.6,2,7.8,6.0,5,0,0.0,0
105990,25887,Beauty,Wallet,309.18,2,4.6,8.0,5,1,0.2,0
105991,28686,Fashion,Credit Card,1586.67,4,9.8,2.0,4,0,0.0,0
105992,26402,Electronics,Credit Card,815.33,2,5.1,,3,0,0.0,0
105993,27687,Electronics,Wallet,572.47,4,20.2,6.0,3,1,0.333,1
105994,25674,Electronics,Credit Card,1132.21,3,36.1,9.0,5,0,0.0,0
105995,25467,Fashion,Wallet,518.34,5,6.2,6.0,4,0,0.0,0
105996,27530,Home,Credit Card,291.12,1,0.6,3.0,5,1,0.2,0
105997,25202,Electronics,COD,615.95,3,3.3,3.0,2,1,0.5,1
105998,26932,Beauty,Debit Card,1064.92,2,1.3,5.0,5,0,0.0,0
105999,21476,Electronics,Wallet,2819.69,5,5.1,6.0,8,1,0.125,0
106000,25400,Fashion,Debit Card,856.72,5,12.4,5.0,5,0,0.0,0
